oferta_id,sklep,produkt,marka,cena,rabat_proc,oferta_od,oferta_do,gazetka_id,gazetka_nazwa,gazetka_od,gazetka_do,strona,link,obraz,pobrano
01a0f318-01c6-722c-bf5d-21935b559c29,Biedronka,Pomidory malinowe polskie,Biedronka,5.99,,2026-10-01,2026-10-03,526611,"Od czwartku, Z ladą tradycyjną",2026-10-01,2026-10-07,1,https://blix.pl/sklep/biedronka/gazetka/526611/?pageNumber=1,https://imgproxy.blix.pl/product_occurrence//154e5baa-be9d-43ec-abc2-19cd708babd0.jpg,2026-10-01
01a0f318-01c6-73a0-bf5d-21935c287906,Biedronka,Winogrona jasne,Biedronka,5.99,,2026-10-01,2026-10-03,526611,"Od czwartku, Z ladą tradycyjną",2026-10-01,2026-10-07,1,https://blix.pl/sklep/biedronka/gazetka/526611/?pageNumber=1,https://imgproxy.blix.pl/product_occurrence//017d9ee2-14ef-473e-9326-fd848cf5b4b0.jpg,2026-10-01
01a0f318-01c6-7530-bf5d-21935d349252,Biedronka,Świeże podudzie z kurczaka,Biedronka,7.99,,2026-10-01,2026-10-03,526611,"Od czwartku, Z ladą tradycyjną",2026-10-01,2026-10-07,1,https://blix.pl/sklep/biedronka/gazetka/526611/?pageNumber=1,https://imgproxy.blix.pl/product_occurrence//13e653bd-b7b9-4bab-8c70-b73ebae41015.jpg,2026-10-01
01a0f318-01c6-7494-bf5d-21935cddb61f,Biedronka,Świeże udo z kurczaka,Biedronka,7.99,,2026-10-01,2026-10-03,526611,"Od czwartku, Z ladą tradycyjną",2026-10-01,2026-10-07,1,https://blix.pl/sklep/biedronka/gazetka/526611/?pageNumber=1,https://imgproxy.blix.pl/product_occurrence//16aa24d8-cb7e-4125-a999-3d72ad9fbcca.jpg,2026-10-01
01a0f318-01c6-75c4-bf5d-21935d67913b,Biedronka,Ser gouda w plastrach Światowid,Światowid,5.49,,2026-10-01,2026-10-03,526611,"Od czwartku, Z ladą tradycyjną",2026-10-01,2026-10-07,1,https://blix.pl/sklep/biedronka/gazetka/526611/?pageNumber=1,https://imgproxy.blix.pl/product_occurrence//d49ef16a-7768-45ba-9d41-9eccecbad385.jpg,2026-10-01
01a0f318-01c6-77f8-bf5d-21936007b07d,Biedronka,Napój gazowany Coca-Cola,Coca-Cola,6.99,,2026-10-01,2026-10-03,526611,"Od czwartku, Z ladą tradycyjną",2026-10-01,2026-10-07,1,https://blix.pl/sklep/biedronka/gazetka/526611/?pageNumber=1,https://imgproxy.blix.pl/product_occurrence//833761e4-9757-4c49-b96f-5eac92cdb1c4.jpg,2026-10-01
01a0f318-01c6-76d8-bf5d-21935e7e4e47,Biedronka,Szynka konserwowa Kraina Wędlin,Kraina Wędlin,3.79,,2026-10-01,2026-10-03,526611,"Od czwartku, Z ladą tradycyjną",2026-10-01,2026-10-07,1,https://blix.pl/sklep/biedronka/gazetka/526611/?pageNumber=1,https://imgproxy.blix.pl/product_occurrence//aaf0654f-a26f-4ac6-a9b2-86fa2f952bc5.jpg,2026-10-01
01a0f318-01c6-788c-bf5d-2193605b22c9,Biedronka,Napój gazowany Coca-Cola Zero Cukru,Coca-Cola,6.99,,2026-10-01,2026-10-03,526611,"Od czwartku, Z ladą tradycyjną",2026-10-01,2026-10-07,1,https://blix.pl/sklep/biedronka/gazetka/526611/?pageNumber=1,https://imgproxy.blix.pl/product_occurrence//092059c5-817c-4503-9f12-593b226e9c1d.jpg,2026-10-01
01a0f318-01c6-7764-bf5d-21935f0d8d90,Biedronka,Produkty Silan,Silan,,,2026-10-01,2026-10-03,526611,"Od czwartku, Z ladą tradycyjną",2026-10-01,2026-10-07,1,https://blix.pl/sklep/biedronka/gazetka/526611/?pageNumber=1,https://imgproxy.blix.pl/product_occurrence//c01952bf-8845-4e0a-8750-22b3a53277df.jpg,2026-10-01
01a0f318-01c6-7650-bf5d-21935e4778bb,Biedronka,Ser podlaski w plastrach Światowid,Światowid,5.49,,2026-10-01,2026-10-03,526611,"Od czwartku, Z ladą tradycyjną",2026-10-01,2026-10-07,1,https://blix.pl/sklep/biedronka/gazetka/526611/?pageNumber=1,https://imgproxy.blix.pl/product_occurrence//22855e4a-b1c0-42f1-8add-524fc9e9cd6e.jpg,2026-10-01
01a0f317-53d1-773a-891c-f9757dea3a54,Biedronka,"Mleko UHT Mleczna Dolina 3,2%",Mleczna Dolina,1.99,,2026-10-01,2026-10-03,526611,"Od czwartku, Z ladą tradycyjną",2026-10-01,2026-10-07,2,https://blix.pl/sklep/biedronka/gazetka/526611/?pageNumber=2,https://imgproxy.blix.pl/product_occurrence//0664c87a-5376-4bd3-bdce-3db77a7fea87.jpg,2026-10-01
01a0f317-543c-7f59-bac8-ad149149b67a,Biedronka,Ser Światowid Gouda,Światowid,5.49,,2026-10-01,2026-10-03,526611,"Od czwartku, Z ladą tradycyjną",2026-10-01,2026-10-07,3,https://blix.pl/sklep/biedronka/gazetka/526611/?pageNumber=3,https://imgproxy.blix.pl/product_occurrence//54e17259-10d6-417a-831f-2fb883e5bbc4.jpg,2026-10-01
01a0f317-543c-7ee9-bac8-ad14910b4935,Biedronka,Masło ekstra Polskie Mlekovita,Mlekovita,3.99,,2026-10-01,2026-10-03,526611,"Od czwartku, Z ladą tradycyjną",2026-10-01,2026-10-07,3,https://blix.pl/sklep/biedronka/gazetka/526611/?pageNumber=3,https://imgproxy.blix.pl/product_occurrence//16aea20f-45a2-4ad2-919c-58307e09b944.jpg,2026-10-01
01a0f317-543d-700f-8a46-ac099a676f2f,Biedronka,Ser Światowid Podlaski,Światowid,5.49,,2026-10-01,2026-10-03,526611,"Od czwartku, Z ladą tradycyjną",2026-10-01,2026-10-07,3,https://blix.pl/sklep/biedronka/gazetka/526611/?pageNumber=3,https://imgproxy.blix.pl/product_occurrence//8d34df92-0cea-4ac0-86ee-9f65cbe79393.jpg,2026-10-01
01a0f317-5480-7070-aff7-96530440711b,Biedronka,Szynka konserwowa Kraina Wędlin,Kraina Wędlin,3.79,,2026-10-01,2026-10-03,526611,"Od czwartku, Z ladą tradycyjną",2026-10-01,2026-10-07,4,https://blix.pl/sklep/biedronka/gazetka/526611/?pageNumber=4,https://imgproxy.blix.pl/product_occurrence//44b7cc08-9910-4275-95b2-3e7838081a02.jpg,2026-10-01
01a0f317-5480-70c8-aff7-96530459ec40,Biedronka,Parówki Kraina Wędlin,Kraina Wędlin,,,2026-10-01,2026-10-03,526611,"Od czwartku, Z ladą tradycyjną",2026-10-01,2026-10-07,4,https://blix.pl/sklep/biedronka/gazetka/526611/?pageNumber=4,https://imgproxy.blix.pl/product_occurrence//e0b1910d-df5d-43a6-96a4-4fee6488c62e.jpg,2026-10-01
01a0f317-5480-70e8-aff7-965304918e1a,Biedronka,Parówki z szynki Kraina Wędlin,Kraina Wędlin,,,2026-10-01,2026-10-03,526611,"Od czwartku, Z ladą tradycyjną",2026-10-01,2026-10-07,4,https://blix.pl/sklep/biedronka/gazetka/526611/?pageNumber=4,https://imgproxy.blix.pl/product_occurrence//ef9b8179-e2e2-44f6-b103-a9bbe371ca7f.jpg,2026-10-01
01a0f317-5480-7100-aff7-9653052b96cf,Biedronka,Parówki wieprzowe Kraina Wędlin Na co dzień,Kraina Wędlin,,,2026-10-01,2026-10-03,526611,"Od czwartku, Z ladą tradycyjną",2026-10-01,2026-10-07,4,https://blix.pl/sklep/biedronka/gazetka/526611/?pageNumber=4,https://imgproxy.blix.pl/product_occurrence//efb0bc99-cefc-4162-9bcc-b67ed0813982.jpg,2026-10-01
01a0f317-5480-7128-aff7-965306326b70,Biedronka,Parówki z filetem z kurczaka Kraina Wędlin,Kraina Wędlin,,,2026-10-01,2026-10-03,526611,"Od czwartku, Z ladą tradycyjną",2026-10-01,2026-10-07,4,https://blix.pl/sklep/biedronka/gazetka/526611/?pageNumber=4,https://imgproxy.blix.pl/product_occurrence//5339421c-4118-4065-8ee5-22c31881d6f3.jpg,2026-10-01
01a0f317-5480-7114-aff7-9653055119a4,Biedronka,Parówki drobiowe Kraina Wędlin Na co dzień,Kraina Wędlin,,,2026-10-01,2026-10-03,526611,"Od czwartku, Z ladą tradycyjną",2026-10-01,2026-10-07,4,https://blix.pl/sklep/biedronka/gazetka/526611/?pageNumber=4,https://imgproxy.blix.pl/product_occurrence//244cfd31-4075-440e-8817-1591865902f9.jpg,2026-10-01
01a0f317-5480-7140-aff7-965307277dc8,Biedronka,Parówki z szynki Kraina Wędlin Nature,Kraina Wędlin,,,2026-10-01,2026-10-03,526611,"Od czwartku, Z ladą tradycyjną",2026-10-01,2026-10-07,4,https://blix.pl/sklep/biedronka/gazetka/526611/?pageNumber=4,https://imgproxy.blix.pl/product_occurrence//6a9d92e2-d2cf-4597-bed2-26413e757919.jpg,2026-10-01
01a0f317-5480-7168-aff7-965308367850,Biedronka,Parówki Głodniaki bezglutenowe bez laktozy Kraina Wędlin,Kraina Wędlin,,,2026-10-01,2026-10-03,526611,"Od czwartku, Z ladą tradycyjną",2026-10-01,2026-10-07,4,https://blix.pl/sklep/biedronka/gazetka/526611/?pageNumber=4,https://imgproxy.blix.pl/product_occurrence//fe427201-0c42-4530-98ca-c2dcd0ea2c9c.jpg,2026-10-01
01a0f317-5480-7154-aff7-965307aa9d26,Biedronka,Parówki z szynki Mega Paka Kraina Wędlin,Kraina Wędlin,,,2026-10-01,2026-10-03,526611,"Od czwartku, Z ladą tradycyjną",2026-10-01,2026-10-07,4,https://blix.pl/sklep/biedronka/gazetka/526611/?pageNumber=4,https://imgproxy.blix.pl/product_occurrence//cd8ee337-8935-4329-8a39-707f8532a53e.jpg,2026-10-01
01a0f317-5480-717c-aff7-965308a8daab,Biedronka,Parówki z szynki i cielęciny Kraina Wędlin,Kraina Wędlin,,,2026-10-01,2026-10-03,526611,"Od czwartku, Z ladą tradycyjną",2026-10-01,2026-10-07,4,https://blix.pl/sklep/biedronka/gazetka/526611/?pageNumber=4,https://imgproxy.blix.pl/product_occurrence//835febf7-54bd-4d6a-8326-9a9acd664c40.jpg,2026-10-01
01a0f317-54e3-7645-8564-d7ae2761350a,Biedronka,Kiełbasy Śląskie Kraina Wędlin,Kraina Wędlin,,,2026-10-01,2026-10-03,526611,"Od czwartku, Z ladą tradycyjną",2026-10-01,2026-10-07,5,https://blix.pl/sklep/biedronka/gazetka/526611/?pageNumber=5,https://imgproxy.blix.pl/product_occurrence//a51799c9-f0aa-4b0d-bc7a-a564d29dd0f7.jpg,2026-10-01
01a0f317-54e3-769d-8564-d7ae27b0a64e,Biedronka,Kiełbaski śląskie z szynki Kraina Wędlin,Kraina Wędlin,,,2026-10-01,2026-10-03,526611,"Od czwartku, Z ladą tradycyjną",2026-10-01,2026-10-07,5,https://blix.pl/sklep/biedronka/gazetka/526611/?pageNumber=5,https://imgproxy.blix.pl/product_occurrence//d9409ff9-04fc-4cdc-83d6-66da5cc1171a.jpg,2026-10-01
01a0f317-54e3-76c5-8564-d7ae288a70a0,Biedronka,Kiełbasa śląska Kraina Wędlin Na co dzień,Kraina Wędlin,,,2026-10-01,2026-10-03,526611,"Od czwartku, Z ladą tradycyjną",2026-10-01,2026-10-07,5,https://blix.pl/sklep/biedronka/gazetka/526611/?pageNumber=5,https://imgproxy.blix.pl/product_occurrence//634f596f-a864-4dbd-9e1a-251080154433.jpg,2026-10-01
01a0f317-54e3-76e1-8564-d7ae29536612,Biedronka,Kiełbasa śląska z szynki Kraina Wędlin Nature,Kraina Wędlin,,,2026-10-01,2026-10-03,526611,"Od czwartku, Z ladą tradycyjną",2026-10-01,2026-10-07,5,https://blix.pl/sklep/biedronka/gazetka/526611/?pageNumber=5,https://imgproxy.blix.pl/product_occurrence//131dba51-317f-42c0-8d09-07a2ed26dc58.jpg,2026-10-01
01a0f317-54e3-76f9-8564-d7ae298c97f8,Biedronka,Kiełbasa śląska Mega Paka Kraina Wędlin,Kraina Wędlin,,,2026-10-01,2026-10-03,526611,"Od czwartku, Z ladą tradycyjną",2026-10-01,2026-10-07,5,https://blix.pl/sklep/biedronka/gazetka/526611/?pageNumber=5,https://imgproxy.blix.pl/product_occurrence//0e5947cc-7769-45fe-a208-ccf2f96f18b2.jpg,2026-10-01
01a0f317-54e3-7711-8564-d7ae29a34fdc,Biedronka,Kiełbasa śląska z szynki Kraina Wędlin Select,Kraina Wędlin,,,2026-10-01,2026-10-03,526611,"Od czwartku, Z ladą tradycyjną",2026-10-01,2026-10-07,5,https://blix.pl/sklep/biedronka/gazetka/526611/?pageNumber=5,https://imgproxy.blix.pl/product_occurrence//5ad93dc0-a1b9-4a18-94b1-9e9d9fd1a7b2.jpg,2026-10-01
01a0f317-5532-7634-a239-68b1312cfee4,Biedronka,Filet z łososia atlantyckiego porcja rodzinna Marinero,Marinero,4.99,,2026-10-01,2026-10-03,526611,"Od czwartku, Z ladą tradycyjną",2026-10-01,2026-10-07,6,https://blix.pl/sklep/biedronka/gazetka/526611/?pageNumber=6,https://imgproxy.blix.pl/product_occurrence//93d2dccd-a551-45ba-a3f3-facbeffa040b.jpg,2026-10-01
01a0f317-5532-7690-a239-68b131c0e495,Biedronka,Świeży pstrąg tęczowy patroszony Marinero,Marinero,2.89,,2026-10-01,2026-10-03,526611,"Od czwartku, Z ladą tradycyjną",2026-10-01,2026-10-07,6,https://blix.pl/sklep/biedronka/gazetka/526611/?pageNumber=6,https://imgproxy.blix.pl/product_occurrence//45eb7f5b-b240-4fd8-9730-38150b985751.jpg,2026-10-01
01a0f317-5587-76c4-8af5-8649cf0741df,Biedronka,Konserwy mięsne i rybne,Biedronka,,,2026-10-01,2026-10-03,526611,"Od czwartku, Z ladą tradycyjną",2026-10-01,2026-10-07,7,https://blix.pl/sklep/biedronka/gazetka/526611/?pageNumber=7,https://imgproxy.blix.pl/product_occurrence//1585ab92-f6c0-4da4-b136-721e15f3927d.jpg,2026-10-01
01a0f317-5587-7734-8af5-8649cfdb6d2b,Biedronka,Filety z makreli w sosie pomidorowym Marinero,Marinero,,,2026-10-01,2026-10-03,526611,"Od czwartku, Z ladą tradycyjną",2026-10-01,2026-10-07,7,https://blix.pl/sklep/biedronka/gazetka/526611/?pageNumber=7,https://imgproxy.blix.pl/product_occurrence//b3ff6214-257f-4e15-8f89-e22fd1c016e7.jpg,2026-10-01
01a0f317-5587-7760-8af5-8649d063bd29,Biedronka,Filety z łososia w sosie pomidorowym z warzywami Marinero,Marinero,,,2026-10-01,2026-10-03,526611,"Od czwartku, Z ladą tradycyjną",2026-10-01,2026-10-07,7,https://blix.pl/sklep/biedronka/gazetka/526611/?pageNumber=7,https://imgproxy.blix.pl/product_occurrence//14d3557b-9242-4735-9c92-ee68a32cc54f.jpg,2026-10-01
01a0f317-5587-7798-8af5-8649d09fd2ad,Biedronka,Pasztet drobiowy Podlaski,Podlaski,,,2026-10-01,2026-10-03,526611,"Od czwartku, Z ladą tradycyjną",2026-10-01,2026-10-07,7,https://blix.pl/sklep/biedronka/gazetka/526611/?pageNumber=7,https://imgproxy.blix.pl/product_occurrence//47aaefdc-b52f-4eeb-bae1-8b956ad744c5.jpg,2026-10-01
01a0f317-5587-777c-8af5-8649d06970e1,Biedronka,Szynka konserwowa z galaretką Krakus,Krakus,,,2026-10-01,2026-10-03,526611,"Od czwartku, Z ladą tradycyjną",2026-10-01,2026-10-07,7,https://blix.pl/sklep/biedronka/gazetka/526611/?pageNumber=7,https://imgproxy.blix.pl/product_occurrence//32111e49-4fd5-40ba-8279-44776d53ab32.jpg,2026-10-01
01a0f317-5587-77b0-8af5-8649d1126a6c,Biedronka,Mięsiwo w sosie własnym Kraina Wędlin,Kraina Wędlin,,,2026-10-01,2026-10-03,526611,"Od czwartku, Z ladą tradycyjną",2026-10-01,2026-10-07,7,https://blix.pl/sklep/biedronka/gazetka/526611/?pageNumber=7,https://imgproxy.blix.pl/product_occurrence//fc600ec4-e41c-479a-877c-5a6103e164fb.jpg,2026-10-01
01a0f317-5587-77cc-8af5-8649d12d0d0a,Biedronka,Sałatka z tuńczykiem Marinero,Marinero,,,2026-10-01,2026-10-03,526611,"Od czwartku, Z ladą tradycyjną",2026-10-01,2026-10-07,7,https://blix.pl/sklep/biedronka/gazetka/526611/?pageNumber=7,https://imgproxy.blix.pl/product_occurrence//bc50f8b0-04cc-43c8-ac08-f0d3928c46af.jpg,2026-10-01
01a0f317-5587-7804-8af5-8649d1d039d0,Biedronka,Sałatka z tuńczykiem Insalatissime meksykańska Rio Mare,Rio Mare,,,2026-10-01,2026-10-03,526611,"Od czwartku, Z ladą tradycyjną",2026-10-01,2026-10-07,7,https://blix.pl/sklep/biedronka/gazetka/526611/?pageNumber=7,https://imgproxy.blix.pl/product_occurrence//d147fa3a-9c4f-4b5a-af49-8b2980a6098c.jpg,2026-10-01
01a0f317-5587-7820-8af5-8649d29aba51,Biedronka,Gulasz angielski Kraina Wędlin,Kraina Wędlin,,,2026-10-01,2026-10-03,526611,"Od czwartku, Z ladą tradycyjną",2026-10-01,2026-10-07,7,https://blix.pl/sklep/biedronka/gazetka/526611/?pageNumber=7,https://imgproxy.blix.pl/product_occurrence//60e2385c-932d-4e7e-9b7b-e8626d4ce5fb.jpg,2026-10-01
01a0f317-5587-7838-8af5-8649d34c57c4,Biedronka,Filety z makreli w sosie pomidorowym Graal,Graal,,,2026-10-01,2026-10-03,526611,"Od czwartku, Z ladą tradycyjną",2026-10-01,2026-10-07,7,https://blix.pl/sklep/biedronka/gazetka/526611/?pageNumber=7,https://imgproxy.blix.pl/product_occurrence//84a46553-4d15-4f22-b030-71156753025f.jpg,2026-10-01
01a0f317-5587-7850-8af5-8649d3a97445,Biedronka,Filet z kurczaka w sosie własnym Go Active,Go Active,,,2026-10-01,2026-10-03,526611,"Od czwartku, Z ladą tradycyjną",2026-10-01,2026-10-07,7,https://blix.pl/sklep/biedronka/gazetka/526611/?pageNumber=7,https://imgproxy.blix.pl/product_occurrence//5dcbed73-f018-4a30-ae60-03dc7f3a3424.jpg,2026-10-01
01a0f317-5587-786c-8af5-8649d3c93ce0,Biedronka,Tuńczyk wędzony w oleju roślinnym pikantny Ektos,Ektos,,,2026-10-01,2026-10-03,526611,"Od czwartku, Z ladą tradycyjną",2026-10-01,2026-10-07,7,https://blix.pl/sklep/biedronka/gazetka/526611/?pageNumber=7,https://imgproxy.blix.pl/product_occurrence//80384b18-a0d2-45fa-9fbf-882ae4e751cc.jpg,2026-10-01
01a0f317-5587-7888-8af5-8649d42f6e3b,Biedronka,Tuńczyk kawałki w sosie własnym Marinero,Marinero,,,2026-10-01,2026-10-03,526611,"Od czwartku, Z ladą tradycyjną",2026-10-01,2026-10-07,7,https://blix.pl/sklep/biedronka/gazetka/526611/?pageNumber=7,https://imgproxy.blix.pl/product_occurrence//9cb647ad-a1b8-43bf-9f45-ad1aae4b497a.jpg,2026-10-01
01a0f317-5587-78a0-8af5-8649d4a31b66,Biedronka,Makarony Pastani,Pastani,,,2026-10-01,2026-10-03,526611,"Od czwartku, Z ladą tradycyjną",2026-10-01,2026-10-07,7,https://blix.pl/sklep/biedronka/gazetka/526611/?pageNumber=7,https://imgproxy.blix.pl/product_occurrence//90b1855b-351f-492a-afca-70356634f62e.jpg,2026-10-01
01a0f317-5587-78bc-8af5-8649d5450eda,Biedronka,Makaron Penne Durum Pastani,Pastani,,,2026-10-01,2026-10-03,526611,"Od czwartku, Z ladą tradycyjną",2026-10-01,2026-10-07,7,https://blix.pl/sklep/biedronka/gazetka/526611/?pageNumber=7,https://imgproxy.blix.pl/product_occurrence//6a0f8a3b-22cf-40f2-9678-2c8629b514da.jpg,2026-10-01
01a0f317-5587-78d4-8af5-8649d54ae0c8,Biedronka,Makaron Penne pełnoziarniste Pastani,Pastani,,,2026-10-01,2026-10-03,526611,"Od czwartku, Z ladą tradycyjną",2026-10-01,2026-10-07,7,https://blix.pl/sklep/biedronka/gazetka/526611/?pageNumber=7,https://imgproxy.blix.pl/product_occurrence//3e44232f-9dba-41ea-9d17-df897e1af419.jpg,2026-10-01
01a0f317-5587-78ec-8af5-8649d5d37185,Biedronka,Makaron Fusilli Durum Pastani,Pastani,,,2026-10-01,2026-10-03,526611,"Od czwartku, Z ladą tradycyjną",2026-10-01,2026-10-07,7,https://blix.pl/sklep/biedronka/gazetka/526611/?pageNumber=7,https://imgproxy.blix.pl/product_occurrence//94266b8c-f802-402f-8507-13e9f0229bac.jpg,2026-10-01
01a0f317-5587-7908-8af5-8649d6733b0a,Biedronka,Makaron Fusilli niski indeks glikemiczny Pastani,Pastani,,,2026-10-01,2026-10-03,526611,"Od czwartku, Z ladą tradycyjną",2026-10-01,2026-10-07,7,https://blix.pl/sklep/biedronka/gazetka/526611/?pageNumber=7,https://imgproxy.blix.pl/product_occurrence//12424db1-d027-41dc-a789-3cff6f512ede.jpg,2026-10-01
01a0f317-5587-7920-8af5-8649d703803e,Biedronka,Makaron Spaghetti Durum Pastani,Pastani,,,2026-10-01,2026-10-03,526611,"Od czwartku, Z ladą tradycyjną",2026-10-01,2026-10-07,7,https://blix.pl/sklep/biedronka/gazetka/526611/?pageNumber=7,https://imgproxy.blix.pl/product_occurrence//089a925a-0317-444e-b7d6-bfc7d601a382.jpg,2026-10-01
01a0f317-5609-70ec-ba79-13c9eb9b6f22,Biedronka,Woda źródlana gazowana Żywiec Zdrój mocny gaz,Żywiec Zdrój,1.79,,2026-10-01,2026-10-03,526611,"Od czwartku, Z ladą tradycyjną",2026-10-01,2026-10-07,8,https://blix.pl/sklep/biedronka/gazetka/526611/?pageNumber=8,https://imgproxy.blix.pl/product_occurrence//9973f480-473d-4b4a-85ec-396e4b7f7fb1.jpg,2026-10-01
01a0f317-5609-7118-ba79-13c9ec473e3c,Biedronka,Napój gazowany Coca-Cola,Coca-Cola,6.99,,2026-10-01,2026-10-03,526611,"Od czwartku, Z ladą tradycyjną",2026-10-01,2026-10-07,8,https://blix.pl/sklep/biedronka/gazetka/526611/?pageNumber=8,https://imgproxy.blix.pl/product_occurrence//593c987e-48cd-4baf-910c-91fca9404e00.jpg,2026-10-01
01a0f317-5609-707c-ba79-13c9eac09083,Biedronka,Woda źródlana niegazowana Żywiec Zdrój,Żywiec Zdrój,1.79,,2026-10-01,2026-10-03,526611,"Od czwartku, Z ladą tradycyjną",2026-10-01,2026-10-07,8,https://blix.pl/sklep/biedronka/gazetka/526611/?pageNumber=8,https://imgproxy.blix.pl/product_occurrence//0b195304-42f6-4e99-968a-e5ce12ba6d9c.jpg,2026-10-01
01a0f317-5609-7134-ba79-13c9ed438545,Biedronka,Napój gazowany Coca-Cola Zero Cukru,Coca-Cola,6.99,,2026-10-01,2026-10-03,526611,"Od czwartku, Z ladą tradycyjną",2026-10-01,2026-10-07,8,https://blix.pl/sklep/biedronka/gazetka/526611/?pageNumber=8,https://imgproxy.blix.pl/product_occurrence//da93b88c-a841-4a0f-b5c7-b9f48affc248.jpg,2026-10-01
01a0f317-5609-7150-ba79-13c9ed8f6861,Biedronka,Napój niegazowany Ice Tea Remsey,Remsey,2.49,,2026-10-01,2026-10-03,526611,"Od czwartku, Z ladą tradycyjną",2026-10-01,2026-10-07,8,https://blix.pl/sklep/biedronka/gazetka/526611/?pageNumber=8,https://imgproxy.blix.pl/product_occurrence//ed666794-3d0e-4f63-a5c5-0bcc3abe7494.jpg,2026-10-01
01a0f317-5609-7168-ba79-13c9ee755e31,Biedronka,Napój energetyczny Dzik White,Dzik,4.99,,2026-10-01,2026-10-03,526611,"Od czwartku, Z ladą tradycyjną",2026-10-01,2026-10-07,8,https://blix.pl/sklep/biedronka/gazetka/526611/?pageNumber=8,https://imgproxy.blix.pl/product_occurrence//d72c38fd-3be6-45d3-829f-c5444835e107.jpg,2026-10-01
01a0f317-5609-7180-ba79-13c9eef84aed,Biedronka,Napój energetyczny Dzik Cactus Zero,Dzik,4.99,,2026-10-01,2026-10-03,526611,"Od czwartku, Z ladą tradycyjną",2026-10-01,2026-10-07,8,https://blix.pl/sklep/biedronka/gazetka/526611/?pageNumber=8,https://imgproxy.blix.pl/product_occurrence//c211c213-6f04-453e-8210-f64907790d97.jpg,2026-10-01
01a0f317-5650-72e2-b9df-01072bb88714,Biedronka,Czekoladki Merci,Merci,29.99,,2026-10-01,2026-10-03,526611,"Od czwartku, Z ladą tradycyjną",2026-10-01,2026-10-07,9,https://blix.pl/sklep/biedronka/gazetka/526611/?pageNumber=9,https://imgproxy.blix.pl/product_occurrence//32c0b14b-3a4e-423d-9982-ecded02b93ad.jpg,2026-10-01
01a0f317-5650-7362-b9df-01072c833f50,Biedronka,Kawa ziarnista Carousel classic,Carousel,,,2026-10-01,2026-10-03,526611,"Od czwartku, Z ladą tradycyjną",2026-10-01,2026-10-07,9,https://blix.pl/sklep/biedronka/gazetka/526611/?pageNumber=9,https://imgproxy.blix.pl/product_occurrence//4843e956-35c4-44ac-9fcd-25871f57ed80.jpg,2026-10-01
01a0f317-5650-7392-b9df-01072d339a20,Biedronka,Kawa ziarnista Carousel crema,Carousel,,,2026-10-01,2026-10-03,526611,"Od czwartku, Z ladą tradycyjną",2026-10-01,2026-10-07,9,https://blix.pl/sklep/biedronka/gazetka/526611/?pageNumber=9,https://imgproxy.blix.pl/product_occurrence//313f7814-aa2d-44b8-9a9c-9268e370cd7e.jpg,2026-10-01
01a0f317-568e-7826-b62e-989d086a5a4a,Biedronka,Piwo Žatecký Světlý Ležák 4-pak 500 ml,Žatecký,,,2026-10-01,2026-10-03,526611,"Od czwartku, Z ladą tradycyjną",2026-10-01,2026-10-07,10,https://blix.pl/sklep/biedronka/gazetka/526611/?pageNumber=10,https://imgproxy.blix.pl/product_occurrence//c16b10f1-354f-4bec-b22a-286e393a0687.jpg,2026-10-01
01a0f317-568e-7892-b62e-989d08dacdeb,Biedronka,Piwo bezalkoholowe Žatecký Limonka 4-pak 500 ml,Žatecký,,,2026-10-01,2026-10-03,526611,"Od czwartku, Z ladą tradycyjną",2026-10-01,2026-10-07,10,https://blix.pl/sklep/biedronka/gazetka/526611/?pageNumber=10,https://imgproxy.blix.pl/product_occurrence//ea1070c3-b860-4d36-81fb-770191646af7.jpg,2026-10-01
01a0f317-568e-78e2-b62e-989d0929ff5a,Biedronka,Piwo bezalkoholowe Žatecký Jeżyna 4-pak 500 ml,Žatecký,,,2026-10-01,2026-10-03,526611,"Od czwartku, Z ladą tradycyjną",2026-10-01,2026-10-07,10,https://blix.pl/sklep/biedronka/gazetka/526611/?pageNumber=10,https://imgproxy.blix.pl/product_occurrence//be2d77fe-e995-460a-9a90-33a6c57d353b.jpg,2026-10-01
01a0f317-568e-7922-b62e-989d09e67da1,Biedronka,Piwo Carlsberg Premium Pilsner 4-pak 500 ml,Carlsberg,,,2026-10-01,2026-10-03,526611,"Od czwartku, Z ladą tradycyjną",2026-10-01,2026-10-07,10,https://blix.pl/sklep/biedronka/gazetka/526611/?pageNumber=10,https://imgproxy.blix.pl/product_occurrence//479b4c04-79d7-477a-b6d2-e23ced9de947.jpg,2026-10-01
01a0f317-568e-793e-b62e-989d0a3461c3,Biedronka,Piwo Kasztelan Niepasteryzowane 4-pak 500 ml,Kasztelan,,,2026-10-01,2026-10-03,526611,"Od czwartku, Z ladą tradycyjną",2026-10-01,2026-10-07,10,https://blix.pl/sklep/biedronka/gazetka/526611/?pageNumber=10,https://imgproxy.blix.pl/product_occurrence//feb05033-1179-4126-bef6-400fa93e0c10.jpg,2026-10-01
01a0f317-568e-795a-b62e-989d0b1cf172,Biedronka,Piwo Kasztelan Miodowe 4-pak 500 ml,Kasztelan,,,2026-10-01,2026-10-03,526611,"Od czwartku, Z ladą tradycyjną",2026-10-01,2026-10-07,10,https://blix.pl/sklep/biedronka/gazetka/526611/?pageNumber=10,https://imgproxy.blix.pl/product_occurrence//ac4666d7-c473-4070-9394-54f342f57534.jpg,2026-10-01
01a0f317-568e-7902-b62e-989d0993bd7e,Biedronka,Piwo bezalkoholowe Žatecký 4-pak 500 ml,Žatecký,,,2026-10-01,2026-10-03,526611,"Od czwartku, Z ladą tradycyjną",2026-10-01,2026-10-07,10,https://blix.pl/sklep/biedronka/gazetka/526611/?pageNumber=10,https://imgproxy.blix.pl/product_occurrence//afcd2d38-8273-4b1f-9653-7c4f4dc3d38c.jpg,2026-10-01
01a0f317-56ec-7dcf-be43-21af6842bbdd,Biedronka,Piwa Lech w butelkach bezzwrotnych,Lech,,,2026-10-01,2026-10-03,526611,"Od czwartku, Z ladą tradycyjną",2026-10-01,2026-10-07,11,https://blix.pl/sklep/biedronka/gazetka/526611/?pageNumber=11,https://imgproxy.blix.pl/product_occurrence//e2a9f2d0-5bf0-4843-b9a7-977284bbcd01.jpg,2026-10-01
01a0f317-56ec-7e33-be43-21af687685f4,Biedronka,Piwo bezalkoholowe Lech Rhubarb Lemon,Lech,,,2026-10-01,2026-10-03,526611,"Od czwartku, Z ladą tradycyjną",2026-10-01,2026-10-07,11,https://blix.pl/sklep/biedronka/gazetka/526611/?pageNumber=11,https://imgproxy.blix.pl/product_occurrence//e4f831d2-3410-48f8-bf44-406d5569feca.jpg,2026-10-01
01a0f317-56ec-7e5b-be43-21af68dd1888,Biedronka,Piwo bezalkoholowe Lech Dragon Fruit,Lech,,,2026-10-01,2026-10-03,526611,"Od czwartku, Z ladą tradycyjną",2026-10-01,2026-10-07,11,https://blix.pl/sklep/biedronka/gazetka/526611/?pageNumber=11,https://imgproxy.blix.pl/product_occurrence//9cdb1f5f-4722-442b-9e8f-8397e62dd1f9.jpg,2026-10-01
01a0f317-56ec-7eff-be43-21af6a01b07c,Biedronka,Piwo bezalkoholowe Lech Lime Mint,Lech,,,2026-10-01,2026-10-03,526611,"Od czwartku, Z ladą tradycyjną",2026-10-01,2026-10-07,11,https://blix.pl/sklep/biedronka/gazetka/526611/?pageNumber=11,https://imgproxy.blix.pl/product_occurrence//b30dae4e-be1b-43ec-87d1-375b25dd4a40.jpg,2026-10-01
01a0f317-56ec-7e77-be43-21af696a6049,Biedronka,Piwo Lech Premium,Lech,,,2026-10-01,2026-10-03,526611,"Od czwartku, Z ladą tradycyjną",2026-10-01,2026-10-07,11,https://blix.pl/sklep/biedronka/gazetka/526611/?pageNumber=11,https://imgproxy.blix.pl/product_occurrence//050f5de2-1740-4d30-8156-71c7e983fdd8.jpg,2026-10-01
01a0f317-56ec-7f1f-be43-21af6a9355ec,Biedronka,Piwo bezalkoholowe Lech Apple Watermelon,Lech,,,2026-10-01,2026-10-03,526611,"Od czwartku, Z ladą tradycyjną",2026-10-01,2026-10-07,11,https://blix.pl/sklep/biedronka/gazetka/526611/?pageNumber=11,https://imgproxy.blix.pl/product_occurrence//22f0fbb8-0ef2-4bb3-8f5e-c52357c106df.jpg,2026-10-01
01a0f317-56ec-7f37-be43-21af6a9c25d2,Biedronka,Piwo Harnaś,Harnaś,2.49,,2026-10-01,2026-10-03,526611,"Od czwartku, Z ladą tradycyjną",2026-10-01,2026-10-07,11,https://blix.pl/sklep/biedronka/gazetka/526611/?pageNumber=11,https://imgproxy.blix.pl/product_occurrence//a1d447c1-f4ac-4c42-a2e0-58025d35beff.jpg,2026-10-01
01a0f317-56ec-7f5f-be43-21af6b6578b6,Biedronka,Piwo Żubr,Żubr,2.69,,2026-10-01,2026-10-03,526611,"Od czwartku, Z ladą tradycyjną",2026-10-01,2026-10-07,11,https://blix.pl/sklep/biedronka/gazetka/526611/?pageNumber=11,https://imgproxy.blix.pl/product_occurrence//e45f3a17-adb2-4260-af68-cd256762fdc0.jpg,2026-10-01
01a0f317-5760-7c97-8b8a-650d093d2f0e,Biedronka,Kosmetyki do makijażu twarzy i stylizacji paznokci Niuqi,Niuqi,,,2026-10-01,2026-10-03,526611,"Od czwartku, Z ladą tradycyjną",2026-10-01,2026-10-07,12,https://blix.pl/sklep/biedronka/gazetka/526611/?pageNumber=12,https://imgproxy.blix.pl/product_occurrence//8605efc1-b1cd-4124-b62c-a8f01279ca9e.jpg,2026-10-01
01a0f317-5760-7d17-8b8a-650d09c8f85d,Biedronka,Krem multifunkcyjny CC Niuqi,Niuqi,,,2026-10-01,2026-10-03,526611,"Od czwartku, Z ladą tradycyjną",2026-10-01,2026-10-07,12,https://blix.pl/sklep/biedronka/gazetka/526611/?pageNumber=12,https://imgproxy.blix.pl/product_occurrence//5df2a991-b78a-441e-8341-6565c59c308d.jpg,2026-10-01
01a0f317-5760-7d73-8b8a-650d09ef6c5d,Biedronka,Krem wyrównujący koloryt BB Niuqi,Niuqi,,,2026-10-01,2026-10-03,526611,"Od czwartku, Z ladą tradycyjną",2026-10-01,2026-10-07,12,https://blix.pl/sklep/biedronka/gazetka/526611/?pageNumber=12,https://imgproxy.blix.pl/product_occurrence//8a1c35bc-23a3-42f6-8761-5414ffb7cb60.jpg,2026-10-01
01a0f317-5760-7d8f-8b8a-650d0a9ee6c0,Biedronka,Puder prasowany Silky Niuqi,Niuqi,,,2026-10-01,2026-10-03,526611,"Od czwartku, Z ladą tradycyjną",2026-10-01,2026-10-07,12,https://blix.pl/sklep/biedronka/gazetka/526611/?pageNumber=12,https://imgproxy.blix.pl/product_occurrence//82348824-9b34-4691-8101-1d4b2368b197.jpg,2026-10-01
01a0f317-5760-7dab-8b8a-650d0b6b809c,Biedronka,Podkład dopasowujący Skin Adapt Niuqi,Niuqi,,,2026-10-01,2026-10-03,526611,"Od czwartku, Z ladą tradycyjną",2026-10-01,2026-10-07,12,https://blix.pl/sklep/biedronka/gazetka/526611/?pageNumber=12,https://imgproxy.blix.pl/product_occurrence//c44715cf-cfcb-4282-a4e7-f241a37e622b.jpg,2026-10-01
01a0f317-5760-7dc7-8b8a-650d0be50a86,Biedronka,Błyszczyk do ust Stay Glossy Niuqi,Niuqi,,,2026-10-01,2026-10-03,526611,"Od czwartku, Z ladą tradycyjną",2026-10-01,2026-10-07,12,https://blix.pl/sklep/biedronka/gazetka/526611/?pageNumber=12,https://imgproxy.blix.pl/product_occurrence//eeff9951-4af9-4810-9d85-0254307b8a3e.jpg,2026-10-01
01a0f317-5760-7dfb-8b8a-650d0cfcf881,Biedronka,Lakier do paznokci Nail Polish Niuqi,Niuqi,,,2026-10-01,2026-10-03,526611,"Od czwartku, Z ladą tradycyjną",2026-10-01,2026-10-07,12,https://blix.pl/sklep/biedronka/gazetka/526611/?pageNumber=12,https://imgproxy.blix.pl/product_occurrence//e138fe75-86f8-4699-8c3f-b81f1949e5a9.jpg,2026-10-01
01a0f317-5760-7ddf-8b8a-650d0c0f459d,Biedronka,Korektor Liquid Camouflage Niuqi,Niuqi,,,2026-10-01,2026-10-03,526611,"Od czwartku, Z ladą tradycyjną",2026-10-01,2026-10-07,12,https://blix.pl/sklep/biedronka/gazetka/526611/?pageNumber=12,https://imgproxy.blix.pl/product_occurrence//ba67cfc8-34fb-4146-93b2-103f46eba29b.jpg,2026-10-01
01a0f317-5760-7e13-8b8a-650d0d86edc3,Biedronka,Baza kauczukowa UV/LED Niuqi,Niuqi,,,2026-10-01,2026-10-03,526611,"Od czwartku, Z ladą tradycyjną",2026-10-01,2026-10-07,12,https://blix.pl/sklep/biedronka/gazetka/526611/?pageNumber=12,https://imgproxy.blix.pl/product_occurrence//854bcc0e-45dc-451b-9cec-218a546d36a0.jpg,2026-10-01
01a0f317-5760-7e2f-8b8a-650d0d89037c,Biedronka,Lakier hybrydowy UV/LED Kolor Niuqi,Niuqi,,,2026-10-01,2026-10-03,526611,"Od czwartku, Z ladą tradycyjną",2026-10-01,2026-10-07,12,https://blix.pl/sklep/biedronka/gazetka/526611/?pageNumber=12,https://imgproxy.blix.pl/product_occurrence//ab5b8eb9-41cd-4fb0-8339-552fe4e575b0.jpg,2026-10-01
01a0f317-5760-7eeb-8b8a-650d0e5602c1,Biedronka,Produkty Gillette,Gillette,,,2026-10-01,2026-10-03,526611,"Od czwartku, Z ladą tradycyjną",2026-10-01,2026-10-07,12,https://blix.pl/sklep/biedronka/gazetka/526611/?pageNumber=12,https://imgproxy.blix.pl/product_occurrence//3ddfff15-f252-41ed-87d7-11848efcb2da.jpg,2026-10-01
01a0f317-5760-7f43-8b8a-650d0e5c78fc,Biedronka,Maszynki do golenia Gillette Venus Comfort Colours 3-pak,Gillette,,,2026-10-01,2026-10-03,526611,"Od czwartku, Z ladą tradycyjną",2026-10-01,2026-10-07,12,https://blix.pl/sklep/biedronka/gazetka/526611/?pageNumber=12,https://imgproxy.blix.pl/product_occurrence//77b4cfef-0ce7-4e80-8c96-62f3040a2557.jpg,2026-10-01
01a0f317-5760-7f7b-8b8a-650d0ed28503,Biedronka,Maszynki do golenia Gillette Blue3 Plus Comfort 4-pak,Gillette,,,2026-10-01,2026-10-03,526611,"Od czwartku, Z ladą tradycyjną",2026-10-01,2026-10-07,12,https://blix.pl/sklep/biedronka/gazetka/526611/?pageNumber=12,https://imgproxy.blix.pl/product_occurrence//1df17d3b-748b-4f22-abe9-6eb0462e0565.jpg,2026-10-01
01a0f317-5761-7007-adcf-d482356e7912,Biedronka,Żel do golenia Gillette Series,Gillette,,,2026-10-01,2026-10-03,526611,"Od czwartku, Z ladą tradycyjną",2026-10-01,2026-10-07,12,https://blix.pl/sklep/biedronka/gazetka/526611/?pageNumber=12,https://imgproxy.blix.pl/product_occurrence//ff1b68da-8a97-4b15-8fbe-adb07a009258.jpg,2026-10-01
01a0f317-5761-7047-adcf-d48235c49130,Biedronka,Maszynki do golenia Gillette Venus 3 Sensitive 4-pak,Gillette,,,2026-10-01,2026-10-03,526611,"Od czwartku, Z ladą tradycyjną",2026-10-01,2026-10-07,12,https://blix.pl/sklep/biedronka/gazetka/526611/?pageNumber=12,https://imgproxy.blix.pl/product_occurrence//a9206f22-be46-4ea5-b75e-2839dd51e194.jpg,2026-10-01
01a0f317-5761-706f-adcf-d482369e5f26,Biedronka,Maszynka do golenia z wkładami Gillette Venus Extra Comfort Miami,Gillette,,,2026-10-01,2026-10-03,526611,"Od czwartku, Z ladą tradycyjną",2026-10-01,2026-10-07,12,https://blix.pl/sklep/biedronka/gazetka/526611/?pageNumber=12,https://imgproxy.blix.pl/product_occurrence//e6d5368e-319d-4a7a-bb8d-ba2469cddfa6.jpg,2026-10-01
01a0f317-5761-709b-adcf-d482378dbb9a,Biedronka,Maszynka do golenia z wkładami Gillette Sensor 3+ Special Edition,Gillette,,,2026-10-01,2026-10-03,526611,"Od czwartku, Z ladą tradycyjną",2026-10-01,2026-10-07,12,https://blix.pl/sklep/biedronka/gazetka/526611/?pageNumber=12,https://imgproxy.blix.pl/product_occurrence//cbba3213-efa1-4255-9bd9-c46f4dd85c41.jpg,2026-10-01
01a0f317-5761-70f3-adcf-d482395a382c,Biedronka,Pasta do zębów Colgate Max White Stain Protect White Booster,Colgate,,,2026-10-01,2026-10-03,526611,"Od czwartku, Z ladą tradycyjną",2026-10-01,2026-10-07,12,https://blix.pl/sklep/biedronka/gazetka/526611/?pageNumber=12,https://imgproxy.blix.pl/product_occurrence//79699368-ebaf-4cf2-989b-a814c8f0f1f9.jpg,2026-10-01
01a0f317-5761-70c7-adcf-d482388ce859,Biedronka,Pasta do zębów Colgate Max White Stain Protect Instant Purple,Colgate,,,2026-10-01,2026-10-03,526611,"Od czwartku, Z ladą tradycyjną",2026-10-01,2026-10-07,12,https://blix.pl/sklep/biedronka/gazetka/526611/?pageNumber=12,https://imgproxy.blix.pl/product_occurrence//984bda99-e286-447e-b117-11de0510fe69.jpg,2026-10-01
01a0f317-5761-711b-adcf-d48239a8251e,Biedronka,Pasta do zębów Colgate Max White Stain Protect z aktywnym węglem,Colgate,,,2026-10-01,2026-10-03,526611,"Od czwartku, Z ladą tradycyjną",2026-10-01,2026-10-07,12,https://blix.pl/sklep/biedronka/gazetka/526611/?pageNumber=12,https://imgproxy.blix.pl/product_occurrence//3ef6237b-77eb-4be3-947a-270d502adcf1.jpg,2026-10-01
01a0f317-5761-7143-adcf-d4823a04494e,Biedronka,Żel pod prysznic Adidas Men 3w1 Champions League Matchday,Adidas,,,2026-10-01,2026-10-03,526611,"Od czwartku, Z ladą tradycyjną",2026-10-01,2026-10-07,12,https://blix.pl/sklep/biedronka/gazetka/526611/?pageNumber=12,https://imgproxy.blix.pl/product_occurrence//1fe5c7a3-53fc-480a-87c1-746779dd3619.jpg,2026-10-01
01a0f317-5761-7193-adcf-d4823b25d8c2,Biedronka,Żel pod prysznic Adidas Men 3w1 After Sport,Adidas,,,2026-10-01,2026-10-03,526611,"Od czwartku, Z ladą tradycyjną",2026-10-01,2026-10-07,12,https://blix.pl/sklep/biedronka/gazetka/526611/?pageNumber=12,https://imgproxy.blix.pl/product_occurrence//33cf94e3-e990-41c1-b419-91496bfc25d3.jpg,2026-10-01
01a0f317-5761-716b-adcf-d4823a699cc7,Biedronka,Żel pod prysznic Adidas Men 3w1 Pure Game,Adidas,,,2026-10-01,2026-10-03,526611,"Od czwartku, Z ladą tradycyjną",2026-10-01,2026-10-07,12,https://blix.pl/sklep/biedronka/gazetka/526611/?pageNumber=12,https://imgproxy.blix.pl/product_occurrence//530f2cf2-36da-4b4d-9ad3-6d52ab775dc2.jpg,2026-10-01
01a0f317-580f-71d9-8060-73ded64b0928,Biedronka,Mleko modyfikowane Bebilon Profutura 2,Bebilon,,,2026-10-01,2026-10-03,526611,"Od czwartku, Z ladą tradycyjną",2026-10-01,2026-10-07,13,https://blix.pl/sklep/biedronka/gazetka/526611/?pageNumber=13,https://imgproxy.blix.pl/product_occurrence//fad74015-4ade-486e-a1fb-345eea66c989.jpg,2026-10-01
01a0f317-580f-7239-8060-73ded661959d,Biedronka,Mleko modyfikowane Bebilon Profutura 3,Bebilon,,,2026-10-01,2026-10-03,526611,"Od czwartku, Z ladą tradycyjną",2026-10-01,2026-10-07,13,https://blix.pl/sklep/biedronka/gazetka/526611/?pageNumber=13,https://imgproxy.blix.pl/product_occurrence//70ec6713-04a3-4c0b-937e-81c3e5682c80.jpg,2026-10-01
01a0f317-580f-7261-8060-73ded6ef03b8,Biedronka,Pieluchomajtki Pampers Active Baby Pants,Pampers,,,2026-10-01,2026-10-03,526611,"Od czwartku, Z ladą tradycyjną",2026-10-01,2026-10-07,13,https://blix.pl/sklep/biedronka/gazetka/526611/?pageNumber=13,https://imgproxy.blix.pl/product_occurrence//785ee095-d3fb-4529-af86-d527931af097.jpg,2026-10-01
01a0f317-580f-727d-8060-73ded7a33f54,Biedronka,Pieluchomajtki Pampers Active Baby Pants rozmiar 4,Pampers,,,2026-10-01,2026-10-03,526611,"Od czwartku, Z ladą tradycyjną",2026-10-01,2026-10-07,13,https://blix.pl/sklep/biedronka/gazetka/526611/?pageNumber=13,https://imgproxy.blix.pl/product_occurrence//01a5f4c9-fb35-4d2c-b88e-fd8f223ebb83.jpg,2026-10-01
01a0f317-580f-7295-8060-73ded855047f,Biedronka,Pieluchomajtki Pampers Active Baby Pants rozmiar 5,Pampers,,,2026-10-01,2026-10-03,526611,"Od czwartku, Z ladą tradycyjną",2026-10-01,2026-10-07,13,https://blix.pl/sklep/biedronka/gazetka/526611/?pageNumber=13,https://imgproxy.blix.pl/product_occurrence//c0ce7d14-d265-4a39-9325-a596c53229ed.jpg,2026-10-01
01a0f317-58ad-7ba6-baff-81d4a777371b,Biedronka,Produkty Silan,Silan,,,2026-10-01,2026-10-03,526611,"Od czwartku, Z ladą tradycyjną",2026-10-01,2026-10-07,15,https://blix.pl/sklep/biedronka/gazetka/526611/?pageNumber=15,https://imgproxy.blix.pl/product_occurrence//50dfde40-a641-4c28-95a1-ecbc9dde90a7.jpg,2026-10-01
01a0f317-58ad-7c22-baff-81d4a86f66ff,Biedronka,Płyn do płukania tkanin Silan Sensitive,Silan,,,2026-10-01,2026-10-03,526611,"Od czwartku, Z ladą tradycyjną",2026-10-01,2026-10-07,15,https://blix.pl/sklep/biedronka/gazetka/526611/?pageNumber=15,https://imgproxy.blix.pl/product_occurrence//6d0e7814-51e7-4260-94c5-4ade945dfc12.jpg,2026-10-01
01a0f317-58ad-7c56-baff-81d4a9246610,Biedronka,Płyn do płukania tkanin Silan Spring Lavender,Silan,,,2026-10-01,2026-10-03,526611,"Od czwartku, Z ladą tradycyjną",2026-10-01,2026-10-07,15,https://blix.pl/sklep/biedronka/gazetka/526611/?pageNumber=15,https://imgproxy.blix.pl/product_occurrence//fff7533e-0584-4690-92bb-cafb4a2d9ef8.jpg,2026-10-01
01a0f317-58ad-7c9a-baff-81d4aa388810,Biedronka,Płyn do płukania tkanin Silan Aromatherapy Fascinating Jungle,Silan,,,2026-10-01,2026-10-03,526611,"Od czwartku, Z ladą tradycyjną",2026-10-01,2026-10-07,15,https://blix.pl/sklep/biedronka/gazetka/526611/?pageNumber=15,https://imgproxy.blix.pl/product_occurrence//d57c32c7-420c-4217-8753-71ec79e079fc.jpg,2026-10-01
01a0f317-58ad-7c7a-baff-81d4a94345ae,Biedronka,Płyn do płukania tkanin Silan Fresh Sky,Silan,,,2026-10-01,2026-10-03,526611,"Od czwartku, Z ladą tradycyjną",2026-10-01,2026-10-07,15,https://blix.pl/sklep/biedronka/gazetka/526611/?pageNumber=15,https://imgproxy.blix.pl/product_occurrence//c3ed53e8-0f4e-43d0-9e73-f7883e3302b6.jpg,2026-10-01
01a0f317-58ad-7cbe-baff-81d4ab05ee2b,Biedronka,Perfumy do prania Silan Cherry Blossom,Silan,,,2026-10-01,2026-10-03,526611,"Od czwartku, Z ladą tradycyjną",2026-10-01,2026-10-07,15,https://blix.pl/sklep/biedronka/gazetka/526611/?pageNumber=15,https://imgproxy.blix.pl/product_occurrence//7fe57b33-ed6d-4c63-97e1-e360b95e2cf9.jpg,2026-10-01
01a0f317-58ad-7d0a-baff-81d4abecfb8f,Biedronka,Perfumy do prania Silan Blue Jasmine,Silan,,,2026-10-01,2026-10-03,526611,"Od czwartku, Z ladą tradycyjną",2026-10-01,2026-10-07,15,https://blix.pl/sklep/biedronka/gazetka/526611/?pageNumber=15,https://imgproxy.blix.pl/product_occurrence//e7c2733b-a18e-4c46-80e7-6eda61070d6b.jpg,2026-10-01
01a0f317-58ad-7d32-baff-81d4ac5fc3e9,Biedronka,Perfumy do prania Silan Diamond Orchid,Silan,,,2026-10-01,2026-10-03,526611,"Od czwartku, Z ladą tradycyjną",2026-10-01,2026-10-07,15,https://blix.pl/sklep/biedronka/gazetka/526611/?pageNumber=15,https://imgproxy.blix.pl/product_occurrence//06a9de29-388b-4ce4-a845-f3939cda3167.jpg,2026-10-01
01a0f317-58ad-7d52-baff-81d4acbb6843,Biedronka,Produkty Lenor,Lenor,,,2026-10-01,2026-10-03,526611,"Od czwartku, Z ladą tradycyjną",2026-10-01,2026-10-07,15,https://blix.pl/sklep/biedronka/gazetka/526611/?pageNumber=15,https://imgproxy.blix.pl/product_occurrence//49f19013-4499-469b-9ab5-344be1e50cb3.jpg,2026-10-01
01a0f317-58ad-7d76-baff-81d4ad3d3986,Biedronka,Płyn do płukania tkanin Lenor Fresh Air Fresh Wind,Lenor,,,2026-10-01,2026-10-03,526611,"Od czwartku, Z ladą tradycyjną",2026-10-01,2026-10-07,15,https://blix.pl/sklep/biedronka/gazetka/526611/?pageNumber=15,https://imgproxy.blix.pl/product_occurrence//e173d208-09da-4641-a8d3-3e13156810c6.jpg,2026-10-01
01a0f317-58ad-7d96-baff-81d4ae09f402,Biedronka,Płyn do płukania tkanin Lenor Spring Awakening,Lenor,,,2026-10-01,2026-10-03,526611,"Od czwartku, Z ladą tradycyjną",2026-10-01,2026-10-07,15,https://blix.pl/sklep/biedronka/gazetka/526611/?pageNumber=15,https://imgproxy.blix.pl/product_occurrence//01e7c930-5c81-48e7-bc31-4d230c8f6963.jpg,2026-10-01
01a0f317-58ad-7dd6-baff-81d4afab4c2e,Biedronka,Perełki zapachowe do prania Lenor,Lenor,,,2026-10-01,2026-10-03,526611,"Od czwartku, Z ladą tradycyjną",2026-10-01,2026-10-07,15,https://blix.pl/sklep/biedronka/gazetka/526611/?pageNumber=15,https://imgproxy.blix.pl/product_occurrence//5538776a-2a2b-4a6a-ae06-bba761839270.jpg,2026-10-01
01a0f317-58ad-7db2-baff-81d4aeb7f46a,Biedronka,Płyn do płukania tkanin Lenor Perfume Therapy Gold Orchid & Vanilla,Lenor,,,2026-10-01,2026-10-03,526611,"Od czwartku, Z ladą tradycyjną",2026-10-01,2026-10-07,15,https://blix.pl/sklep/biedronka/gazetka/526611/?pageNumber=15,https://imgproxy.blix.pl/product_occurrence//4a0d30f5-30e5-4bc0-b585-66b5548b0aa4.jpg,2026-10-01
01a0f317-58ad-7df6-baff-81d4afe94780,Biedronka,Ręczniki kuchenne,Biedronka,,,2026-10-01,2026-10-03,526611,"Od czwartku, Z ladą tradycyjną",2026-10-01,2026-10-07,15,https://blix.pl/sklep/biedronka/gazetka/526611/?pageNumber=15,https://imgproxy.blix.pl/product_occurrence//682e83e5-c82e-4e0d-8a11-4c82c0970e10.jpg,2026-10-01
01a0f317-58ad-7e36-baff-81d4b07d05fd,Biedronka,Ręcznik papierowy Mega Sweep Queen,Queen,,,2026-10-01,2026-10-03,526611,"Od czwartku, Z ladą tradycyjną",2026-10-01,2026-10-07,15,https://blix.pl/sklep/biedronka/gazetka/526611/?pageNumber=15,https://imgproxy.blix.pl/product_occurrence//8ab7b7a9-be15-4152-b255-7558817f1c27.jpg,2026-10-01
01a0f317-58ad-7e16-baff-81d4aff41a03,Biedronka,Ręcznik kuchenny Total Absorption Queen,Queen,,,2026-10-01,2026-10-03,526611,"Od czwartku, Z ladą tradycyjną",2026-10-01,2026-10-07,15,https://blix.pl/sklep/biedronka/gazetka/526611/?pageNumber=15,https://imgproxy.blix.pl/product_occurrence//2ca7c43e-b70b-43b9-9bfe-d85bfbfbf448.jpg,2026-10-01
01a0f317-58ad-7e52-baff-81d4b0eb8063,Biedronka,Ręcznik papierowy Turbo super mocny Velvet,Velvet,,,2026-10-01,2026-10-03,526611,"Od czwartku, Z ladą tradycyjną",2026-10-01,2026-10-07,15,https://blix.pl/sklep/biedronka/gazetka/526611/?pageNumber=15,https://imgproxy.blix.pl/product_occurrence//fa70d9ae-a021-4987-89c2-c1543a71f40f.jpg,2026-10-01
01a0f317-58ad-7e76-baff-81d4b13c8a0c,Biedronka,Ręcznik kuchenny Milla Queen,Queen,,,2026-10-01,2026-10-03,526611,"Od czwartku, Z ladą tradycyjną",2026-10-01,2026-10-07,15,https://blix.pl/sklep/biedronka/gazetka/526611/?pageNumber=15,https://imgproxy.blix.pl/product_occurrence//01a35c0b-4e49-45eb-83c5-d51cd2ae68bc.jpg,2026-10-01
01a0f317-58ad-7ece-baff-81d4b153e848,Biedronka,Ręcznik kuchenny Strong Queen,Queen,,,2026-10-01,2026-10-03,526611,"Od czwartku, Z ladą tradycyjną",2026-10-01,2026-10-07,15,https://blix.pl/sklep/biedronka/gazetka/526611/?pageNumber=15,https://imgproxy.blix.pl/product_occurrence//fed9613f-13f4-415e-bdb9-8ce7f5517c0a.jpg,2026-10-01
01a0f317-58ad-7ef2-baff-81d4b220aea4,Biedronka,Papier toaletowy rumiankowy Queen 24-pak,Queen,21.99,,2026-10-01,2026-10-03,526611,"Od czwartku, Z ladą tradycyjną",2026-10-01,2026-10-07,15,https://blix.pl/sklep/biedronka/gazetka/526611/?pageNumber=15,https://imgproxy.blix.pl/product_occurrence//2b60f06b-87a7-47f7-a5ea-da63a813faf9.jpg,2026-10-01
01a0f317-598a-715e-9447-19ad211e6b02,Biedronka,Przysmaki dla psów Activ'Pet,Activ'pet,,,2026-10-01,2026-10-03,526611,"Od czwartku, Z ladą tradycyjną",2026-10-01,2026-10-07,16,https://blix.pl/sklep/biedronka/gazetka/526611/?pageNumber=16,https://imgproxy.blix.pl/product_occurrence//91d603a5-4437-4357-96ea-bb3d83a9fb21.jpg,2026-10-01
01a0f317-598a-71e6-9447-19ad21b45293,Biedronka,Przysmak dla psów filety kurczak Activ'Pet,Activ'pet,,,2026-10-01,2026-10-03,526611,"Od czwartku, Z ladą tradycyjną",2026-10-01,2026-10-07,16,https://blix.pl/sklep/biedronka/gazetka/526611/?pageNumber=16,https://imgproxy.blix.pl/product_occurrence//9d1c83bf-cce7-436c-a0bf-558119380629.jpg,2026-10-01
01a0f317-598a-721e-9447-19ad220ede51,Biedronka,Przysmak dla psów łosoś Activ'Pet,Activ'pet,,,2026-10-01,2026-10-03,526611,"Od czwartku, Z ladą tradycyjną",2026-10-01,2026-10-07,16,https://blix.pl/sklep/biedronka/gazetka/526611/?pageNumber=16,https://imgproxy.blix.pl/product_occurrence//5c49d157-158b-4dff-93dc-a273ac93ed3c.jpg,2026-10-01
01a0f317-598a-7242-9447-19ad22555be7,Biedronka,Przysmak dla psów filety kaczka Activ'Pet,Activ'pet,,,2026-10-01,2026-10-03,526611,"Od czwartku, Z ladą tradycyjną",2026-10-01,2026-10-07,16,https://blix.pl/sklep/biedronka/gazetka/526611/?pageNumber=16,https://imgproxy.blix.pl/product_occurrence//d1692bb1-ad07-470d-b70f-9f92e06877d5.jpg,2026-10-01
01a0f317-598a-7262-9447-19ad22a406c5,Biedronka,Przysmak dentystyczny dla psów Dental Sticks Medium Activ'Pet,Activ'pet,,,2026-10-01,2026-10-03,526611,"Od czwartku, Z ladą tradycyjną",2026-10-01,2026-10-07,16,https://blix.pl/sklep/biedronka/gazetka/526611/?pageNumber=16,https://imgproxy.blix.pl/product_occurrence//87beda1e-2fda-48b1-b58e-01b99e427693.jpg,2026-10-01
01a0f317-598a-7286-9447-19ad2346fab8,Biedronka,Przysmak dla psów paluszki Activ'Pet,Activ'pet,,,2026-10-01,2026-10-03,526611,"Od czwartku, Z ladą tradycyjną",2026-10-01,2026-10-07,16,https://blix.pl/sklep/biedronka/gazetka/526611/?pageNumber=16,https://imgproxy.blix.pl/product_occurrence//c8680c30-f15b-45a9-bc18-0c01e271edc8.jpg,2026-10-01
01a0f317-598a-72a2-9447-19ad2361caac,Biedronka,Przysmak dla psów kostki z wapniem Activ'Pet,Activ'pet,,,2026-10-01,2026-10-03,526611,"Od czwartku, Z ladą tradycyjną",2026-10-01,2026-10-07,16,https://blix.pl/sklep/biedronka/gazetka/526611/?pageNumber=16,https://imgproxy.blix.pl/product_occurrence//fdf0aec3-2aed-43c5-893f-d96051851863.jpg,2026-10-01
01a0f317-598a-72c6-9447-19ad23e16ec3,Biedronka,Przysmak dla psów maczugi Activ'Pet,Activ'pet,,,2026-10-01,2026-10-03,526611,"Od czwartku, Z ladą tradycyjną",2026-10-01,2026-10-07,16,https://blix.pl/sklep/biedronka/gazetka/526611/?pageNumber=16,https://imgproxy.blix.pl/product_occurrence//512f0bbd-d3b4-46c2-b4d5-f251cff9e84b.jpg,2026-10-01
01a0f317-598a-7312-9447-19ad2495d4aa,Biedronka,Przysmak dla psów sushi Activ'Pet,Activ'pet,,,2026-10-01,2026-10-03,526611,"Od czwartku, Z ladą tradycyjną",2026-10-01,2026-10-07,16,https://blix.pl/sklep/biedronka/gazetka/526611/?pageNumber=16,https://imgproxy.blix.pl/product_occurrence//07dea243-3fde-4ea0-80e7-7afe6ae7650a.jpg,2026-10-01
01a0f317-598a-7336-9447-19ad2561567f,Biedronka,Karmy dla kota w puszkach Kitty,Kitty,,,2026-10-01,2026-10-03,526611,"Od czwartku, Z ladą tradycyjną",2026-10-01,2026-10-07,16,https://blix.pl/sklep/biedronka/gazetka/526611/?pageNumber=16,https://imgproxy.blix.pl/product_occurrence//e7421eb7-8703-4e62-a066-ae4ed02855eb.jpg,2026-10-01
01a0f317-598a-7396-9447-19ad274de32d,Biedronka,Karma dla kota kawałki w sosie kurczak i cielęcina Kitty,Kitty,,,2026-10-01,2026-10-03,526611,"Od czwartku, Z ladą tradycyjną",2026-10-01,2026-10-07,16,https://blix.pl/sklep/biedronka/gazetka/526611/?pageNumber=16,https://imgproxy.blix.pl/product_occurrence//03809d76-b01e-4970-8a74-69c0ed7f2d45.jpg,2026-10-01
01a0f317-598a-737a-9447-19ad267b6dcf,Biedronka,Karma dla kota kawałki w sosie wołowina i wątróbka Kitty,Kitty,,,2026-10-01,2026-10-03,526611,"Od czwartku, Z ladą tradycyjną",2026-10-01,2026-10-07,16,https://blix.pl/sklep/biedronka/gazetka/526611/?pageNumber=16,https://imgproxy.blix.pl/product_occurrence//01c1b430-5e7a-4384-919e-b6ef37e4761e.jpg,2026-10-01
01a0f317-598a-7356-9447-19ad25eb3097,Biedronka,Karma dla kota kawałki w galaretce bogata w wołowinę Kitty,Kitty,,,2026-10-01,2026-10-03,526611,"Od czwartku, Z ladą tradycyjną",2026-10-01,2026-10-07,16,https://blix.pl/sklep/biedronka/gazetka/526611/?pageNumber=16,https://imgproxy.blix.pl/product_occurrence//0415b20c-9d1e-4a70-80c6-357e23e01229.jpg,2026-10-01
01a0f317-598a-73d6-9447-19ad28c6521b,Biedronka,Karma dla kota pasztet z królikiem Kitty,Kitty,,,2026-10-01,2026-10-03,526611,"Od czwartku, Z ladą tradycyjną",2026-10-01,2026-10-07,16,https://blix.pl/sklep/biedronka/gazetka/526611/?pageNumber=16,https://imgproxy.blix.pl/product_occurrence//a1ce9107-da76-4cdc-b582-e878c6917483.jpg,2026-10-01
01a0f317-598a-73f6-9447-19ad29a35cd9,Biedronka,Karma dla kota pasztet z tuńczykiem Kitty,Kitty,,,2026-10-01,2026-10-03,526611,"Od czwartku, Z ladą tradycyjną",2026-10-01,2026-10-07,16,https://blix.pl/sklep/biedronka/gazetka/526611/?pageNumber=16,https://imgproxy.blix.pl/product_occurrence//588aa2db-d274-4f1f-9571-ecd0bfa4c8bf.jpg,2026-10-01
01a0f317-598a-73b6-9447-19ad2833be1c,Biedronka,Karma dla kota kawałki w sosie bogata w indyka Kitty,Kitty,,,2026-10-01,2026-10-03,526611,"Od czwartku, Z ladą tradycyjną",2026-10-01,2026-10-07,16,https://blix.pl/sklep/biedronka/gazetka/526611/?pageNumber=16,https://imgproxy.blix.pl/product_occurrence//417a2f8c-6a85-40bd-96bf-e982539a98e2.jpg,2026-10-01
01a0f317-5a23-7c24-9468-53c21b372769,Biedronka,Sucha karma dla psa z wołowiną i warzywami Pedigree,Pedigree,74.99,,2026-10-01,2026-10-03,526611,"Od czwartku, Z ladą tradycyjną",2026-10-01,2026-10-07,17,https://blix.pl/sklep/biedronka/gazetka/526611/?pageNumber=17,https://imgproxy.blix.pl/product_occurrence//3c911ac6-8d69-4331-ba05-d0c12e5355cf.jpg,2026-10-01
01a0f317-5a6a-79ec-b0d0-7592f0c0f0c1,Biedronka,Kiełbasa sucha krakowska z szynki Olewnik,Olewnik,7.59,,2026-10-01,2026-10-03,526611,"Od czwartku, Z ladą tradycyjną",2026-10-01,2026-10-07,18,https://blix.pl/sklep/biedronka/gazetka/526611/?pageNumber=18,https://imgproxy.blix.pl/product_occurrence//8457edc6-124c-4153-8dfa-10da268e96ce.jpg,2026-10-01
01a0f317-5a6a-798c-b0d0-7592f0a29e44,Biedronka,Filet pieczony z kurczaka Duda,Duda,7.99,,2026-10-01,2026-10-03,526611,"Od czwartku, Z ladą tradycyjną",2026-10-01,2026-10-07,18,https://blix.pl/sklep/biedronka/gazetka/526611/?pageNumber=18,https://imgproxy.blix.pl/product_occurrence//a684da69-3868-4b84-b08c-b19d28bf5712.jpg,2026-10-01
01a0f317-5a6a-7a10-b0d0-7592f0e86595,Biedronka,Parówki Krakus,Krakus,6.49,,2026-10-01,2026-10-03,526611,"Od czwartku, Z ladą tradycyjną",2026-10-01,2026-10-07,18,https://blix.pl/sklep/biedronka/gazetka/526611/?pageNumber=18,https://imgproxy.blix.pl/product_occurrence//546891db-3e2c-4e75-b4b7-259aa02f0e24.jpg,2026-10-01
01a0f317-5a6a-7a28-b0d0-7592f1aa7819,Biedronka,Parówki Gryzzale Tarczyński,Tarczyński,5.99,,2026-10-01,2026-10-03,526611,"Od czwartku, Z ladą tradycyjną",2026-10-01,2026-10-07,18,https://blix.pl/sklep/biedronka/gazetka/526611/?pageNumber=18,https://imgproxy.blix.pl/product_occurrence//3b028f9f-f907-4b10-bfe4-4aac1682ae32.jpg,2026-10-01
01a0f317-5a6a-7a3c-b0d0-7592f27d7616,Biedronka,Sałatka Lisner warzywno-jajeczna z kurkami,Lisner,7.99,,2026-10-01,2026-10-03,526611,"Od czwartku, Z ladą tradycyjną",2026-10-01,2026-10-07,18,https://blix.pl/sklep/biedronka/gazetka/526611/?pageNumber=18,https://imgproxy.blix.pl/product_occurrence//05a3cc2f-8403-4ce9-ae8f-139f87aa80b5.jpg,2026-10-01
01a0f317-5a6a-7a50-b0d0-7592f29c132a,Biedronka,Sałatka Lisner gyros z kurczakiem,Lisner,7.99,,2026-10-01,2026-10-03,526611,"Od czwartku, Z ladą tradycyjną",2026-10-01,2026-10-07,18,https://blix.pl/sklep/biedronka/gazetka/526611/?pageNumber=18,https://imgproxy.blix.pl/product_occurrence//726df7dd-8c05-40eb-bb5a-bdedcf84f311.jpg,2026-10-01
01a0f317-5a6a-7a64-b0d0-7592f2f3b2bf,Biedronka,Jogurt Nestle Kit Kat,Nestle,3.49,,2026-10-01,2026-10-03,526611,"Od czwartku, Z ladą tradycyjną",2026-10-01,2026-10-07,18,https://blix.pl/sklep/biedronka/gazetka/526611/?pageNumber=18,https://imgproxy.blix.pl/product_occurrence//57f0c5e6-605b-4450-af47-0d65ed0518b0.jpg,2026-10-01
01a0f317-5a6a-7a78-b0d0-7592f3a1cf28,Biedronka,Jogurt Nestle Nesquik,Nestle,3.49,,2026-10-01,2026-10-03,526611,"Od czwartku, Z ladą tradycyjną",2026-10-01,2026-10-07,18,https://blix.pl/sklep/biedronka/gazetka/526611/?pageNumber=18,https://imgproxy.blix.pl/product_occurrence//3d6e57fa-3f1b-4f86-a748-9be2f7eee625.jpg,2026-10-01
01a0f317-5a6a-7a8c-b0d0-7592f494cebe,Biedronka,Margaryna Optima Cardio active,Optima,9.99,,2026-10-01,2026-10-03,526611,"Od czwartku, Z ladą tradycyjną",2026-10-01,2026-10-07,18,https://blix.pl/sklep/biedronka/gazetka/526611/?pageNumber=18,https://imgproxy.blix.pl/product_occurrence//71de5e9f-c4ad-4b09-9617-ec6c8ef3c698.jpg,2026-10-01
01a0f317-5a6a-7aa4-b0d0-7592f498ced2,Biedronka,Płyn do prania Ariel Color 50 prań,Ariel,39.99,,2026-10-01,2026-10-03,526611,"Od czwartku, Z ladą tradycyjną",2026-10-01,2026-10-07,18,https://blix.pl/sklep/biedronka/gazetka/526611/?pageNumber=18,https://imgproxy.blix.pl/product_occurrence//074b4ab1-8afb-438c-919d-ff8b7c8bc7e1.jpg,2026-10-01
01a0f317-5ad9-78dc-8cba-661a0f0ee348,Biedronka,Kapsułki Somat 4w1,Somat,29.99,,2026-10-01,2026-10-03,526611,"Od czwartku, Z ladą tradycyjną",2026-10-01,2026-10-07,19,https://blix.pl/sklep/biedronka/gazetka/526611/?pageNumber=19,https://imgproxy.blix.pl/product_occurrence//43582032-d0ee-4812-b233-1b4f89776c51.jpg,2026-10-01
01a0f317-5b22-7858-a75a-7a8d7fa50b7e,Biedronka,Śledzik na raz Lisner w oleju z suszonymi pomidorami,Lisner,2.80,,2026-10-01,2026-10-03,526611,"Od czwartku, Z ladą tradycyjną",2026-10-01,2026-10-07,20,https://blix.pl/sklep/biedronka/gazetka/526611/?pageNumber=20,https://imgproxy.blix.pl/product_occurrence//1aa1cd52-fda3-4b2a-976e-dfb21c590c08.jpg,2026-10-01
01a0f317-5b22-78c0-a75a-7a8d801d07fd,Biedronka,Śledzik na raz Lisner w sosie grzybowym kurki,Lisner,2.80,,2026-10-01,2026-10-03,526611,"Od czwartku, Z ladą tradycyjną",2026-10-01,2026-10-07,20,https://blix.pl/sklep/biedronka/gazetka/526611/?pageNumber=20,https://imgproxy.blix.pl/product_occurrence//230852a2-9698-4fd7-a3f1-1fe093bae311.jpg,2026-10-01
01a0f317-5b22-7924-a75a-7a8d80d01af4,Biedronka,Szynka jak u dziadka Sokołów,Sokołów,9.99,,2026-10-01,2026-10-03,526611,"Od czwartku, Z ladą tradycyjną",2026-10-01,2026-10-07,20,https://blix.pl/sklep/biedronka/gazetka/526611/?pageNumber=20,https://imgproxy.blix.pl/product_occurrence//14f9aed1-2949-40f8-bcae-4faec1b3522e.jpg,2026-10-01
01a0f317-5b22-78ec-a75a-7a8d808a9372,Biedronka,Śledzik na raz Lisner w oleju z cebulką,Lisner,2.80,,2026-10-01,2026-10-03,526611,"Od czwartku, Z ladą tradycyjną",2026-10-01,2026-10-07,20,https://blix.pl/sklep/biedronka/gazetka/526611/?pageNumber=20,https://imgproxy.blix.pl/product_occurrence//3eb2069a-8f56-49ca-989c-e5e9066ebaa2.jpg,2026-10-01
01a0f317-5b22-793c-a75a-7a8d8195a9ba,Biedronka,Schab jak u dziadka Sokołów,Sokołów,9.99,,2026-10-01,2026-10-03,526611,"Od czwartku, Z ladą tradycyjną",2026-10-01,2026-10-07,20,https://blix.pl/sklep/biedronka/gazetka/526611/?pageNumber=20,https://imgproxy.blix.pl/product_occurrence//92d11ae1-4e29-43a3-8e25-4d9daa63c50e.jpg,2026-10-01
01a0f317-5b22-7978-a75a-7a8d81da5203,Biedronka,Jogurt wysokobiałkowy Bakoma x KSW banan-cytryna,Bakoma,6.99,,2026-10-01,2026-10-03,526611,"Od czwartku, Z ladą tradycyjną",2026-10-01,2026-10-07,20,https://blix.pl/sklep/biedronka/gazetka/526611/?pageNumber=20,https://imgproxy.blix.pl/product_occurrence//7abcdec9-bc40-4961-b971-49fea60723dd.jpg,2026-10-01
01a0f317-5b22-7990-a75a-7a8d82cdffcb,Biedronka,Jogurt wysokobiałkowy Bakoma x KSW gruszka z nutą karmelu,Bakoma,6.99,,2026-10-01,2026-10-03,526611,"Od czwartku, Z ladą tradycyjną",2026-10-01,2026-10-07,20,https://blix.pl/sklep/biedronka/gazetka/526611/?pageNumber=20,https://imgproxy.blix.pl/product_occurrence//59dcda2a-a5c8-4dde-8234-1553c3092aa9.jpg,2026-10-01
01a0f317-5b22-79ac-a75a-7a8d83afae7e,Biedronka,Jogurt wysokobiałkowy Bakoma x KSW truskawka-malina,Bakoma,6.99,,2026-10-01,2026-10-03,526611,"Od czwartku, Z ladą tradycyjną",2026-10-01,2026-10-07,20,https://blix.pl/sklep/biedronka/gazetka/526611/?pageNumber=20,https://imgproxy.blix.pl/product_occurrence//835f0e7b-18e2-4c65-92bd-4732ef2722f1.jpg,2026-10-01
01a0f317-5b96-70d8-a1e0-f0fd00a1d7d4,Biedronka,Puszysty serek twarogowy śmietankowy Almette,Almette,3.99,,2026-10-01,2026-10-03,526611,"Od czwartku, Z ladą tradycyjną",2026-10-01,2026-10-07,21,https://blix.pl/sklep/biedronka/gazetka/526611/?pageNumber=21,https://imgproxy.blix.pl/product_occurrence//6a209320-98cd-4aa3-b538-14625337725b.jpg,2026-10-01
01a0f317-5b96-706c-a1e0-f0fcffbac3d1,Biedronka,Puszysty serek twarogowy lekki z ziołami Almette,Almette,3.99,,2026-10-01,2026-10-03,526611,"Od czwartku, Z ladą tradycyjną",2026-10-01,2026-10-07,21,https://blix.pl/sklep/biedronka/gazetka/526611/?pageNumber=21,https://imgproxy.blix.pl/product_occurrence//4a5f654f-df3b-436a-bed6-6fef3e8e899a.jpg,2026-10-01
01a0f317-5be9-7e04-930c-019113c8f847,Biedronka,Pomidory malinowe polskie układane na wagę,Biedronka,5.99,,2026-10-01,2026-10-03,526611,"Od czwartku, Z ladą tradycyjną",2026-10-01,2026-10-07,22,https://blix.pl/sklep/biedronka/gazetka/526611/?pageNumber=22,https://imgproxy.blix.pl/product_occurrence//99658aef-6991-49bd-af3a-cd0388a227d4.jpg,2026-10-01
01a0f317-5be9-7e74-930c-0191142e8786,Biedronka,Kurki,Biedronka,8.99,,2026-10-01,2026-10-03,526611,"Od czwartku, Z ladą tradycyjną",2026-10-01,2026-10-07,22,https://blix.pl/sklep/biedronka/gazetka/526611/?pageNumber=22,https://imgproxy.blix.pl/product_occurrence//b754ea80-d9d7-4e7f-abf7-050efe3e8670.jpg,2026-10-01
01a0f317-5be9-7ef4-930c-019114ddfd33,Biedronka,Brokuł,Biedronka,3.89,,2026-10-01,2026-10-03,526611,"Od czwartku, Z ladą tradycyjną",2026-10-01,2026-10-07,22,https://blix.pl/sklep/biedronka/gazetka/526611/?pageNumber=22,https://imgproxy.blix.pl/product_occurrence//d97aefb3-698f-45fa-8564-85bf3799d631.jpg,2026-10-01
01a0f317-5be9-7f18-930c-019115a3544e,Biedronka,Śliwki polskie na wagę,Biedronka,3.99,,2026-10-01,2026-10-03,526611,"Od czwartku, Z ladą tradycyjną",2026-10-01,2026-10-07,22,https://blix.pl/sklep/biedronka/gazetka/526611/?pageNumber=22,https://imgproxy.blix.pl/product_occurrence//32a504b8-a441-49de-93e9-755efd851987.jpg,2026-10-01
01a0f317-5be9-7f34-930c-019115ec2798,Biedronka,Winogrona na wagę,Biedronka,5.99,,2026-10-01,2026-10-03,526611,"Od czwartku, Z ladą tradycyjną",2026-10-01,2026-10-07,22,https://blix.pl/sklep/biedronka/gazetka/526611/?pageNumber=22,https://imgproxy.blix.pl/product_occurrence//cef00d15-82aa-446d-b0f9-3694e7942073.jpg,2026-10-01
01a0f317-5c41-7807-9036-547a08d18220,Biedronka,Winogrona jasne,Biedronka,5.99,,2026-10-01,2026-10-03,526611,"Od czwartku, Z ladą tradycyjną",2026-10-01,2026-10-07,23,https://blix.pl/sklep/biedronka/gazetka/526611/?pageNumber=23,https://imgproxy.blix.pl/product_occurrence//92f7a24c-46ca-403b-b3b5-be27e90a1fa5.jpg,2026-10-01
01a0f317-5c41-788b-9036-547a09fd9888,Biedronka,Gruszki Konferencja,Biedronka,4.99,,2026-10-01,2026-10-03,526611,"Od czwartku, Z ladą tradycyjną",2026-10-01,2026-10-07,23,https://blix.pl/sklep/biedronka/gazetka/526611/?pageNumber=23,https://imgproxy.blix.pl/product_occurrence//cc770714-4ca8-4ddd-8aca-12caefa8dd92.jpg,2026-10-01
01a0f317-5c41-7863-9036-547a09165a57,Biedronka,Jabłka polskie czerwone,Biedronka,2.99,,2026-10-01,2026-10-03,526611,"Od czwartku, Z ladą tradycyjną",2026-10-01,2026-10-07,23,https://blix.pl/sklep/biedronka/gazetka/526611/?pageNumber=23,https://imgproxy.blix.pl/product_occurrence//813aaf7a-185a-41d4-8728-747dc562f0ea.jpg,2026-10-01
01a0f317-5c41-789f-9036-547a0a93fc17,Biedronka,Figa świeża,Biedronka,0.99,,2026-10-01,2026-10-03,526611,"Od czwartku, Z ladą tradycyjną",2026-10-01,2026-10-07,23,https://blix.pl/sklep/biedronka/gazetka/526611/?pageNumber=23,https://imgproxy.blix.pl/product_occurrence//49df038b-214b-486c-a4ce-dfc6bfb2d041.jpg,2026-10-01
01a0f317-5c41-78b3-9036-547a0aee69a0,Biedronka,Awokado,Biedronka,3.49,,2026-10-01,2026-10-03,526611,"Od czwartku, Z ladą tradycyjną",2026-10-01,2026-10-07,23,https://blix.pl/sklep/biedronka/gazetka/526611/?pageNumber=23,https://imgproxy.blix.pl/product_occurrence//80641b3c-43ca-472a-98ae-3be0b72bcf04.jpg,2026-10-01
01a0f317-5cbb-7930-8861-e8b09d49cf9a,Biedronka,Jabłka polskie,Biedronka,2.98,,2026-10-01,2026-10-03,526611,"Od czwartku, Z ladą tradycyjną",2026-10-01,2026-10-07,24,https://blix.pl/sklep/biedronka/gazetka/526611/?pageNumber=24,https://imgproxy.blix.pl/product_occurrence//ea2c6531-495d-4429-b57f-3c84412056dc.jpg,2026-10-01
01a0f317-5cbb-798c-8861-e8b09de604f5,Biedronka,Maliny polskie,Biedronka,8.99,,2026-10-01,2026-10-03,526611,"Od czwartku, Z ladą tradycyjną",2026-10-01,2026-10-07,24,https://blix.pl/sklep/biedronka/gazetka/526611/?pageNumber=24,https://imgproxy.blix.pl/product_occurrence//6eef6d71-b1fe-4ba1-9b0c-c773209b302e.jpg,2026-10-01
01a0f317-5cbb-79b0-8861-e8b09e531d94,Biedronka,Borówki amerykańskie XL,Biedronka,9.99,,2026-10-01,2026-10-03,526611,"Od czwartku, Z ladą tradycyjną",2026-10-01,2026-10-07,24,https://blix.pl/sklep/biedronka/gazetka/526611/?pageNumber=24,https://imgproxy.blix.pl/product_occurrence//4e6eeaba-24d0-4398-8572-ca837bc5d1a0.jpg,2026-10-01
01a0f317-5cbb-79c8-8861-e8b09e7f3d3a,Biedronka,Ziemniaki jadalne,Biedronka,3.99,,2026-10-01,2026-10-03,526611,"Od czwartku, Z ladą tradycyjną",2026-10-01,2026-10-07,24,https://blix.pl/sklep/biedronka/gazetka/526611/?pageNumber=24,https://imgproxy.blix.pl/product_occurrence//58f8663a-769e-462e-8724-7b4c1ce5ab26.jpg,2026-10-01
01a0f317-5cbb-79dc-8861-e8b09f4614cf,Biedronka,Cebula żółta,Biedronka,1.99,,2026-10-01,2026-10-03,526611,"Od czwartku, Z ladą tradycyjną",2026-10-01,2026-10-07,24,https://blix.pl/sklep/biedronka/gazetka/526611/?pageNumber=24,https://imgproxy.blix.pl/product_occurrence//95d7bfa0-69a1-4172-8e1a-675db01277ff.jpg,2026-10-01
01a0f317-5cbb-79ec-8861-e8b0a000adc9,Biedronka,Czosnek galicyjski,Biedronka,3.99,,2026-10-01,2026-10-01,526611,"Od czwartku, Z ladą tradycyjną",2026-10-01,2026-10-07,24,https://blix.pl/sklep/biedronka/gazetka/526611/?pageNumber=24,https://imgproxy.blix.pl/product_occurrence//274a2129-b706-4bb1-9fb8-f132226f9009.jpg,2026-10-01
01a0f317-5cbb-7a00-8861-e8b0a09c3161,Biedronka,Kukurydza mini,Biedronka,5.99,,2026-10-01,2026-10-01,526611,"Od czwartku, Z ladą tradycyjną",2026-10-01,2026-10-07,24,https://blix.pl/sklep/biedronka/gazetka/526611/?pageNumber=24,https://imgproxy.blix.pl/product_occurrence//00205cc0-d74d-4e92-9612-8518f0357cc6.jpg,2026-10-01
01a0f317-5d2b-7ee3-9b25-f22c03249adf,Biedronka,Ananas na wagę,Biedronka,7.99,,2026-10-01,2026-10-03,526611,"Od czwartku, Z ladą tradycyjną",2026-10-01,2026-10-07,25,https://blix.pl/sklep/biedronka/gazetka/526611/?pageNumber=25,https://imgproxy.blix.pl/product_occurrence//f1e9ebb9-e752-48c4-b009-faec4a1f13c1.jpg,2026-10-01
01a0f317-5d2b-7f5b-9b25-f22c034ddbb9,Biedronka,Jabłka polskie Lobo na wagę,Biedronka,3.99,,2026-10-01,2026-10-03,526611,"Od czwartku, Z ladą tradycyjną",2026-10-01,2026-10-07,25,https://blix.pl/sklep/biedronka/gazetka/526611/?pageNumber=25,https://imgproxy.blix.pl/product_occurrence//a365af5a-5eef-48aa-a142-04cc137ec17f.jpg,2026-10-01
01a0f317-5d2b-7f87-9b25-f22c03d589f7,Biedronka,Cytryny na wagę,Biedronka,5.99,,2026-10-01,2026-10-03,526611,"Od czwartku, Z ladą tradycyjną",2026-10-01,2026-10-07,25,https://blix.pl/sklep/biedronka/gazetka/526611/?pageNumber=25,https://imgproxy.blix.pl/product_occurrence//ddbfe623-3052-46d9-be91-f8f4c4e2d2d9.jpg,2026-10-01
01a0f317-5d2c-7003-b5f5-9a9cb5f12484,Biedronka,Mandarynki,Biedronka,8.99,,2026-10-01,2026-10-03,526611,"Od czwartku, Z ladą tradycyjną",2026-10-01,2026-10-07,25,https://blix.pl/sklep/biedronka/gazetka/526611/?pageNumber=25,https://imgproxy.blix.pl/product_occurrence//3a57a846-cf72-421f-99f2-6f4bbc4017de.jpg,2026-10-01
01a0f317-5d2c-701f-b5f5-9a9cb661074a,Biedronka,Brzoskwinie,Biedronka,3.99,,2026-10-01,2026-10-03,526611,"Od czwartku, Z ladą tradycyjną",2026-10-01,2026-10-07,25,https://blix.pl/sklep/biedronka/gazetka/526611/?pageNumber=25,https://imgproxy.blix.pl/product_occurrence//b68b81ef-0307-4804-9910-9bc18cf14529.jpg,2026-10-01
01a0f317-5d2c-705b-b5f5-9a9cb6918658,Biedronka,"Winogrona bio jasne Hey, Vita!","Hey, Vita!",7.99,,2026-10-01,2026-10-03,526611,"Od czwartku, Z ladą tradycyjną",2026-10-01,2026-10-07,25,https://blix.pl/sklep/biedronka/gazetka/526611/?pageNumber=25,https://imgproxy.blix.pl/product_occurrence//7d7d64cf-64f6-40c4-9f0b-a2d4eae4cdca.jpg,2026-10-01
01a0f317-5d2c-7077-b5f5-9a9cb6aba12c,Biedronka,"Winogrona bio ciemne Hey, Vita!","Hey, Vita!",7.99,,2026-10-01,2026-10-03,526611,"Od czwartku, Z ladą tradycyjną",2026-10-01,2026-10-07,25,https://blix.pl/sklep/biedronka/gazetka/526611/?pageNumber=25,https://imgproxy.blix.pl/product_occurrence//f4842a01-df5c-4da7-b7d4-50bb9b2ddae3.jpg,2026-10-01
01a0f317-5d98-796b-a3d6-825bf0e6c40c,Biedronka,Borówka amerykańska XL Sekoya,Sekoya,9.99,,2026-10-01,2026-10-03,526611,"Od czwartku, Z ladą tradycyjną",2026-10-01,2026-10-07,26,https://blix.pl/sklep/biedronka/gazetka/526611/?pageNumber=26,https://imgproxy.blix.pl/product_occurrence//5ba9109c-fee3-4822-865b-c3a2c701e908.jpg,2026-10-01
01a0f325-13b3-7c3f-ab93-1fc04c6ce98e,Biedronka,Imbir na wagę,Biedronka,14.99,,2026-10-01,2026-10-03,526611,"Od czwartku, Z ladą tradycyjną",2026-10-01,2026-10-07,27,https://blix.pl/sklep/biedronka/gazetka/526611/?pageNumber=27,https://imgproxy.blix.pl/product_occurrence//b4b32802-f3f2-4aa9-8ce5-f5628c89e6f7.jpg,2026-10-01
01a0f318-9ab8-7851-9179-fd01392c2847,Biedronka,Świeże udo z kurczaka,Biedronka,7.99,,2026-10-01,2026-10-03,526611,"Od czwartku, Z ladą tradycyjną",2026-10-01,2026-10-07,28,https://blix.pl/sklep/biedronka/gazetka/526611/?pageNumber=28,https://imgproxy.blix.pl/product_occurrence//79b41761-f4b9-493d-bf2e-73712a735697.jpg,2026-10-01
01a0f318-9ab8-7935-9179-fd0139c5fdcf,Biedronka,Świeże podudzie z kurczaka,Biedronka,7.99,,2026-10-01,2026-10-03,526611,"Od czwartku, Z ladą tradycyjną",2026-10-01,2026-10-07,28,https://blix.pl/sklep/biedronka/gazetka/526611/?pageNumber=28,https://imgproxy.blix.pl/product_occurrence//cde5e467-405b-4c82-8395-df5aa819e91e.jpg,2026-10-01
01a0f318-9ab8-79b5-9179-fd013ab7cb32,Biedronka,Karkówka wieprzowa bez kości,Biedronka,17.49,,2026-10-01,2026-10-03,526611,"Od czwartku, Z ladą tradycyjną",2026-10-01,2026-10-07,28,https://blix.pl/sklep/biedronka/gazetka/526611/?pageNumber=28,https://imgproxy.blix.pl/product_occurrence//e5a94ffe-2081-498c-a47e-7c92e036ac7b.jpg,2026-10-01
01a0f318-9ab8-7a7d-9179-fd013bf8a2bf,Biedronka,Mięso z uda indyka,Biedronka,24.99,,2026-10-01,2026-10-03,526611,"Od czwartku, Z ladą tradycyjną",2026-10-01,2026-10-07,28,https://blix.pl/sklep/biedronka/gazetka/526611/?pageNumber=28,https://imgproxy.blix.pl/product_occurrence//db0b71ca-9259-49e7-96d6-c2eac0c8d25a.jpg,2026-10-01
01a0f318-9ab8-7a19-9179-fd013bb45e1e,Biedronka,Kaczka świeża bez podrobów,Biedronka,12.99,,2026-10-01,2026-10-03,526611,"Od czwartku, Z ladą tradycyjną",2026-10-01,2026-10-07,28,https://blix.pl/sklep/biedronka/gazetka/526611/?pageNumber=28,https://imgproxy.blix.pl/product_occurrence//97146f5e-46d3-44c0-b2f9-d27f88c9ace1.jpg,2026-10-01
01a0f318-9ab8-7add-9179-fd013c94fda8,Biedronka,Kiełbasa biała surowa premium,Biedronka,18.99,,2026-10-01,2026-10-03,526611,"Od czwartku, Z ladą tradycyjną",2026-10-01,2026-10-07,28,https://blix.pl/sklep/biedronka/gazetka/526611/?pageNumber=28,https://imgproxy.blix.pl/product_occurrence//e1a9a398-e6b9-4c43-bbf0-5fcb587d4258.jpg,2026-10-01
01a0f318-9ab8-7b3d-9179-fd013cef2e38,Biedronka,Skrzydełka z kurczaka,Biedronka,6.99,,2026-10-01,2026-10-03,526611,"Od czwartku, Z ladą tradycyjną",2026-10-01,2026-10-07,28,https://blix.pl/sklep/biedronka/gazetka/526611/?pageNumber=28,https://imgproxy.blix.pl/product_occurrence//b0aaa730-11e5-490e-a986-3ce4839fb0d6.jpg,2026-10-01
01a0f318-9b1a-74eb-af7e-38374aefa3d4,Biedronka,Szynka Doskonała w smaku Duda,Duda,3.99,,2026-10-01,2026-10-03,526611,"Od czwartku, Z ladą tradycyjną",2026-10-01,2026-10-07,29,https://blix.pl/sklep/biedronka/gazetka/526611/?pageNumber=29,https://imgproxy.blix.pl/product_occurrence//9e333a2a-e29f-4fd4-8cf4-6038a2e00029.jpg,2026-10-01
01a0f318-9b1a-75f7-af7e-38374be8c3ed,Biedronka,Kiełbasa królewska z szynki Madej Wróbel,Madej Wróbel,2.99,,2026-10-01,2026-10-03,526611,"Od czwartku, Z ladą tradycyjną",2026-10-01,2026-10-07,29,https://blix.pl/sklep/biedronka/gazetka/526611/?pageNumber=29,https://imgproxy.blix.pl/product_occurrence//c20d31fc-325a-48c7-a760-ca576d5ad814.jpg,2026-10-01
01a0f318-9b1a-7683-af7e-38374c37eb95,Biedronka,Szynka delikatesowa z kurcząt Drobimex,Drobimex,3.89,,2026-10-01,2026-10-03,526611,"Od czwartku, Z ladą tradycyjną",2026-10-01,2026-10-07,29,https://blix.pl/sklep/biedronka/gazetka/526611/?pageNumber=29,https://imgproxy.blix.pl/product_occurrence//5ab06f4a-b4c7-40ec-9e4e-b4af626e6d70.jpg,2026-10-01
01a0f318-9b1a-76ef-af7e-38374d013831,Biedronka,Pasztet z indyka Mościbrody,Mościbrody,2.59,,2026-10-01,2026-10-03,526611,"Od czwartku, Z ladą tradycyjną",2026-10-01,2026-10-07,29,https://blix.pl/sklep/biedronka/gazetka/526611/?pageNumber=29,https://imgproxy.blix.pl/product_occurrence//6a056f4e-15c8-4922-b516-a2822e77a6f5.jpg,2026-10-01
01a0f318-9b1a-77bb-af7e-38374dbc200a,Biedronka,Sałatka jarzynowa Seko,Seko,1.19,,2026-10-01,2026-10-03,526611,"Od czwartku, Z ladą tradycyjną",2026-10-01,2026-10-07,29,https://blix.pl/sklep/biedronka/gazetka/526611/?pageNumber=29,https://imgproxy.blix.pl/product_occurrence//70291294-ea2e-46e6-9c3f-6478767dd6dd.jpg,2026-10-01
01a0f318-9b1a-781b-af7e-38374dc0a42b,Biedronka,Filety śledziowe a'la Matjas,Biedronka,1.79,,2026-10-01,2026-10-03,526611,"Od czwartku, Z ladą tradycyjną",2026-10-01,2026-10-07,29,https://blix.pl/sklep/biedronka/gazetka/526611/?pageNumber=29,https://imgproxy.blix.pl/product_occurrence//2099ccd1-73b0-494a-b0d1-fd9ba2872529.jpg,2026-10-01
01a0f318-9b1a-7757-af7e-38374d75e5d1,Biedronka,Ser edam Rycki,Ryki,2.99,,2026-10-01,2026-10-03,526611,"Od czwartku, Z ladą tradycyjną",2026-10-01,2026-10-07,29,https://blix.pl/sklep/biedronka/gazetka/526611/?pageNumber=29,https://imgproxy.blix.pl/product_occurrence//5b70b2e5-b060-4d94-a3b8-d287f7e2a49c.jpg,2026-10-01
01a0f318-9b8c-7cb6-b809-e3e8c5f52fbc,Biedronka,Mięso mielone z łopatki wieprzowej Kraina Mięs,Kraina Mięs,5.49,,2026-10-01,2026-10-03,526611,"Od czwartku, Z ladą tradycyjną",2026-10-01,2026-10-07,30,https://blix.pl/sklep/biedronka/gazetka/526611/?pageNumber=30,https://imgproxy.blix.pl/product_occurrence//b047d421-8695-41b3-8489-8ce3743d5daf.jpg,2026-10-01
01a0f318-9b8c-7d82-b809-e3e8c6a0dd1b,Biedronka,Stek wołowy z antrykotu Kraina Mięs,Kraina Mięs,6.49,,2026-10-01,2026-10-03,526611,"Od czwartku, Z ladą tradycyjną",2026-10-01,2026-10-07,30,https://blix.pl/sklep/biedronka/gazetka/526611/?pageNumber=30,https://imgproxy.blix.pl/product_occurrence//292a2108-3e0f-4b41-b743-0b0211ca40ba.jpg,2026-10-01
01a0f318-9b8c-7e1a-b809-e3e8c6c518e8,Biedronka,Stek wołowy z rostbefu Kraina Mięs,Kraina Mięs,6.49,,2026-10-01,2026-10-03,526611,"Od czwartku, Z ladą tradycyjną",2026-10-01,2026-10-07,30,https://blix.pl/sklep/biedronka/gazetka/526611/?pageNumber=30,https://imgproxy.blix.pl/product_occurrence//bb8ea0cc-33c1-4afd-845e-d707defd68b6.jpg,2026-10-01
01a0f318-9b8c-7e76-b809-e3e8c73eeec9,Biedronka,Polędwiczki z kurczaka Mega Paka Kraina Mięs,Kraina Mięs,24.99,,2026-10-01,2026-10-03,526611,"Od czwartku, Z ladą tradycyjną",2026-10-01,2026-10-07,30,https://blix.pl/sklep/biedronka/gazetka/526611/?pageNumber=30,https://imgproxy.blix.pl/product_occurrence//e1b919d2-f6cb-48a1-ba91-57bc1a85c2eb.jpg,2026-10-01
01a0f318-9b8c-7f1e-b809-e3e8c7d44a9f,Biedronka,Burger wołowy Kraina Mięs,Kraina Mięs,6.99,,2026-10-01,2026-10-03,526611,"Od czwartku, Z ladą tradycyjną",2026-10-01,2026-10-07,30,https://blix.pl/sklep/biedronka/gazetka/526611/?pageNumber=30,https://imgproxy.blix.pl/product_occurrence//85a2fcda-f5bf-449e-95e7-05fe9018b053.jpg,2026-10-01
01a0f318-9b8c-7f92-b809-e3e8c7fdbce2,Biedronka,Podudzie z indyka pakowane próżniowo Kraina Mięs,Kraina Mięs,11.99,,2026-10-01,2026-10-03,526611,"Od czwartku, Z ladą tradycyjną",2026-10-01,2026-10-07,30,https://blix.pl/sklep/biedronka/gazetka/526611/?pageNumber=30,https://imgproxy.blix.pl/product_occurrence//bb827597-e5ab-4450-be2b-6078683b354c.jpg,2026-10-01
01a0f318-9b8d-7109-a564-977da3afa658,Biedronka,Karkówka wieprzowa bez kości kotlety Kraina Mięs,Kraina Mięs,12.99,,2026-10-01,2026-10-03,526611,"Od czwartku, Z ladą tradycyjną",2026-10-01,2026-10-07,30,https://blix.pl/sklep/biedronka/gazetka/526611/?pageNumber=30,https://imgproxy.blix.pl/product_occurrence//c9744bfd-360b-4844-b17b-0fc146b35669.jpg,2026-10-01
01a0f318-9b8d-7049-a564-977da232e4b9,Biedronka,Żeberka wieprzowe paski pakowane próżniowo Kraina Mięs,Kraina Mięs,17.99,,2026-10-01,2026-10-03,526611,"Od czwartku, Z ladą tradycyjną",2026-10-01,2026-10-07,30,https://blix.pl/sklep/biedronka/gazetka/526611/?pageNumber=30,https://imgproxy.blix.pl/product_occurrence//ab3aecb8-a414-4c74-9305-ee9e0e757629.jpg,2026-10-01
01a0f318-9b8d-70ad-a564-977da3233604,Biedronka,Flaki wołowe gotowane krojone Kraina Mięs,Kraina Mięs,8.99,,2026-10-01,2026-10-03,526611,"Od czwartku, Z ladą tradycyjną",2026-10-01,2026-10-07,30,https://blix.pl/sklep/biedronka/gazetka/526611/?pageNumber=30,https://imgproxy.blix.pl/product_occurrence//563fb792-a163-4feb-b90c-ab5b89ff272e.jpg,2026-10-01
01a0f325-373a-780e-a28f-2b6cfa5b2379,Biedronka,Stek z ligawy cielęcej Gourmet,Gourmet,25.99,,2026-10-01,2026-10-03,526611,"Od czwartku, Z ladą tradycyjną",2026-10-01,2026-10-07,31,https://blix.pl/sklep/biedronka/gazetka/526611/?pageNumber=31,https://imgproxy.blix.pl/product_occurrence//d006fbe5-06cc-4cdf-9b42-5c4daeedff47.jpg,2026-10-01
01a0f325-4372-7d12-bd3e-e61c72028c13,Biedronka,Golonka wieprzowa Wolno Gotowane Kraina Mięs,Kraina Mięs,17.90,,2026-10-01,2026-10-03,526611,"Od czwartku, Z ladą tradycyjną",2026-10-01,2026-10-07,31,https://blix.pl/sklep/biedronka/gazetka/526611/?pageNumber=31,https://imgproxy.blix.pl/product_occurrence//31a53988-e0f6-4915-9796-fb5a9662f2cb.jpg,2026-10-01
01a0f325-2f07-7108-b3ff-f0898b302810,Biedronka,Przepiórka świeża,Biedronka,13.99,,2026-10-01,2026-10-07,526611,"Od czwartku, Z ladą tradycyjną",2026-10-01,2026-10-07,31,https://blix.pl/sklep/biedronka/gazetka/526611/?pageNumber=31,https://imgproxy.blix.pl/product_occurrence//ee4ff4f4-a81c-4ad6-8fee-819953223801.jpg,2026-10-01
01a0f325-3c43-7a4f-aaa2-a79299b63911,Biedronka,Kaczka nadziewana jabłkami i pomarańczami Prosto do piekarnika Biedronka,Biedronka,16.99,,2026-10-01,2026-10-07,526611,"Od czwartku, Z ladą tradycyjną",2026-10-01,2026-10-07,31,https://blix.pl/sklep/biedronka/gazetka/526611/?pageNumber=31,https://imgproxy.blix.pl/product_occurrence//d97b9105-c2ba-42e3-9fc4-10cf5106e3fb.jpg,2026-10-01
01a0f325-1cd6-7af7-8f9c-903c4fb9ea9d,Biedronka,Paski z fileta z kurczaka,Biedronka,12.99,,2026-10-01,2026-10-07,526611,"Od czwartku, Z ladą tradycyjną",2026-10-01,2026-10-07,31,https://blix.pl/sklep/biedronka/gazetka/526611/?pageNumber=31,https://imgproxy.blix.pl/product_occurrence//babaaa8c-1fe8-4db8-96c1-7fdd2877e1b7.jpg,2026-10-01
01a0f325-27cd-771d-92c7-a6893f6a84ec,Biedronka,Mięso mielone wołowe Kraina Mięs,Kraina Mięs,12.99,,2026-10-01,2026-10-03,526611,"Od czwartku, Z ladą tradycyjną",2026-10-01,2026-10-07,31,https://blix.pl/sklep/biedronka/gazetka/526611/?pageNumber=31,https://imgproxy.blix.pl/product_occurrence//5ccaf5f6-abe9-4208-80a6-ca5ef64009df.jpg,2026-10-01
01a0f325-4cad-7aa8-8cf7-8b4b842dda0b,Biedronka,Krewetki gotowane Marinero,Marinero,14.99,,2026-10-01,2026-10-03,526611,"Od czwartku, Z ladą tradycyjną",2026-10-01,2026-10-07,32,https://blix.pl/sklep/biedronka/gazetka/526611/?pageNumber=32,https://imgproxy.blix.pl/product_occurrence//af516707-3937-4d3d-8b12-7ec72d0c29e0.jpg,2026-10-01
01a0f325-52d0-7ce7-ab34-b995886357a0,Biedronka,Filet z halibuta bez skóry Marinero,Marinero,,,2026-10-01,2026-10-03,526611,"Od czwartku, Z ladą tradycyjną",2026-10-01,2026-10-07,32,https://blix.pl/sklep/biedronka/gazetka/526611/?pageNumber=32,https://imgproxy.blix.pl/product_occurrence//a83581c8-f1a2-40c2-8a90-f34678d0d7ea.jpg,2026-10-01
01a0f325-5870-7f8e-8a9a-abb76a0d7bc3,Biedronka,Filet z dorsza atlantyckiego z Grenlandii Marinero,Marinero,,,2026-10-01,2026-10-03,526611,"Od czwartku, Z ladą tradycyjną",2026-10-01,2026-10-07,32,https://blix.pl/sklep/biedronka/gazetka/526611/?pageNumber=32,https://imgproxy.blix.pl/product_occurrence//866cccc3-2880-4552-b6d7-101b53da9adc.jpg,2026-10-01
01a0f325-5dc7-7773-9e2c-7beb48c61cce,Biedronka,Filet bez skóry z karmazyna Marinero,Marinero,,,2026-10-01,2026-10-03,526611,"Od czwartku, Z ladą tradycyjną",2026-10-01,2026-10-07,32,https://blix.pl/sklep/biedronka/gazetka/526611/?pageNumber=32,https://imgproxy.blix.pl/product_occurrence//c3ebbef5-4029-4b1f-8738-5e5407df32a4.jpg,2026-10-01
01a0f325-690e-778c-8f96-a18f96d2a037,Biedronka,Krewetki obrane Marinero,Marinero,19.99,,2026-10-01,2026-10-03,526611,"Od czwartku, Z ladą tradycyjną",2026-10-01,2026-10-07,32,https://blix.pl/sklep/biedronka/gazetka/526611/?pageNumber=32,https://imgproxy.blix.pl/product_occurrence//e61dfe04-82e2-4049-bc50-0a144ff963e0.jpg,2026-10-01
01a0f325-63d7-71c3-a5f1-040b7b84d9ad,Biedronka,Polędwica z łososia Superfish,Superfish,,,2026-10-01,2026-10-03,526611,"Od czwartku, Z ladą tradycyjną",2026-10-01,2026-10-07,32,https://blix.pl/sklep/biedronka/gazetka/526611/?pageNumber=32,https://imgproxy.blix.pl/product_occurrence//83d5eca5-ee78-4040-a2a1-c87091c87e69.jpg,2026-10-01
01a0f325-73bc-7948-b626-4cb20742aef9,Biedronka,Mule w białym winie Norso,Norso,24.99,,2026-10-01,2026-10-03,526611,"Od czwartku, Z ladą tradycyjną",2026-10-01,2026-10-07,32,https://blix.pl/sklep/biedronka/gazetka/526611/?pageNumber=32,https://imgproxy.blix.pl/product_occurrence//75e361a5-ecc4-480d-9b37-907260952544.jpg,2026-10-01
01a0f325-6e63-73d8-93f2-029aab46f4fb,Biedronka,Kalmary w cieście Mirko,Mirko,19.99,,2026-10-01,2026-10-03,526611,"Od czwartku, Z ladą tradycyjną",2026-10-01,2026-10-07,32,https://blix.pl/sklep/biedronka/gazetka/526611/?pageNumber=32,https://imgproxy.blix.pl/product_occurrence//acac1d06-5100-48ef-8527-58344755c4df.jpg,2026-10-01
01a0f325-7c55-7b79-9316-2726a7c49765,Biedronka,Łosoś norweski wędzony na zimno w plastrach Marinero,Marinero,12.00,,2026-10-01,2026-10-03,526611,"Od czwartku, Z ladą tradycyjną",2026-10-01,2026-10-07,33,https://blix.pl/sklep/biedronka/gazetka/526611/?pageNumber=33,https://imgproxy.blix.pl/product_occurrence//b388a60a-35b7-4c83-bef9-660ace324790.jpg,2026-10-01
01a0f325-8f03-7a14-a7d4-0d53dc4e1e4c,Biedronka,Sushi Marinero,Marinero,7.99,,2026-10-01,2026-10-03,526611,"Od czwartku, Z ladą tradycyjną",2026-10-01,2026-10-07,33,https://blix.pl/sklep/biedronka/gazetka/526611/?pageNumber=33,https://imgproxy.blix.pl/product_occurrence//77942458-5d16-44b0-bb7f-0e2df67fb2f2.jpg,2026-10-01
01a0f325-8973-74db-b14b-fcddf6692c64,Biedronka,Makrela wędzona tusza Marinero,Marinero,3.79,,2026-10-01,2026-10-03,526611,"Od czwartku, Z ladą tradycyjną",2026-10-01,2026-10-07,33,https://blix.pl/sklep/biedronka/gazetka/526611/?pageNumber=33,https://imgproxy.blix.pl/product_occurrence//9a106109-6408-4452-a326-b6fc4071f59b.jpg,2026-10-01
01a0f325-9a0c-737e-a0ce-1239723dacd7,Biedronka,Sushi Toshii,Toshii,11.99,,2026-10-01,2026-10-03,526611,"Od czwartku, Z ladą tradycyjną",2026-10-01,2026-10-07,33,https://blix.pl/sklep/biedronka/gazetka/526611/?pageNumber=33,https://imgproxy.blix.pl/product_occurrence//faad11a8-12cd-4854-8cfd-d378eca74718.jpg,2026-10-01
01a0f325-94b0-7250-9476-9c80e075b989,Biedronka,Sushi Sushiko,Sushiko,8.99,,2026-10-01,2026-10-03,526611,"Od czwartku, Z ladą tradycyjną",2026-10-01,2026-10-07,33,https://blix.pl/sklep/biedronka/gazetka/526611/?pageNumber=33,https://imgproxy.blix.pl/product_occurrence//e097907d-9f2d-4957-bd70-4efa72077d11.jpg,2026-10-01
01a0f325-a9b9-79ef-8525-03441c6f23e9,Biedronka,Sushi Premium Kyoko,Kyoko,21.99,,2026-10-01,2026-10-03,526611,"Od czwartku, Z ladą tradycyjną",2026-10-01,2026-10-07,33,https://blix.pl/sklep/biedronka/gazetka/526611/?pageNumber=33,https://imgproxy.blix.pl/product_occurrence//4c7e49fa-830a-4d1b-9dcd-bf7bcaac2f09.jpg,2026-10-01
01a0f325-9f37-70fe-87af-fd9949229880,Biedronka,Sushi Sakura Kuro,Sakura,16.99,,2026-10-01,2026-10-03,526611,"Od czwartku, Z ladą tradycyjną",2026-10-01,2026-10-07,33,https://blix.pl/sklep/biedronka/gazetka/526611/?pageNumber=33,https://imgproxy.blix.pl/product_occurrence//e4df960c-680d-442f-a5e2-38525979779f.jpg,2026-10-01
01a0f325-a448-71dc-8680-f6751af84e8e,Biedronka,Double Wrap Sakura pieczony łosoś,Sakura,19.99,,2026-10-01,2026-10-03,526611,"Od czwartku, Z ladą tradycyjną",2026-10-01,2026-10-07,33,https://blix.pl/sklep/biedronka/gazetka/526611/?pageNumber=33,https://imgproxy.blix.pl/product_occurrence//f7f03107-c0a2-4995-81d6-bb6e824b12df.jpg,2026-10-01
01a0f325-9f37-705a-87af-fd9948b434ff,Biedronka,Sushi Sakura Nami,Sakura,16.99,,2026-10-01,2026-10-03,526611,"Od czwartku, Z ladą tradycyjną",2026-10-01,2026-10-07,33,https://blix.pl/sklep/biedronka/gazetka/526611/?pageNumber=33,https://imgproxy.blix.pl/product_occurrence//52a52ca8-744d-41ad-93b1-04958aa2c9b2.jpg,2026-10-01
01a0f325-8195-7587-a12d-e4140ff6dc88,Biedronka,Śledzie po kołobrzesku Kapitan Navi,Kapitan Navi,13.99,,2026-10-01,2026-10-07,526611,"Od czwartku, Z ladą tradycyjną",2026-10-01,2026-10-07,33,https://blix.pl/sklep/biedronka/gazetka/526611/?pageNumber=33,https://imgproxy.blix.pl/product_occurrence//db37e937-f682-477f-ae34-45fce33e0573.jpg,2026-10-01
01a0f325-aa45-76e2-ac0b-2b3257eaa420,Biedronka,Chleb orkiszowy z ziarnami,Biedronka,4.75,,2026-10-01,2026-10-03,526611,"Od czwartku, Z ladą tradycyjną",2026-10-01,2026-10-07,34,https://blix.pl/sklep/biedronka/gazetka/526611/?pageNumber=34,https://imgproxy.blix.pl/product_occurrence//46f703ce-237d-4c65-87ac-af2137f8a81f.jpg,2026-10-01
01a0f325-aa45-77c6-ac0b-2b325b1827dd,Biedronka,Przekąska kebab,Biedronka,4.09,,2026-10-01,2026-10-03,526611,"Od czwartku, Z ladą tradycyjną",2026-10-01,2026-10-07,34,https://blix.pl/sklep/biedronka/gazetka/526611/?pageNumber=34,https://imgproxy.blix.pl/product_occurrence//8819964d-c96f-44e1-9d61-983a66428ec5.jpg,2026-10-01
01a0f325-aa45-7776-ac0b-2b32590a6585,Biedronka,Bułka poranna fitness,Biedronka,0.89,,2026-10-01,2026-10-03,526611,"Od czwartku, Z ladą tradycyjną",2026-10-01,2026-10-07,34,https://blix.pl/sklep/biedronka/gazetka/526611/?pageNumber=34,https://imgproxy.blix.pl/product_occurrence//df54a9f6-88a9-4ba0-8128-3047538fcb0d.jpg,2026-10-01
01a0f325-aa45-77ae-ac0b-2b325a77aecc,Biedronka,Zapiekanka z pieczarkami serem ketchupem i szynką,Biedronka,3.75,,2026-10-01,2026-10-03,526611,"Od czwartku, Z ladą tradycyjną",2026-10-01,2026-10-07,34,https://blix.pl/sklep/biedronka/gazetka/526611/?pageNumber=34,https://imgproxy.blix.pl/product_occurrence//e0b00625-c2d5-4164-8e41-c54dbf2d4711.jpg,2026-10-01
01a0f325-aa45-774a-ac0b-2b32580aa2ac,Biedronka,Bułka codzienna,Biedronka,1.05,,2026-10-01,2026-10-03,526611,"Od czwartku, Z ladą tradycyjną",2026-10-01,2026-10-07,34,https://blix.pl/sklep/biedronka/gazetka/526611/?pageNumber=34,https://imgproxy.blix.pl/product_occurrence//02c27ba2-9428-4f01-b81d-a110dd5eaf69.jpg,2026-10-01
01a0f325-aa45-7792-ac0b-2b3259825b23,Biedronka,Bułka z żółtym serem,Biedronka,1.35,,2026-10-01,2026-10-03,526611,"Od czwartku, Z ladą tradycyjną",2026-10-01,2026-10-07,34,https://blix.pl/sklep/biedronka/gazetka/526611/?pageNumber=34,https://imgproxy.blix.pl/product_occurrence//8d3faeaf-879f-469e-9806-6dc0b996d86b.jpg,2026-10-01
01a0f325-aa45-77e2-ac0b-2b325b9ff161,Biedronka,Ciastko duet truskawkowy,Biedronka,1.59,,2026-10-01,2026-10-03,526611,"Od czwartku, Z ladą tradycyjną",2026-10-01,2026-10-07,34,https://blix.pl/sklep/biedronka/gazetka/526611/?pageNumber=34,https://imgproxy.blix.pl/product_occurrence//553fab07-1d11-4514-82cf-a9987d0aec99.jpg,2026-10-01
01a0f325-aa45-77fe-ac0b-2b325c28754e,Biedronka,Croissant z nadzieniem orzechowo-kakaowym,Biedronka,2.69,,2026-10-01,2026-10-03,526611,"Od czwartku, Z ladą tradycyjną",2026-10-01,2026-10-07,34,https://blix.pl/sklep/biedronka/gazetka/526611/?pageNumber=34,https://imgproxy.blix.pl/product_occurrence//3a960a60-2958-4d9d-ac9e-da18a34bff3e.jpg,2026-10-01
01a0f325-aa45-7816-ac0b-2b325c30b42f,Biedronka,Wytrawny donut cheddar jalapeno,Biedronka,4.49,,2026-10-01,2026-10-03,526611,"Od czwartku, Z ladą tradycyjną",2026-10-01,2026-10-07,34,https://blix.pl/sklep/biedronka/gazetka/526611/?pageNumber=34,https://imgproxy.blix.pl/product_occurrence//49b7acdd-a26e-4b9d-b018-6679e76d415b.jpg,2026-10-01
01a0f325-aacc-7300-addc-53f9307781d3,Biedronka,Chleb w stylu włoskim,Biedronka,4.19,,2026-10-01,2026-10-03,526611,"Od czwartku, Z ladą tradycyjną",2026-10-01,2026-10-07,35,https://blix.pl/sklep/biedronka/gazetka/526611/?pageNumber=35,https://imgproxy.blix.pl/product_occurrence//042b7e66-f333-4238-a4ec-bc132fc6a8dc.jpg,2026-10-01
01a0f325-aacc-731c-addc-53f9312d2109,Biedronka,Flauto margherita,Biedronka,4.49,,2026-10-01,2026-10-03,526611,"Od czwartku, Z ladą tradycyjną",2026-10-01,2026-10-07,35,https://blix.pl/sklep/biedronka/gazetka/526611/?pageNumber=35,https://imgproxy.blix.pl/product_occurrence//0d87663c-6179-486b-9c00-dcb26803ddce.jpg,2026-10-01
01a0f325-aacc-72d4-addc-53f93005d973,Biedronka,Schiacciata,Biedronka,1.99,,2026-10-01,2026-10-03,526611,"Od czwartku, Z ladą tradycyjną",2026-10-01,2026-10-07,35,https://blix.pl/sklep/biedronka/gazetka/526611/?pageNumber=35,https://imgproxy.blix.pl/product_occurrence//769e9ee8-7556-49dd-87a2-54753ebe2ef9.jpg,2026-10-01
01a0f325-aacc-7250-addc-53f92f5de0c4,Biedronka,Ciabatta,Biedronka,0.99,,2026-10-01,2026-10-03,526611,"Od czwartku, Z ladą tradycyjną",2026-10-01,2026-10-07,35,https://blix.pl/sklep/biedronka/gazetka/526611/?pageNumber=35,https://imgproxy.blix.pl/product_occurrence//9536b707-213a-4638-9ad3-ddcb0090882a.jpg,2026-10-01
01a0f325-aacc-7384-addc-53f933e3f6af,Biedronka,Ciastka kruche z ziarnami na wagę,Biedronka,3.19,,2026-10-01,2026-10-03,526611,"Od czwartku, Z ladą tradycyjną",2026-10-01,2026-10-07,35,https://blix.pl/sklep/biedronka/gazetka/526611/?pageNumber=35,https://imgproxy.blix.pl/product_occurrence//4ee39d81-39fd-4d65-8827-b7c14bb94217.jpg,2026-10-01
01a0f325-aacc-7368-addc-53f932e485a2,Biedronka,Cynamonka,Biedronka,3.99,,2026-10-01,2026-10-03,526611,"Od czwartku, Z ladą tradycyjną",2026-10-01,2026-10-07,35,https://blix.pl/sklep/biedronka/gazetka/526611/?pageNumber=35,https://imgproxy.blix.pl/product_occurrence//c1665db0-16bc-49ca-b4ea-26520bae5907.jpg,2026-10-01
01a0f325-aacc-7334-addc-53f931341770,Biedronka,Pinsa Capriciosa,Biedronka,4.89,,2026-10-01,2026-10-03,526611,"Od czwartku, Z ladą tradycyjną",2026-10-01,2026-10-07,35,https://blix.pl/sklep/biedronka/gazetka/526611/?pageNumber=35,https://imgproxy.blix.pl/product_occurrence//a2e074bf-728a-43fb-a910-760987c1de3d.jpg,2026-10-01
01a0f325-aacc-7350-addc-53f931f3c354,Biedronka,Pizza z salami,Biedronka,3.75,,2026-10-01,2026-10-03,526611,"Od czwartku, Z ladą tradycyjną",2026-10-01,2026-10-07,35,https://blix.pl/sklep/biedronka/gazetka/526611/?pageNumber=35,https://imgproxy.blix.pl/product_occurrence//d3aea06e-eea6-4d51-b334-93f74290219a.jpg,2026-10-01
01a0f325-ab49-71e4-8d1a-09248ebe26a1,Biedronka,Kiełbasa śląska z szynki Kraina Wędlin Select,Kraina Wędlin Select,2.99,,2026-10-01,2026-10-07,526611,"Od czwartku, Z ladą tradycyjną",2026-10-01,2026-10-07,36,https://blix.pl/sklep/biedronka/gazetka/526611/?pageNumber=36,https://imgproxy.blix.pl/product_occurrence//1538ec5a-fdcf-4702-a476-5971e5451cc0.jpg,2026-10-01
01a0f325-ab94-7553-8776-c70241966598,Biedronka,Schiacciata,Biedronka,1.99,,2026-10-01,2026-10-03,526611,"Od czwartku, Z ladą tradycyjną",2026-10-01,2026-10-07,37,https://blix.pl/sklep/biedronka/gazetka/526611/?pageNumber=37,https://imgproxy.blix.pl/product_occurrence//6c0d6202-a89d-4261-8f9d-5678c447cb44.jpg,2026-10-01
01a0f325-abe8-7e62-827d-5b46efa3ffc6,Biedronka,Sernik o smaku kokosowym z kremem Princessa,Princessa,23.99,,2026-10-01,2026-10-07,526611,"Od czwartku, Z ladą tradycyjną",2026-10-01,2026-10-07,38,https://blix.pl/sklep/biedronka/gazetka/526611/?pageNumber=38,https://imgproxy.blix.pl/product_occurrence//c5990b8d-67d4-4008-a045-d48a2d899d0f.jpg,2026-10-01
01a0f325-abe8-7ec6-827d-5b46f056ddd6,Biedronka,Ciasto Budyniowiec,Biedronka,21.99,,2026-10-01,2026-10-07,526611,"Od czwartku, Z ladą tradycyjną",2026-10-01,2026-10-07,38,https://blix.pl/sklep/biedronka/gazetka/526611/?pageNumber=38,https://imgproxy.blix.pl/product_occurrence//c256d9d2-fbc6-4266-8a41-7b3b2ad019c5.jpg,2026-10-01
01a0f325-abe8-7f16-827d-5b46f202e9da,Biedronka,Ciasto Leoś,Biedronka,22.99,,2026-10-01,2026-10-07,526611,"Od czwartku, Z ladą tradycyjną",2026-10-01,2026-10-07,38,https://blix.pl/sklep/biedronka/gazetka/526611/?pageNumber=38,https://imgproxy.blix.pl/product_occurrence//98859ee0-9deb-419f-900d-a34cef79b7bb.jpg,2026-10-01
01a0f325-abe8-7eea-827d-5b46f0d8f279,Biedronka,Ciasto z wiśniami,Biedronka,14.99,,2026-10-01,2026-10-07,526611,"Od czwartku, Z ladą tradycyjną",2026-10-01,2026-10-07,38,https://blix.pl/sklep/biedronka/gazetka/526611/?pageNumber=38,https://imgproxy.blix.pl/product_occurrence//0b950080-2319-4fda-a2d9-9954241d2881.jpg,2026-10-01
01a0f325-abe8-7efe-827d-5b46f12372cf,Biedronka,Mus czekoladowy E.Wedel,E. Wedel,24.99,,2026-10-01,2026-10-07,526611,"Od czwartku, Z ladą tradycyjną",2026-10-01,2026-10-07,38,https://blix.pl/sklep/biedronka/gazetka/526611/?pageNumber=38,https://imgproxy.blix.pl/product_occurrence//1d3dc054-ec5d-4450-9921-d8bae7f3e85a.jpg,2026-10-01
01a0f325-ac43-7730-9db6-efb5763ea5d1,Biedronka,Rwaniec z kremem budyniowym Piekarnia Biedronki,Piekarnia Biedronki,7.49,,2026-10-01,2026-10-07,526611,"Od czwartku, Z ladą tradycyjną",2026-10-01,2026-10-07,39,https://blix.pl/sklep/biedronka/gazetka/526611/?pageNumber=39,https://imgproxy.blix.pl/product_occurrence//adfee61d-1846-45f8-b3b8-018c30ff667f.jpg,2026-10-01
01a0f325-ac94-723b-ab08-0ab7f041ced2,Biedronka,Lody Marletto Good Lood słona krówka,Marletto,19.99,,2026-10-01,2026-10-07,526611,"Od czwartku, Z ladą tradycyjną",2026-10-01,2026-10-07,40,https://blix.pl/sklep/biedronka/gazetka/526611/?pageNumber=40,https://imgproxy.blix.pl/product_occurrence//0e0f5b22-a6c8-48f8-9dc4-87c52dd06a3b.jpg,2026-10-01
01a0f325-ac94-72a7-ab08-0ab7f0ad95d5,Biedronka,Lody Marletto Good Lood belgijska czekolada,Marletto,19.99,,2026-10-01,2026-10-07,526611,"Od czwartku, Z ladą tradycyjną",2026-10-01,2026-10-07,40,https://blix.pl/sklep/biedronka/gazetka/526611/?pageNumber=40,https://imgproxy.blix.pl/product_occurrence//ceacbe95-9e80-44f4-9619-7e16b45ee710.jpg,2026-10-01
01a0f325-acfe-74f3-858b-ce60251e62d2,Biedronka,Czekolada gold milk Lindt milk hazelnut,Lindt,12.99,,2026-10-01,2026-10-07,526611,"Od czwartku, Z ladą tradycyjną",2026-10-01,2026-10-07,41,https://blix.pl/sklep/biedronka/gazetka/526611/?pageNumber=41,https://imgproxy.blix.pl/product_occurrence//7d415b7d-9ddb-44e0-802f-8d7195b8259c.jpg,2026-10-01
01a0f325-acfe-74d7-858b-ce6024def891,Biedronka,Czekolada mild Lindt 85%,Lindt,12.99,,2026-10-01,2026-10-07,526611,"Od czwartku, Z ladą tradycyjną",2026-10-01,2026-10-07,41,https://blix.pl/sklep/biedronka/gazetka/526611/?pageNumber=41,https://imgproxy.blix.pl/product_occurrence//4806cac2-f663-4da5-979f-42cf44ae2050.jpg,2026-10-01
01a0f325-acfe-7423-858b-ce6024310914,Biedronka,Czekolada mild Lindt 50%,Lindt,12.99,,2026-10-01,2026-10-07,526611,"Od czwartku, Z ladą tradycyjną",2026-10-01,2026-10-07,41,https://blix.pl/sklep/biedronka/gazetka/526611/?pageNumber=41,https://imgproxy.blix.pl/product_occurrence//58c565df-9b5d-4646-80b2-f4e546e04fc1.jpg,2026-10-01
01a0f325-acfe-752b-858b-ce6025e4dd5f,Biedronka,Czekolada gold milk Lindt milk almond,Lindt,12.99,,2026-10-01,2026-10-07,526611,"Od czwartku, Z ladą tradycyjną",2026-10-01,2026-10-07,41,https://blix.pl/sklep/biedronka/gazetka/526611/?pageNumber=41,https://imgproxy.blix.pl/product_occurrence//8ae28219-4657-4dfb-a922-47ab365e6fba.jpg,2026-10-01
01a0f325-acfe-750f-858b-ce602553e9ac,Biedronka,Czekolada gold milk Lindt,Lindt,12.99,,2026-10-01,2026-10-07,526611,"Od czwartku, Z ladą tradycyjną",2026-10-01,2026-10-07,41,https://blix.pl/sklep/biedronka/gazetka/526611/?pageNumber=41,https://imgproxy.blix.pl/product_occurrence//00a0ed72-cdf0-4930-9ae6-58547693faaf.jpg,2026-10-01
01a0f325-acfe-748f-858b-ce6024a594aa,Biedronka,Czekolada mild Lindt 70%,Lindt,12.99,,2026-10-01,2026-10-07,526611,"Od czwartku, Z ladą tradycyjną",2026-10-01,2026-10-07,41,https://blix.pl/sklep/biedronka/gazetka/526611/?pageNumber=41,https://imgproxy.blix.pl/product_occurrence//afca1092-3873-4b86-b8f1-ff7dbf3528df.jpg,2026-10-01
01a0f325-ad9a-742c-8b97-9faa2a0449db,Biedronka,Jaja z wolnego wybiegu,Biedronka,,,2026-10-01,2026-10-03,526611,"Od czwartku, Z ladą tradycyjną",2026-10-01,2026-10-07,42,https://blix.pl/sklep/biedronka/gazetka/526611/?pageNumber=42,https://imgproxy.blix.pl/product_occurrence//2f2dba30-986d-4ae5-a3cc-8d72a7a89648.jpg,2026-10-01
01a0f325-ad9a-74c0-8b97-9faa2b554d43,Biedronka,Jajka kurze z chowu na wolnym wybiegu 10 szt. Moja Kurka,Moja Kurka,,,2026-10-01,2026-10-03,526611,"Od czwartku, Z ladą tradycyjną",2026-10-01,2026-10-07,42,https://blix.pl/sklep/biedronka/gazetka/526611/?pageNumber=42,https://imgproxy.blix.pl/product_occurrence//18543359-a3b9-4661-8e9c-a3bea8ab82c8.jpg,2026-10-01
01a0f325-ad9a-74f8-8b97-9faa2c01c6c8,Biedronka,Kasia Crema 31%,Kasia,4.69,,2026-10-01,2026-10-03,526611,"Od czwartku, Z ladą tradycyjną",2026-10-01,2026-10-07,42,https://blix.pl/sklep/biedronka/gazetka/526611/?pageNumber=42,https://imgproxy.blix.pl/product_occurrence//f978da03-5d51-4856-96dd-99256b81e461.jpg,2026-10-01
01a0f325-ad9a-7498-8b97-9faa2a5f5938,Biedronka,Jajka kurze z chowu na wolnym wybiegu 20 szt. Moja Kurka,Moja Kurka,,,2026-10-01,2026-10-03,526611,"Od czwartku, Z ladą tradycyjną",2026-10-01,2026-10-07,42,https://blix.pl/sklep/biedronka/gazetka/526611/?pageNumber=42,https://imgproxy.blix.pl/product_occurrence//f618143c-5ed2-4aa5-9488-ab989f76c449.jpg,2026-10-01
01a0f325-ad9a-7510-8b97-9faa2c25c5e8,Biedronka,Ser Rycki w plastrach Maasdam Ryki,Ryki,13.99,,2026-10-01,2026-10-03,526611,"Od czwartku, Z ladą tradycyjną",2026-10-01,2026-10-07,42,https://blix.pl/sklep/biedronka/gazetka/526611/?pageNumber=42,https://imgproxy.blix.pl/product_occurrence//a8432fc2-55a8-4b6b-be53-923935f3e87a.jpg,2026-10-01
01a0f325-ad9a-74dc-8b97-9faa2be1a2fc,Biedronka,Ser gouda Mlekpol,Mlekpol,16.99,,2026-10-01,2026-10-03,526611,"Od czwartku, Z ladą tradycyjną",2026-10-01,2026-10-07,42,https://blix.pl/sklep/biedronka/gazetka/526611/?pageNumber=42,https://imgproxy.blix.pl/product_occurrence//3567972e-8f42-42f0-b807-07762f969f3b.jpg,2026-10-01
01a0f325-ad9a-7578-8b97-9faa2e7e9a7a,Biedronka,Skyr deserowy pouch Fruvita kokos - biała czekolada,Fruvita,3.49,,2026-10-01,2026-10-03,526611,"Od czwartku, Z ladą tradycyjną",2026-10-01,2026-10-07,42,https://blix.pl/sklep/biedronka/gazetka/526611/?pageNumber=42,https://imgproxy.blix.pl/product_occurrence//c37bfa36-10b8-4598-8120-6dd097711692.jpg,2026-10-01
01a0f325-ad9a-7544-8b97-9faa2d1e4ec6,Biedronka,Masło klarowane Łaciate,Łaciate,16.99,,2026-10-01,2026-10-03,526611,"Od czwartku, Z ladą tradycyjną",2026-10-01,2026-10-07,42,https://blix.pl/sklep/biedronka/gazetka/526611/?pageNumber=42,https://imgproxy.blix.pl/product_occurrence//430b283e-0715-4716-ba05-49a618a14b5a.jpg,2026-10-01
01a0f325-ad9a-7594-8b97-9faa2ea8445a,Biedronka,Actimel wieloowocowy 12-pak 100 g,Actimel,15.99,,2026-10-01,2026-10-03,526611,"Od czwartku, Z ladą tradycyjną",2026-10-01,2026-10-07,42,https://blix.pl/sklep/biedronka/gazetka/526611/?pageNumber=42,https://imgproxy.blix.pl/product_occurrence//44d474ec-4f3b-4d33-b7ab-068a7be6edca.jpg,2026-10-01
01a0f325-ad9a-752c-8b97-9faa2c303afc,Biedronka,Jogurt naturalny Piątnica 2%,Piątnica,3.75,,2026-10-01,2026-10-03,526611,"Od czwartku, Z ladą tradycyjną",2026-10-01,2026-10-07,42,https://blix.pl/sklep/biedronka/gazetka/526611/?pageNumber=42,https://imgproxy.blix.pl/product_occurrence//de43a931-335e-49c1-887a-25c844573945.jpg,2026-10-01
01a0f325-ad9a-75ac-8b97-9faa2f58e3b0,Biedronka,Jogurt Aktiplus 10-pak 100 g,Aktiplus,9.99,,2026-10-01,2026-10-03,526611,"Od czwartku, Z ladą tradycyjną",2026-10-01,2026-10-07,42,https://blix.pl/sklep/biedronka/gazetka/526611/?pageNumber=42,https://imgproxy.blix.pl/product_occurrence//87d3c677-d86a-4745-ab52-4e0ecfec210e.jpg,2026-10-01
01a0f325-ad9a-75c4-8b97-9faa301ec3b4,Biedronka,Kefir jogurtowy Activia naturalny,Activia,5.49,,2026-10-01,2026-10-03,526611,"Od czwartku, Z ladą tradycyjną",2026-10-01,2026-10-07,42,https://blix.pl/sklep/biedronka/gazetka/526611/?pageNumber=42,https://imgproxy.blix.pl/product_occurrence//8250c2cf-dc5c-4d7b-aa80-a6c5eec35684.jpg,2026-10-01
01a0f325-ad9a-75e0-8b97-9faa307a2884,Biedronka,Kefir jogurtowy Activia truskawka,Activia,5.49,,2026-10-01,2026-10-03,526611,"Od czwartku, Z ladą tradycyjną",2026-10-01,2026-10-07,42,https://blix.pl/sklep/biedronka/gazetka/526611/?pageNumber=42,https://imgproxy.blix.pl/product_occurrence//ad08ee7f-65ed-4177-ba5d-ac23bdc430f9.jpg,2026-10-01
01a0f325-ad9a-7610-8b97-9faa31ce245f,Biedronka,Kefir jogurtowy Activia mango,Activia,5.49,,2026-10-01,2026-10-03,526611,"Od czwartku, Z ladą tradycyjną",2026-10-01,2026-10-07,42,https://blix.pl/sklep/biedronka/gazetka/526611/?pageNumber=42,https://imgproxy.blix.pl/product_occurrence//3cc85ece-5bf5-4504-8a13-17e96285e760.jpg,2026-10-01
01a0f325-ad9a-7560-8b97-9faa2e1c12ae,Biedronka,Skyr deserowy pouch Fruvita pistacja,Fruvita,3.49,,2026-10-01,2026-10-03,526611,"Od czwartku, Z ladą tradycyjną",2026-10-01,2026-10-07,42,https://blix.pl/sklep/biedronka/gazetka/526611/?pageNumber=42,https://imgproxy.blix.pl/product_occurrence//c94a74da-c354-485d-84f2-7c5d11e1e9cc.jpg,2026-10-01
01a0f325-ad9a-75f8-8b97-9faa31655206,Biedronka,Kefir jogurtowy Activia borówka,Activia,5.49,,2026-10-01,2026-10-03,526611,"Od czwartku, Z ladą tradycyjną",2026-10-01,2026-10-07,42,https://blix.pl/sklep/biedronka/gazetka/526611/?pageNumber=42,https://imgproxy.blix.pl/product_occurrence//037bab35-3eb1-4584-af87-8d52679838fb.jpg,2026-10-01
01a0f325-ae6d-7a84-bec4-e283cd31c065,Biedronka,Danie z tofu i mango Hortex Asia Menu,Hortex,11.99,,2026-10-01,2026-10-03,526611,"Od czwartku, Z ladą tradycyjną",2026-10-01,2026-10-07,43,https://blix.pl/sklep/biedronka/gazetka/526611/?pageNumber=43,https://imgproxy.blix.pl/product_occurrence//07ee5c33-9e9e-4665-a2f2-dcd5ffe47d9a.jpg,2026-10-01
01a0f325-ae6d-7aec-bec4-e283cde80e2d,Biedronka,Danie wok z kurczakiem Hortex Asia Menu,Hortex,11.99,,2026-10-01,2026-10-03,526611,"Od czwartku, Z ladą tradycyjną",2026-10-01,2026-10-07,43,https://blix.pl/sklep/biedronka/gazetka/526611/?pageNumber=43,https://imgproxy.blix.pl/product_occurrence//72520ea0-bb37-478c-8750-d252ec191c07.jpg,2026-10-01
01a0f325-ae6d-7b6c-bec4-e283cfd47499,Biedronka,Kubełek z sosami American Foodie,American Foodie,26.99,,2026-10-01,2026-10-03,526611,"Od czwartku, Z ladą tradycyjną",2026-10-01,2026-10-07,43,https://blix.pl/sklep/biedronka/gazetka/526611/?pageNumber=43,https://imgproxy.blix.pl/product_occurrence//48a3cd57-6ecc-4c31-b16e-bfbe0b899b5c.jpg,2026-10-01
01a0f325-ae6d-7b14-bec4-e283ceb6b9aa,Biedronka,Zupa ramen Hortex Asia Menu,Hortex,11.99,,2026-10-01,2026-10-03,526611,"Od czwartku, Z ladą tradycyjną",2026-10-01,2026-10-07,43,https://blix.pl/sklep/biedronka/gazetka/526611/?pageNumber=43,https://imgproxy.blix.pl/product_occurrence//35aa5905-4c0b-465f-ab29-e236ac4b2011.jpg,2026-10-01
01a0f325-ae6d-7b50-bec4-e283cfa6648f,Biedronka,Zupa z kurczakiem i grzybami mun Hortex Asia Menu,Hortex,11.99,,2026-10-01,2026-10-03,526611,"Od czwartku, Z ladą tradycyjną",2026-10-01,2026-10-07,43,https://blix.pl/sklep/biedronka/gazetka/526611/?pageNumber=43,https://imgproxy.blix.pl/product_occurrence//c19825e4-c8b9-41b5-bbd1-fd771463ca43.jpg,2026-10-01
01a0f325-ae6d-7bb8-bec4-e283d03b28f6,Biedronka,Pinsa Trattoria Donatello,Trattoria Donatello,11.99,,2026-10-01,2026-10-03,526611,"Od czwartku, Z ladą tradycyjną",2026-10-01,2026-10-07,43,https://blix.pl/sklep/biedronka/gazetka/526611/?pageNumber=43,https://imgproxy.blix.pl/product_occurrence//02d05e7b-3c57-4f13-8f42-dfcec92f2b74.jpg,2026-10-01
01a0f325-ae6d-7ba0-bec4-e283cfe9b6c6,Biedronka,Pizza proteinowa z kurczakiem Go Active,Go Active,12.99,,2026-10-01,2026-10-03,526611,"Od czwartku, Z ladą tradycyjną",2026-10-01,2026-10-07,43,https://blix.pl/sklep/biedronka/gazetka/526611/?pageNumber=43,https://imgproxy.blix.pl/product_occurrence//15840fc7-4115-493a-8443-6af2e318d0c9.jpg,2026-10-01
01a0f325-ae6d-7b88-bec4-e283cfe526dc,Biedronka,Pieczarki mrożone w sosie Mroźna Kraina,Mroźna Kraina,6.99,,2026-10-01,2026-10-03,526611,"Od czwartku, Z ladą tradycyjną",2026-10-01,2026-10-07,43,https://blix.pl/sklep/biedronka/gazetka/526611/?pageNumber=43,https://imgproxy.blix.pl/product_occurrence//2a9430e6-8c79-4348-8691-1bb4afac3749.jpg,2026-10-01
01a0f325-ae6d-7c50-bec4-e283d137b61a,Biedronka,Pizza z kurczakiem Trattoria Donatello,Trattoria Donatello,9.99,,2026-10-01,2026-10-03,526611,"Od czwartku, Z ladą tradycyjną",2026-10-01,2026-10-07,43,https://blix.pl/sklep/biedronka/gazetka/526611/?pageNumber=43,https://imgproxy.blix.pl/product_occurrence//f3c9b83e-6c92-4445-9411-d716bcc012e5.jpg,2026-10-01
01a0f325-ae6d-7bd4-bec4-e283d1342990,Biedronka,Pizza Quattro Formaggi Trattoria Donatello,Trattoria Donatello,12.99,,2026-10-01,2026-10-03,526611,"Od czwartku, Z ladą tradycyjną",2026-10-01,2026-10-07,43,https://blix.pl/sklep/biedronka/gazetka/526611/?pageNumber=43,https://imgproxy.blix.pl/product_occurrence//82e4abd9-14ac-4444-90e6-d98d263d553d.jpg,2026-10-01
01a0f325-ae6d-7c6c-bec4-e283d21aeee2,Biedronka,Lody familijne Carte D'Or,Carte D'or,,,2026-10-01,2026-10-03,526611,"Od czwartku, Z ladą tradycyjną",2026-10-01,2026-10-07,43,https://blix.pl/sklep/biedronka/gazetka/526611/?pageNumber=43,https://imgproxy.blix.pl/product_occurrence//e47ae5bf-699f-4bbd-9f63-d8c0a09eb40a.jpg,2026-10-01
01a0f325-ae6d-7ca0-bec4-e283d35ab956,Biedronka,Lody familijne Carte D'Or Pistachio Delight,Carte D'or,,,2026-10-01,2026-10-03,526611,"Od czwartku, Z ladą tradycyjną",2026-10-01,2026-10-07,43,https://blix.pl/sklep/biedronka/gazetka/526611/?pageNumber=43,https://imgproxy.blix.pl/product_occurrence//50d788a4-9837-4275-aece-1f5a0ed4b346.jpg,2026-10-01
01a0f325-ae6d-7c84-bec4-e283d2abffc4,Biedronka,Lody familijne Carte D'Or Tiramisu,Carte D'or,,,2026-10-01,2026-10-03,526611,"Od czwartku, Z ladą tradycyjną",2026-10-01,2026-10-07,43,https://blix.pl/sklep/biedronka/gazetka/526611/?pageNumber=43,https://imgproxy.blix.pl/product_occurrence//7f6003bc-ca37-43b4-b98f-42fc3b8a127f.jpg,2026-10-01
01a0f325-ae6d-7cb8-bec4-e283d41001ea,Biedronka,Lody familijne Carte D'Or Yoghurt & Forest Fruit,Carte D'or,,,2026-10-01,2026-10-03,526611,"Od czwartku, Z ladą tradycyjną",2026-10-01,2026-10-07,43,https://blix.pl/sklep/biedronka/gazetka/526611/?pageNumber=43,https://imgproxy.blix.pl/product_occurrence//05844a4e-0476-426b-b30b-4e18eb982d35.jpg,2026-10-01
01a0f325-af2e-7c39-ad18-ddf0a6af0b4d,Biedronka,Filet pieczony z kurczaka premium Biedronka,Biedronka,7.99,,2026-10-01,2026-10-03,526611,"Od czwartku, Z ladą tradycyjną",2026-10-01,2026-10-07,44,https://blix.pl/sklep/biedronka/gazetka/526611/?pageNumber=44,https://imgproxy.blix.pl/product_occurrence//ccb683ab-6c94-4d24-9601-48f5067a4f53.jpg,2026-10-01
01a0f325-af2e-7b69-ad18-ddf0a685606c,Biedronka,Kiełbasa śląska z szynki Kraina Wędlin Select,Kraina Wędlin Select,2.99,,2026-10-01,2026-10-03,526611,"Od czwartku, Z ladą tradycyjną",2026-10-01,2026-10-07,44,https://blix.pl/sklep/biedronka/gazetka/526611/?pageNumber=44,https://imgproxy.blix.pl/product_occurrence//62de58f8-17b6-46b9-8128-0f939c746d32.jpg,2026-10-01
01a0f325-af2e-7c69-ad18-ddf0a6af3d35,Biedronka,Filet maślany z indyka Kraina Wędlin,Kraina Wędlin,7.99,,2026-10-01,2026-10-03,526611,"Od czwartku, Z ladą tradycyjną",2026-10-01,2026-10-07,44,https://blix.pl/sklep/biedronka/gazetka/526611/?pageNumber=44,https://imgproxy.blix.pl/product_occurrence//0fea6543-d4db-4632-bc78-5aa7312cfd26.jpg,2026-10-01
01a0f325-af2e-7c89-ad18-ddf0a7944ade,Biedronka,Szynka wieprzowa marynowana po staropolsku Olewnik,Olewnik,8.49,,2026-10-01,2026-10-03,526611,"Od czwartku, Z ladą tradycyjną",2026-10-01,2026-10-07,44,https://blix.pl/sklep/biedronka/gazetka/526611/?pageNumber=44,https://imgproxy.blix.pl/product_occurrence//add34bf6-41ab-4e70-919e-f033a5a09e86.jpg,2026-10-01
01a0f325-af2e-7cbd-ad18-ddf0a907c9fd,Biedronka,Buraczki tarte Nasza Spiżarnia,Nasza Spiżarnia,2.99,,2026-10-01,2026-10-03,526611,"Od czwartku, Z ladą tradycyjną",2026-10-01,2026-10-07,44,https://blix.pl/sklep/biedronka/gazetka/526611/?pageNumber=44,https://imgproxy.blix.pl/product_occurrence//7a1e706e-05c5-41d9-850a-664587bf83dc.jpg,2026-10-01
01a0f325-af2e-7cf1-ad18-ddf0a99fd353,Biedronka,Zupa Knorr,Knorr,1.99,,2026-10-01,2026-10-03,526611,"Od czwartku, Z ladą tradycyjną",2026-10-01,2026-10-07,44,https://blix.pl/sklep/biedronka/gazetka/526611/?pageNumber=44,https://imgproxy.blix.pl/product_occurrence//9c2bc26b-5c4a-4ea9-97fe-9a5bd9cb7653.jpg,2026-10-01
01a0f325-af2e-7ca1-ad18-ddf0a80f9640,Biedronka,Oliwki zielone drylowane El Toro Rojo,El Toro Rojo,1.79,,2026-10-01,2026-10-03,526611,"Od czwartku, Z ladą tradycyjną",2026-10-01,2026-10-07,44,https://blix.pl/sklep/biedronka/gazetka/526611/?pageNumber=44,https://imgproxy.blix.pl/product_occurrence//f8603b1e-7ac4-4554-bd1f-f8b84678a8b6.jpg,2026-10-01
01a0f325-af2e-7cd9-ad18-ddf0a922045c,Biedronka,Buraczki zasmażane Nasza Spiżarnia,Nasza Spiżarnia,2.99,,2026-10-01,2026-10-03,526611,"Od czwartku, Z ladą tradycyjną",2026-10-01,2026-10-07,44,https://blix.pl/sklep/biedronka/gazetka/526611/?pageNumber=44,https://imgproxy.blix.pl/product_occurrence//0eff6c12-b4e2-4c0a-ab37-fbd6da507cb4.jpg,2026-10-01
01a0f325-af2e-7d09-ad18-ddf0aa9e065e,Biedronka,Posypki Rozkoszny Kamis,Kamis,2.99,,2026-10-01,2026-10-03,526611,"Od czwartku, Z ladą tradycyjną",2026-10-01,2026-10-07,44,https://blix.pl/sklep/biedronka/gazetka/526611/?pageNumber=44,https://imgproxy.blix.pl/product_occurrence//8f7585f9-11d0-4c73-b9fa-e317d3a6f1c9.jpg,2026-10-01
01a0f325-af2e-7d3d-ad18-ddf0ac5bd051,Biedronka,Pasta jajeczna Salato,Salato,1.99,,2026-10-01,2026-10-03,526611,"Od czwartku, Z ladą tradycyjną",2026-10-01,2026-10-07,44,https://blix.pl/sklep/biedronka/gazetka/526611/?pageNumber=44,https://imgproxy.blix.pl/product_occurrence//7c57d652-de93-4eee-a087-3a1a41fe2a36.jpg,2026-10-01
01a0f325-af2e-7d25-ad18-ddf0ab8fdb7a,Biedronka,Pomysł na Airfryer Winiary,Winiary,3.99,,2026-10-01,2026-10-03,526611,"Od czwartku, Z ladą tradycyjną",2026-10-01,2026-10-07,44,https://blix.pl/sklep/biedronka/gazetka/526611/?pageNumber=44,https://imgproxy.blix.pl/product_occurrence//2e5ab49b-5fca-46d7-a84f-cc9b887538c7.jpg,2026-10-01
01a0f325-af2e-7d7d-ad18-ddf0ace80e08,Biedronka,Lasagne carbonara Come a Casa,Come A Casa,9.99,,2026-10-01,2026-10-03,526611,"Od czwartku, Z ladą tradycyjną",2026-10-01,2026-10-07,44,https://blix.pl/sklep/biedronka/gazetka/526611/?pageNumber=44,https://imgproxy.blix.pl/product_occurrence//9a55796e-5cff-4604-a332-19af792b69e7.jpg,2026-10-01
01a0f325-af2e-7d99-ad18-ddf0ad3b391b,Biedronka,Ogórki małosolne Swojska Chata,Swojska Chata,6.39,,2026-10-01,2026-10-03,526611,"Od czwartku, Z ladą tradycyjną",2026-10-01,2026-10-07,44,https://blix.pl/sklep/biedronka/gazetka/526611/?pageNumber=44,https://imgproxy.blix.pl/product_occurrence//4ae2c26b-b485-4d4d-ad41-d16bb645e39c.jpg,2026-10-01
01a0f325-afef-7d18-9aa9-b889e5bdaf35,Biedronka,Pomidory duszone Pudliszki klasyczny,Pudliszki,5.99,,2026-10-01,2026-10-03,526611,"Od czwartku, Z ladą tradycyjną",2026-10-01,2026-10-07,45,https://blix.pl/sklep/biedronka/gazetka/526611/?pageNumber=45,https://imgproxy.blix.pl/product_occurrence//afe600a2-88ac-4db3-841d-abebe51af38d.jpg,2026-10-01
01a0f325-afef-7cd0-9aa9-b889e4be3eeb,Biedronka,Ocet spirytusowy 10% Culineo,Culineo,,,2026-10-01,2026-10-03,526611,"Od czwartku, Z ladą tradycyjną",2026-10-01,2026-10-07,45,https://blix.pl/sklep/biedronka/gazetka/526611/?pageNumber=45,https://imgproxy.blix.pl/product_occurrence//c965f2e1-753e-4916-aa0e-bef68bfe3c68.jpg,2026-10-01
01a0f325-afef-7c60-9aa9-b889e43aead2,Biedronka,Octy Culineo,Culineo,,,2026-10-01,2026-10-03,526611,"Od czwartku, Z ladą tradycyjną",2026-10-01,2026-10-07,45,https://blix.pl/sklep/biedronka/gazetka/526611/?pageNumber=45,https://imgproxy.blix.pl/product_occurrence//a07aa580-26e8-49cc-a09a-d04786702050.jpg,2026-10-01
01a0f325-afef-7d68-9aa9-b889e6b89877,Biedronka,Przecier pomidorowy Culineo,Culineo,4.49,,2026-10-01,2026-10-03,526611,"Od czwartku, Z ladą tradycyjną",2026-10-01,2026-10-07,45,https://blix.pl/sklep/biedronka/gazetka/526611/?pageNumber=45,https://imgproxy.blix.pl/product_occurrence//e888987f-7fec-4c2a-9b51-4b1a88789710.jpg,2026-10-01
01a0f325-afef-7d4c-9aa9-b889e6b62d94,Biedronka,Pomidory duszone Pudliszki karmelizowana cebula i szalotka,Pudliszki,5.99,,2026-10-01,2026-10-03,526611,"Od czwartku, Z ladą tradycyjną",2026-10-01,2026-10-07,45,https://blix.pl/sklep/biedronka/gazetka/526611/?pageNumber=45,https://imgproxy.blix.pl/product_occurrence//a4968ffe-db4b-471b-bc93-c2b55588a142.jpg,2026-10-01
01a0f325-afef-7d34-9aa9-b889e666f055,Biedronka,Pomidory duszone Pudliszki zioła i smak prażonego czosnku,Pudliszki,5.99,,2026-10-01,2026-10-03,526611,"Od czwartku, Z ladą tradycyjną",2026-10-01,2026-10-07,45,https://blix.pl/sklep/biedronka/gazetka/526611/?pageNumber=45,https://imgproxy.blix.pl/product_occurrence//c3acb290-c1f6-4a25-b59a-17b53c51d74c.jpg,2026-10-01
01a0f325-afef-7d80-9aa9-b889e6c6b29c,Biedronka,Sos Culineo spaghetti,Culineo,4.99,,2026-10-01,2026-10-03,526611,"Od czwartku, Z ladą tradycyjną",2026-10-01,2026-10-07,45,https://blix.pl/sklep/biedronka/gazetka/526611/?pageNumber=45,https://imgproxy.blix.pl/product_occurrence//623883a6-552e-4ac1-ac54-8bef4a989565.jpg,2026-10-01
01a0f325-afef-7d98-9aa9-b889e7125f7d,Biedronka,Sos Culineo boloński,Culineo,4.99,,2026-10-01,2026-10-03,526611,"Od czwartku, Z ladą tradycyjną",2026-10-01,2026-10-07,45,https://blix.pl/sklep/biedronka/gazetka/526611/?pageNumber=45,https://imgproxy.blix.pl/product_occurrence//c2d57703-e7df-4684-aa5e-34dace8beaa7.jpg,2026-10-01
01a0f325-afef-7de8-9aa9-b889e83c7167,Biedronka,Dip Madero serowy,Madero,4.99,,2026-10-01,2026-10-03,526611,"Od czwartku, Z ladą tradycyjną",2026-10-01,2026-10-07,45,https://blix.pl/sklep/biedronka/gazetka/526611/?pageNumber=45,https://imgproxy.blix.pl/product_occurrence//8f07efcc-5ad2-46ef-938a-30b16b29ae0a.jpg,2026-10-01
01a0f325-afef-7dd0-9aa9-b889e8246c62,Biedronka,Sos Culineo meksykański,Culineo,4.99,,2026-10-01,2026-10-03,526611,"Od czwartku, Z ladą tradycyjną",2026-10-01,2026-10-07,45,https://blix.pl/sklep/biedronka/gazetka/526611/?pageNumber=45,https://imgproxy.blix.pl/product_occurrence//1115d980-4466-4a7e-901a-92b3f15fb7e6.jpg,2026-10-01
01a0f325-afef-7e1c-9aa9-b889e9a39349,Biedronka,Mieszanka warzywna marchewka z groszkiem Nasza Spiżarnia,Nasza Spiżarnia,3.99,,2026-10-01,2026-10-03,526611,"Od czwartku, Z ladą tradycyjną",2026-10-01,2026-10-07,45,https://blix.pl/sklep/biedronka/gazetka/526611/?pageNumber=45,https://imgproxy.blix.pl/product_occurrence//8432e316-b3ca-49e3-8142-bbd5d9813b69.jpg,2026-10-01
01a0f325-afef-7e50-9aa9-b889eb370010,Biedronka,Dżem Pokemon Łowicz,Łowicz,7.99,,2026-10-01,2026-10-03,526611,"Od czwartku, Z ladą tradycyjną",2026-10-01,2026-10-07,45,https://blix.pl/sklep/biedronka/gazetka/526611/?pageNumber=45,https://imgproxy.blix.pl/product_occurrence//7536292a-7a6d-4695-9835-9b5aa19a1458.jpg,2026-10-01
01a0f325-afef-7e04-9aa9-b889e928c208,Biedronka,Dip Madero salsa,Madero,4.99,,2026-10-01,2026-10-03,526611,"Od czwartku, Z ladą tradycyjną",2026-10-01,2026-10-07,45,https://blix.pl/sklep/biedronka/gazetka/526611/?pageNumber=45,https://imgproxy.blix.pl/product_occurrence//381559f7-94b0-4127-a8de-c94de35eb7b4.jpg,2026-10-01
01a0f325-afef-7db4-9aa9-b889e7d6b545,Biedronka,Sos Culineo słodko-kwaśny,Culineo,4.99,,2026-10-01,2026-10-03,526611,"Od czwartku, Z ladą tradycyjną",2026-10-01,2026-10-07,45,https://blix.pl/sklep/biedronka/gazetka/526611/?pageNumber=45,https://imgproxy.blix.pl/product_occurrence//e740e789-200f-4883-b1ea-8d440e1c975b.jpg,2026-10-01
01a0f325-afef-7e88-9aa9-b889ec587563,Biedronka,Krem czekoladowy NussMilk Duo,Nussmilk,9.99,,2026-10-01,2026-10-03,526611,"Od czwartku, Z ladą tradycyjną",2026-10-01,2026-10-07,45,https://blix.pl/sklep/biedronka/gazetka/526611/?pageNumber=45,https://imgproxy.blix.pl/product_occurrence//fd0caf81-cea8-4562-b097-33432675cc40.jpg,2026-10-01
01a0f325-afef-7e38-9aa9-b889ea6772d0,Biedronka,Sałatka z zielonych pomidorów Nasza Spiżarnia,Nasza Spiżarnia,7.99,,2026-10-01,2026-10-03,526611,"Od czwartku, Z ladą tradycyjną",2026-10-01,2026-10-07,45,https://blix.pl/sklep/biedronka/gazetka/526611/?pageNumber=45,https://imgproxy.blix.pl/product_occurrence//512980ac-cb70-4cd9-8030-0aabbaada555.jpg,2026-10-01
01a0f325-afef-7e6c-9aa9-b889ec20f9aa,Biedronka,Powidła węgierkowe Rapsodia,Rapsodia,2.99,,2026-10-01,2026-10-03,526611,"Od czwartku, Z ladą tradycyjną",2026-10-01,2026-10-07,45,https://blix.pl/sklep/biedronka/gazetka/526611/?pageNumber=45,https://imgproxy.blix.pl/product_occurrence//95c08f8c-436f-4d0e-81ed-7479ebffe717.jpg,2026-10-01
01a0f325-afef-7ea0-9aa9-b889ecb035a5,Biedronka,Krem do smarowania Nutella,Nutella,24.99,,2026-10-01,2026-10-03,526611,"Od czwartku, Z ladą tradycyjną",2026-10-01,2026-10-07,45,https://blix.pl/sklep/biedronka/gazetka/526611/?pageNumber=45,https://imgproxy.blix.pl/product_occurrence//8fa088fb-71c4-48ce-b0c2-ea65e30e951f.jpg,2026-10-01
01a0f325-afef-7cfc-9aa9-b889e5041986,Biedronka,Ocet jabłkowy 6% Culineo,Culineo,,,2026-10-01,2026-10-03,526611,"Od czwartku, Z ladą tradycyjną",2026-10-01,2026-10-07,45,https://blix.pl/sklep/biedronka/gazetka/526611/?pageNumber=45,https://imgproxy.blix.pl/product_occurrence//2475b847-c70d-4e95-ab0f-d76e654d4691.jpg,2026-10-01
01a0f325-b0d8-7b0f-b485-7d14810f0806,Biedronka,Sałatka z pstrągiem Marinero z kaszą kuskus,Marinero,6.99,,2026-10-01,2026-10-07,526611,"Od czwartku, Z ladą tradycyjną",2026-10-01,2026-10-07,46,https://blix.pl/sklep/biedronka/gazetka/526611/?pageNumber=46,https://imgproxy.blix.pl/product_occurrence//17e14647-2237-427e-a73c-babe544bb820.jpg,2026-10-01
01a0f325-b0d8-7b7b-b485-7d14818c2767,Biedronka,Sałatka z pstrągiem Marinero z kaszą bulgur,Marinero,6.99,,2026-10-01,2026-10-07,526611,"Od czwartku, Z ladą tradycyjną",2026-10-01,2026-10-07,46,https://blix.pl/sklep/biedronka/gazetka/526611/?pageNumber=46,https://imgproxy.blix.pl/product_occurrence//f9f6c46b-cca9-4cc2-ba5e-f24c90319011.jpg,2026-10-01
01a0f325-b0d8-7c1b-b485-7d1482c3f93d,Biedronka,Tuńczyk wędzony w oleju roślinnym Ektos pikantny,Ektos,8.99,,2026-10-01,2026-10-07,526611,"Od czwartku, Z ladą tradycyjną",2026-10-01,2026-10-07,46,https://blix.pl/sklep/biedronka/gazetka/526611/?pageNumber=46,https://imgproxy.blix.pl/product_occurrence//e172eb54-81d0-44a1-9f35-385e32177e67.jpg,2026-10-01
01a0f325-b0d8-7bc3-b485-7d14827b639c,Biedronka,Sałatka z pstrągiem Marinero z kaszą jęczmienną,Marinero,6.99,,2026-10-01,2026-10-07,526611,"Od czwartku, Z ladą tradycyjną",2026-10-01,2026-10-07,46,https://blix.pl/sklep/biedronka/gazetka/526611/?pageNumber=46,https://imgproxy.blix.pl/product_occurrence//c15d23ce-adcc-4dbb-8b9c-d1216cd64efd.jpg,2026-10-01
01a0f325-b0d8-7c53-b485-7d14840585e3,Biedronka,Lasagne bolognese high protein Come a Casa,Come A Casa,10.99,,2026-10-01,2026-10-07,526611,"Od czwartku, Z ladą tradycyjną",2026-10-01,2026-10-07,46,https://blix.pl/sklep/biedronka/gazetka/526611/?pageNumber=46,https://imgproxy.blix.pl/product_occurrence//533f1759-3b09-4bb0-9680-cffca93ad663.jpg,2026-10-01
01a0f325-b0d8-7c37-b485-7d14836a461f,Biedronka,Tuńczyk wędzony w oleju roślinnym Ektos z sokiem z cytryny i oregano,Ektos,8.99,,2026-10-01,2026-10-07,526611,"Od czwartku, Z ladą tradycyjną",2026-10-01,2026-10-07,46,https://blix.pl/sklep/biedronka/gazetka/526611/?pageNumber=46,https://imgproxy.blix.pl/product_occurrence//cbe6deaf-f999-4c42-a358-9e31be80118b.jpg,2026-10-01
01a0f325-b0d8-7c8f-b485-7d1484ff0796,Biedronka,Kotlety sojowe Go Vege,Go Vege,2.69,,2026-10-01,2026-10-07,526611,"Od czwartku, Z ladą tradycyjną",2026-10-01,2026-10-07,46,https://blix.pl/sklep/biedronka/gazetka/526611/?pageNumber=46,https://imgproxy.blix.pl/product_occurrence//46db3daa-3b33-4436-90b8-883b3d22e9ba.jpg,2026-10-01
01a0f325-b0d8-7c6f-b485-7d1484644535,Biedronka,Zupy proteinowe Go Active,Go Active,8.99,,2026-10-01,2026-10-07,526611,"Od czwartku, Z ladą tradycyjną",2026-10-01,2026-10-07,46,https://blix.pl/sklep/biedronka/gazetka/526611/?pageNumber=46,https://imgproxy.blix.pl/product_occurrence//6440cdd7-9ace-4978-ba68-ee76f48849d7.jpg,2026-10-01
01a0f325-b0d8-7ca7-b485-7d14857a22bf,Biedronka,Ketchup zero Kotlin łagodny,Kotlin,10.99,,2026-10-01,2026-10-07,526611,"Od czwartku, Z ladą tradycyjną",2026-10-01,2026-10-07,46,https://blix.pl/sklep/biedronka/gazetka/526611/?pageNumber=46,https://imgproxy.blix.pl/product_occurrence//ff9a831d-eb84-45eb-8884-386acc62d6ec.jpg,2026-10-01
01a0f325-b0d8-7cc3-b485-7d1486317081,Biedronka,Ketchup zero Kotlin pikantny,Kotlin,10.99,,2026-10-01,2026-10-07,526611,"Od czwartku, Z ladą tradycyjną",2026-10-01,2026-10-07,46,https://blix.pl/sklep/biedronka/gazetka/526611/?pageNumber=46,https://imgproxy.blix.pl/product_occurrence//4a915ef6-214c-49c5-8ed6-2fd4d52d9d9e.jpg,2026-10-01
01a0f325-b0d8-7cf7-b485-7d1487a432a4,Biedronka,Sos Dzik Garlic,Dzik,9.99,,2026-10-01,2026-10-07,526611,"Od czwartku, Z ladą tradycyjną",2026-10-01,2026-10-07,46,https://blix.pl/sklep/biedronka/gazetka/526611/?pageNumber=46,https://imgproxy.blix.pl/product_occurrence//7ac79a14-0163-46f0-8529-e42733ccd67e.jpg,2026-10-01
01a0f325-b0d8-7cdb-b485-7d14870e7a45,Biedronka,Sos Dzik Barbecue,Dzik,9.99,,2026-10-01,2026-10-07,526611,"Od czwartku, Z ladą tradycyjną",2026-10-01,2026-10-07,46,https://blix.pl/sklep/biedronka/gazetka/526611/?pageNumber=46,https://imgproxy.blix.pl/product_occurrence//4df68afe-15de-4f99-8a72-a6d6b7c74928.jpg,2026-10-01
01a0f325-b0d8-7d0f-b485-7d148812d05c,Biedronka,Sos Dzik Ketchup łagodny,Dzik,9.99,,2026-10-01,2026-10-07,526611,"Od czwartku, Z ladą tradycyjną",2026-10-01,2026-10-07,46,https://blix.pl/sklep/biedronka/gazetka/526611/?pageNumber=46,https://imgproxy.blix.pl/product_occurrence//2aa14ba4-4ac5-48fb-87db-112c20e968e9.jpg,2026-10-01
01a0f325-b0d8-7d63-b485-7d148987a050,Biedronka,Filet pieczony z kurczaka Kraina Wędlin Nature,Kraina Wędlin,12.99,,2026-10-01,2026-10-07,526611,"Od czwartku, Z ladą tradycyjną",2026-10-01,2026-10-07,46,https://blix.pl/sklep/biedronka/gazetka/526611/?pageNumber=46,https://imgproxy.blix.pl/product_occurrence//6f966934-1564-4d6b-86c1-bc09683bc88b.jpg,2026-10-01
01a0f325-b0d8-7d47-b485-7d1489826822,Biedronka,Parówki proteinowe Kraina Wędlin Protein z szynki,Kraina Wędlin,6.99,,2026-10-01,2026-10-07,526611,"Od czwartku, Z ladą tradycyjną",2026-10-01,2026-10-07,46,https://blix.pl/sklep/biedronka/gazetka/526611/?pageNumber=46,https://imgproxy.blix.pl/product_occurrence//9fc1f28b-a6e8-4a21-a5f9-e2c0c18621df.jpg,2026-10-01
01a0f325-b0d8-7d2b-b485-7d1488fd54ba,Biedronka,Parówki proteinowe Kraina Wędlin Protein z filetem z kurczaka,Kraina Wędlin,6.99,,2026-10-01,2026-10-07,526611,"Od czwartku, Z ladą tradycyjną",2026-10-01,2026-10-07,46,https://blix.pl/sklep/biedronka/gazetka/526611/?pageNumber=46,https://imgproxy.blix.pl/product_occurrence//67a222f1-84d0-414a-ac2a-4fe55e87c3ce.jpg,2026-10-01
01a0f325-b17b-76cc-adcc-1c0f433927e8,Biedronka,Filet z kurczaka bio wędzony Kraina Wędlin Nature,Kraina Wędlin Nature,5.99,,2026-10-01,2026-10-03,526611,"Od czwartku, Z ladą tradycyjną",2026-10-01,2026-10-07,47,https://blix.pl/sklep/biedronka/gazetka/526611/?pageNumber=47,https://imgproxy.blix.pl/product_occurrence//ab523ce6-27be-4432-8a9a-045fc0297df9.jpg,2026-10-01
01a0f325-b17b-7714-adcc-1c0f44201ab9,Biedronka,Kiełbaski z szynki bez osłonki Kraina Wędlin Nature,Kraina Wędlin Nature,6.49,,2026-10-01,2026-10-03,526611,"Od czwartku, Z ladą tradycyjną",2026-10-01,2026-10-07,47,https://blix.pl/sklep/biedronka/gazetka/526611/?pageNumber=47,https://imgproxy.blix.pl/product_occurrence//8527702c-515c-4b5d-b496-817f993adcd4.jpg,2026-10-01
01a0f325-b17b-76f4-adcc-1c0f433fc98f,Biedronka,Łosoś wędzony fit Marinero,Marinero,12.99,,2026-10-01,2026-10-03,526611,"Od czwartku, Z ladą tradycyjną",2026-10-01,2026-10-07,47,https://blix.pl/sklep/biedronka/gazetka/526611/?pageNumber=47,https://imgproxy.blix.pl/product_occurrence//ff6c6ca6-7137-4cdf-bf42-93ca1b42b943.jpg,2026-10-01
01a0f325-b17b-772c-adcc-1c0f449ae22b,Biedronka,Kiełbaski z filetem z kurczaka bez osłonki Kraina Wędlin Nature,Kraina Wędlin Nature,6.49,,2026-10-01,2026-10-03,526611,"Od czwartku, Z ladą tradycyjną",2026-10-01,2026-10-07,47,https://blix.pl/sklep/biedronka/gazetka/526611/?pageNumber=47,https://imgproxy.blix.pl/product_occurrence//fb82157e-fa73-452d-8553-7fa7e34944bc.jpg,2026-10-01
01a0f325-b17b-777c-adcc-1c0f46033acc,Biedronka,Parówki z indyka Kraina Wędlin Nature,Kraina Wędlin Nature,4.22,,2026-10-01,2026-10-03,526611,"Od czwartku, Z ladą tradycyjną",2026-10-01,2026-10-07,47,https://blix.pl/sklep/biedronka/gazetka/526611/?pageNumber=47,https://imgproxy.blix.pl/product_occurrence//4f1459df-4a96-4647-8d1b-bd98feafb63e.jpg,2026-10-01
01a0f325-b17b-7764-adcc-1c0f45cf72d1,Biedronka,Parówki z szynki Kraina Wędlin Nature,Kraina Wędlin Nature,4.41,,2026-10-01,2026-10-03,526611,"Od czwartku, Z ladą tradycyjną",2026-10-01,2026-10-07,47,https://blix.pl/sklep/biedronka/gazetka/526611/?pageNumber=47,https://imgproxy.blix.pl/product_occurrence//7b12c580-d24e-4939-bd50-760cf3c9277a.jpg,2026-10-01
01a0f325-b17b-7748-adcc-1c0f45394ea7,Biedronka,Łosoś bio w plastrach Marinero,Marinero,9.99,,2026-10-01,2026-10-03,526611,"Od czwartku, Z ladą tradycyjną",2026-10-01,2026-10-07,47,https://blix.pl/sklep/biedronka/gazetka/526611/?pageNumber=47,https://imgproxy.blix.pl/product_occurrence//0a3e0a96-34a3-442d-b939-62d5fa62ed74.jpg,2026-10-01
01a0f325-b17b-7670-adcc-1c0f43363669,Biedronka,Filet z kurczaka bio pieczony Kraina Wędlin Nature,Kraina Wędlin Nature,5.99,,2026-10-01,2026-10-03,526611,"Od czwartku, Z ladą tradycyjną",2026-10-01,2026-10-07,47,https://blix.pl/sklep/biedronka/gazetka/526611/?pageNumber=47,https://imgproxy.blix.pl/product_occurrence//a5c1d9e9-2261-4be7-86f9-5560d5847bc9.jpg,2026-10-01
01a0f325-b229-7e53-8006-e3767acbd1eb,Biedronka,Napój mleczny proteinowy SBA o smaku ciasteczkowym 12-pak Mlekovita,Mlekovita,29.99,,2026-10-01,2026-10-03,526611,"Od czwartku, Z ladą tradycyjną",2026-10-01,2026-10-07,48,https://blix.pl/sklep/biedronka/gazetka/526611/?pageNumber=48,https://imgproxy.blix.pl/product_occurrence//5b896198-0a97-4559-bb78-a8848256662d.jpg,2026-10-01
01a0f325-b229-7f27-8006-e3767c745444,Biedronka,Napój owsiany Go Vege cinnamon,Go Vege,6.99,,2026-10-01,2026-10-03,526611,"Od czwartku, Z ladą tradycyjną",2026-10-01,2026-10-07,48,https://blix.pl/sklep/biedronka/gazetka/526611/?pageNumber=48,https://imgproxy.blix.pl/product_occurrence//0d0ea6cc-cda3-4fe7-8f7d-d46878572ede.jpg,2026-10-01
01a0f325-b229-7f43-8006-e3767d5fb3e3,Biedronka,Napój owsiany Go Vege salted caramel,Go Vege,6.99,,2026-10-01,2026-10-03,526611,"Od czwartku, Z ladą tradycyjną",2026-10-01,2026-10-07,48,https://blix.pl/sklep/biedronka/gazetka/526611/?pageNumber=48,https://imgproxy.blix.pl/product_occurrence//6bb0b9a8-2070-4be7-a163-b2dd90f07688.jpg,2026-10-01
01a0f325-b229-7ef3-8006-e3767b686c36,Biedronka,Owsianka proteinowa OY!che z wiśnią,Oy!Che,11.99,,2026-10-01,2026-10-03,526611,"Od czwartku, Z ladą tradycyjną",2026-10-01,2026-10-07,48,https://blix.pl/sklep/biedronka/gazetka/526611/?pageNumber=48,https://imgproxy.blix.pl/product_occurrence//ba9b4195-68b6-4521-ae47-ec788f0c114b.jpg,2026-10-01
01a0f325-b229-7f0f-8006-e3767c163b70,Biedronka,Owsianka proteinowa OY!che z mango,Oy!Che,11.99,,2026-10-01,2026-10-03,526611,"Od czwartku, Z ladą tradycyjną",2026-10-01,2026-10-07,48,https://blix.pl/sklep/biedronka/gazetka/526611/?pageNumber=48,https://imgproxy.blix.pl/product_occurrence//205c9207-92ac-4d49-881e-79cc29fb0163.jpg,2026-10-01
01a0f325-b229-7f5f-8006-e3767dc4808b,Biedronka,Krem Nutlove Coco Crunch AllNutrition,Allnutrition,15.99,,2026-10-01,2026-10-03,526611,"Od czwartku, Z ladą tradycyjną",2026-10-01,2026-10-07,48,https://blix.pl/sklep/biedronka/gazetka/526611/?pageNumber=48,https://imgproxy.blix.pl/product_occurrence//260fc2f1-0fb6-4db7-929d-c27d5897959f.jpg,2026-10-01
01a0f325-b229-7ec7-8006-e3767b42d3d5,Biedronka,Mleko czekoladowe bez dodatku cukrów Łaciate,Łaciate,5.99,,2026-10-01,2026-10-03,526611,"Od czwartku, Z ladą tradycyjną",2026-10-01,2026-10-07,48,https://blix.pl/sklep/biedronka/gazetka/526611/?pageNumber=48,https://imgproxy.blix.pl/product_occurrence//0acef0e5-7be8-48c3-97c5-b020e0dfa382.jpg,2026-10-01
01a0f325-b229-7f97-8006-e3767ebf3262,Biedronka,Baton proteinowy słony karmel Dzik,Dzik,9.99,,2026-10-01,2026-10-03,526611,"Od czwartku, Z ladą tradycyjną",2026-10-01,2026-10-07,48,https://blix.pl/sklep/biedronka/gazetka/526611/?pageNumber=48,https://imgproxy.blix.pl/product_occurrence//3853eac3-37d6-4e9c-8137-8ac9722d861a.jpg,2026-10-01
01a0f325-b22a-700e-a472-2a7cedc87a5a,Biedronka,Dżem słodzony ksylitolem Rapsodia morelowy,Rapsodia,4.99,,2026-10-01,2026-10-03,526611,"Od czwartku, Z ladą tradycyjną",2026-10-01,2026-10-07,48,https://blix.pl/sklep/biedronka/gazetka/526611/?pageNumber=48,https://imgproxy.blix.pl/product_occurrence//5a797e9d-6e30-494e-ac06-d9fbaaa91988.jpg,2026-10-01
01a0f325-b22a-7046-a472-2a7cef65b18c,Biedronka,Mąka orkiszowa jasna 650 Plony Natury,Plony Natury,4.99,,2026-10-01,2026-10-03,526611,"Od czwartku, Z ladą tradycyjną",2026-10-01,2026-10-07,48,https://blix.pl/sklep/biedronka/gazetka/526611/?pageNumber=48,https://imgproxy.blix.pl/product_occurrence//35f0ffeb-471c-4bf2-bab5-b43fabb78b16.jpg,2026-10-01
01a0f325-b229-7f7b-8006-e3767e1dd37d,Biedronka,Krem Nutlove White Choco Peanut AllNutrition,Allnutrition,15.99,,2026-10-01,2026-10-03,526611,"Od czwartku, Z ladą tradycyjną",2026-10-01,2026-10-07,48,https://blix.pl/sklep/biedronka/gazetka/526611/?pageNumber=48,https://imgproxy.blix.pl/product_occurrence//2dd77586-8b62-4588-be5e-ec998850e127.jpg,2026-10-01
01a0f325-b22a-7062-a472-2a7cf056cd8d,Biedronka,Makaron fusilli mniej węgli Pastani,Pastani,5.99,,2026-10-01,2026-10-03,526611,"Od czwartku, Z ladą tradycyjną",2026-10-01,2026-10-07,48,https://blix.pl/sklep/biedronka/gazetka/526611/?pageNumber=48,https://imgproxy.blix.pl/product_occurrence//59d9c8dd-46c9-4cdb-a7ca-1e4642481c5e.jpg,2026-10-01
01a0f325-b22a-702e-a472-2a7ceea352ce,Biedronka,Dżem słodzony ksylitolem Rapsodia truskawkowy,Rapsodia,4.99,,2026-10-01,2026-10-03,526611,"Od czwartku, Z ladą tradycyjną",2026-10-01,2026-10-07,48,https://blix.pl/sklep/biedronka/gazetka/526611/?pageNumber=48,https://imgproxy.blix.pl/product_occurrence//5d4c6fa3-6a59-412a-b73c-9eff0d2075d7.jpg,2026-10-01
01a0f325-b2e4-7ac0-8e20-a51ee6165fe6,Biedronka,Suplementy diety Activlab,Activlab,19.99,,2026-10-01,2026-10-03,526611,"Od czwartku, Z ladą tradycyjną",2026-10-01,2026-10-07,49,https://blix.pl/sklep/biedronka/gazetka/526611/?pageNumber=49,https://imgproxy.blix.pl/product_occurrence//0279d13b-8df8-4b5b-9f2c-96c1300a3f3f.jpg,2026-10-01
01a0f325-b2e4-7b78-8e20-a51ee731040b,Biedronka,Smoothie Ekamedica,Ekamedica,5.99,,2026-10-01,2026-10-03,526611,"Od czwartku, Z ladą tradycyjną",2026-10-01,2026-10-07,49,https://blix.pl/sklep/biedronka/gazetka/526611/?pageNumber=49,https://imgproxy.blix.pl/product_occurrence//e9647505-87ed-41d7-8e9c-2ded79d41ff4.jpg,2026-10-01
01a0f325-b2e4-7b94-8e20-a51ee76e53e2,Biedronka,Kolagen Go Active,Go Active,59.99,,2026-10-01,2026-10-03,526611,"Od czwartku, Z ladą tradycyjną",2026-10-01,2026-10-07,49,https://blix.pl/sklep/biedronka/gazetka/526611/?pageNumber=49,https://imgproxy.blix.pl/product_occurrence//75fc1d7d-94a6-4971-86cb-e0835639e25f.jpg,2026-10-01
01a0f325-b2e4-7b4c-8e20-a51ee638e94e,Biedronka,Witaminy Activlab,Activlab,14.99,,2026-10-01,2026-10-03,526611,"Od czwartku, Z ladą tradycyjną",2026-10-01,2026-10-07,49,https://blix.pl/sklep/biedronka/gazetka/526611/?pageNumber=49,https://imgproxy.blix.pl/product_occurrence//3ae8864c-ded7-4eca-ac7e-f2fda605c807.jpg,2026-10-01
01a0f325-b2e4-7c24-8e20-a51ee9c42161,Biedronka,Białko wegetariańskie Go Active ciasteczkowe,Go Active,39.99,,2026-10-01,2026-10-03,526611,"Od czwartku, Z ladą tradycyjną",2026-10-01,2026-10-07,49,https://blix.pl/sklep/biedronka/gazetka/526611/?pageNumber=49,https://imgproxy.blix.pl/product_occurrence//dc47f125-223c-4c82-898b-3116ad627da1.jpg,2026-10-01
01a0f325-b2e4-7bcc-8e20-a51ee923fdc7,Biedronka,Białko wegetariańskie Go Active waniliowe,Go Active,39.99,,2026-10-01,2026-10-03,526611,"Od czwartku, Z ladą tradycyjną",2026-10-01,2026-10-07,49,https://blix.pl/sklep/biedronka/gazetka/526611/?pageNumber=49,https://imgproxy.blix.pl/product_occurrence//0a58553d-c012-4c8a-88e4-236d8ed1d97a.jpg,2026-10-01
01a0f325-b2e4-7c78-8e20-a51eeafe5590,Biedronka,Kolagen Shot All Nutrition All Deynn,All Nutrition,6.99,,2026-10-01,2026-10-03,526611,"Od czwartku, Z ladą tradycyjną",2026-10-01,2026-10-07,49,https://blix.pl/sklep/biedronka/gazetka/526611/?pageNumber=49,https://imgproxy.blix.pl/product_occurrence//1bc1ecda-6049-485f-a755-c3c15d668e4a.jpg,2026-10-01
01a0f325-b2e4-7c5c-8e20-a51eeabf0be0,Biedronka,Izolat białka WPI Go Active truskawka,Go Active,59.99,,2026-10-01,2026-10-03,526611,"Od czwartku, Z ladą tradycyjną",2026-10-01,2026-10-07,49,https://blix.pl/sklep/biedronka/gazetka/526611/?pageNumber=49,https://imgproxy.blix.pl/product_occurrence//894ffce7-e994-4d9b-aca4-6d9390652ef8.jpg,2026-10-01
01a0f325-b2e4-7bb0-8e20-a51ee83332d5,Biedronka,Kreatyna Go Active,Go Active,59.99,,2026-10-01,2026-10-03,526611,"Od czwartku, Z ladą tradycyjną",2026-10-01,2026-10-07,49,https://blix.pl/sklep/biedronka/gazetka/526611/?pageNumber=49,https://imgproxy.blix.pl/product_occurrence//24ef9233-ef11-4102-91fb-0c25515599f9.jpg,2026-10-01
01a0f325-b2e4-7c90-8e20-a51eebb9cdfe,Biedronka,Kreatyna WK Dzik cola,Wk Dzik,49.99,,2026-10-01,2026-10-03,526611,"Od czwartku, Z ladą tradycyjną",2026-10-01,2026-10-07,49,https://blix.pl/sklep/biedronka/gazetka/526611/?pageNumber=49,https://imgproxy.blix.pl/product_occurrence//02371d93-23cc-4efe-ab7d-a2d7b5b31baf.jpg,2026-10-01
01a0f325-b2e4-7ccc-8e20-a51eec3372b1,Biedronka,Kreatyna WK Dzik mango,Wk Dzik,49.99,,2026-10-01,2026-10-03,526611,"Od czwartku, Z ladą tradycyjną",2026-10-01,2026-10-07,49,https://blix.pl/sklep/biedronka/gazetka/526611/?pageNumber=49,https://imgproxy.blix.pl/product_occurrence//9e291e24-40c5-451c-b778-1631c2b8f21d.jpg,2026-10-01
01a0f325-b2e4-7ce8-8e20-a51eec8441c3,Biedronka,Kreatyna WK Dzik truskawka i kiwi,Wk Dzik,49.99,,2026-10-01,2026-10-03,526611,"Od czwartku, Z ladą tradycyjną",2026-10-01,2026-10-07,49,https://blix.pl/sklep/biedronka/gazetka/526611/?pageNumber=49,https://imgproxy.blix.pl/product_occurrence//7ce4774f-f0fb-49ac-a2c8-fbbbfc8303cf.jpg,2026-10-01
01a0f325-b2e4-7c40-8e20-a51eea58a038,Biedronka,Izolat białka WPI Go Active wanilia,Go Active,59.99,,2026-10-01,2026-10-03,526611,"Od czwartku, Z ladą tradycyjną",2026-10-01,2026-10-07,49,https://blix.pl/sklep/biedronka/gazetka/526611/?pageNumber=49,https://imgproxy.blix.pl/product_occurrence//666603b0-83d7-44d4-9e92-c37d0cf7a9f9.jpg,2026-10-01
01a0f325-b396-7345-be8d-01129c171e62,Biedronka,Polędwica z łososia Superfish,Superfish,9.99,,2026-10-01,2026-10-07,526611,"Od czwartku, Z ladą tradycyjną",2026-10-01,2026-10-07,50,https://blix.pl/sklep/biedronka/gazetka/526611/?pageNumber=50,https://imgproxy.blix.pl/product_occurrence//54ea569d-a2a3-47c6-9f97-d44773c15168.jpg,2026-10-01
01a0f325-b3ea-7c04-a0cd-aa39040946a9,Biedronka,Filet pieczony z kurczaka Kraina Wędlin Nature,Kraina Wędlin Nature,12.99,,2026-10-01,2026-10-07,526611,"Od czwartku, Z ladą tradycyjną",2026-10-01,2026-10-07,51,https://blix.pl/sklep/biedronka/gazetka/526611/?pageNumber=51,https://imgproxy.blix.pl/product_occurrence//47a1f257-ad62-475a-bc28-75c9e9188d59.jpg,2026-10-01
01a0f325-b449-7664-8f81-173e51aa15fa,Biedronka,Dżem 60% mniej cukrów Rapsodia,Rapsodia,5.99,,2026-10-01,2026-10-03,526611,"Od czwartku, Z ladą tradycyjną",2026-10-01,2026-10-07,52,https://blix.pl/sklep/biedronka/gazetka/526611/?pageNumber=52,https://imgproxy.blix.pl/product_occurrence//729db4fc-5d6e-425b-b267-5c9297043086.jpg,2026-10-01
01a0f325-b449-75fc-8f81-173e518391ad,Biedronka,Łosoś norweski wędzony na zimno w plastrach Marinero,Marinero,11.99,,2026-10-01,2026-10-03,526611,"Od czwartku, Z ladą tradycyjną",2026-10-01,2026-10-07,52,https://blix.pl/sklep/biedronka/gazetka/526611/?pageNumber=52,https://imgproxy.blix.pl/product_occurrence//ec578f33-6635-417a-a6aa-adb7c0a21622.jpg,2026-10-01
01a0f325-b449-7684-8f81-173e51b437c8,Biedronka,Polędwica Sopocka Kraina Wędlin,Kraina Wędlin,6.99,,2026-10-01,2026-10-03,526611,"Od czwartku, Z ladą tradycyjną",2026-10-01,2026-10-07,52,https://blix.pl/sklep/biedronka/gazetka/526611/?pageNumber=52,https://imgproxy.blix.pl/product_occurrence//01987efd-65d1-42d5-9cff-13346f2f06ab.jpg,2026-10-01
01a0f325-b449-769c-8f81-173e5290e2ea,Biedronka,Bułka z ziarnem długa fermentacja,Biedronka,0.20,,2026-10-01,2026-10-03,526611,"Od czwartku, Z ladą tradycyjną",2026-10-01,2026-10-07,52,https://blix.pl/sklep/biedronka/gazetka/526611/?pageNumber=52,https://imgproxy.blix.pl/product_occurrence//5f420d05-fb1e-417d-89ed-85580ac1bdb9.jpg,2026-10-01
01a0f325-b449-76b0-8f81-173e531c86c8,Biedronka,Bułka wyśmienita długa fermentacja,Biedronka,0.20,,2026-10-01,2026-10-03,526611,"Od czwartku, Z ladą tradycyjną",2026-10-01,2026-10-07,52,https://blix.pl/sklep/biedronka/gazetka/526611/?pageNumber=52,https://imgproxy.blix.pl/product_occurrence//7d2d01aa-5a32-4943-b2bd-279275b31a9c.jpg,2026-10-01
01a0f325-b449-76c4-8f81-173e54065f9c,Biedronka,Bułka grahamka ze słonecznikiem długa fermentacja,Biedronka,0.20,,2026-10-01,2026-10-03,526611,"Od czwartku, Z ladą tradycyjną",2026-10-01,2026-10-07,52,https://blix.pl/sklep/biedronka/gazetka/526611/?pageNumber=52,https://imgproxy.blix.pl/product_occurrence//c67d6cff-7291-4a4c-b9cd-d7312c2e8033.jpg,2026-10-01
01a0f325-b4c3-7931-a703-47921b2542bf,Biedronka,Ciastka na wagę,Biedronka,,,2026-10-01,2026-10-03,526611,"Od czwartku, Z ladą tradycyjną",2026-10-01,2026-10-07,53,https://blix.pl/sklep/biedronka/gazetka/526611/?pageNumber=53,https://imgproxy.blix.pl/product_occurrence//defebeba-19fd-4b5c-b19d-7ba75a99e24f.jpg,2026-10-01
01a0f325-b52a-7b35-bd53-2e52991da8c6,Biedronka,Czekolada WW Pumpkin Spice E.Wedel,E. Wedel,19.99,,2026-10-01,2026-10-07,526611,"Od czwartku, Z ladą tradycyjną",2026-10-01,2026-10-07,54,https://blix.pl/sklep/biedronka/gazetka/526611/?pageNumber=54,https://imgproxy.blix.pl/product_occurrence//91e40285-19a0-4342-84fc-b3a3d53bbc9b.jpg,2026-10-01
01a0f325-b52a-7b99-bd53-2e5299452055,Biedronka,Wafle WW Pumpkin Spice E.Wedel,E. Wedel,3.49,,2026-10-01,2026-10-07,526611,"Od czwartku, Z ladą tradycyjną",2026-10-01,2026-10-07,54,https://blix.pl/sklep/biedronka/gazetka/526611/?pageNumber=54,https://imgproxy.blix.pl/product_occurrence//1c5f1028-ba65-405d-9a70-a663f85b81cf.jpg,2026-10-01
01a0f325-b52a-7bc1-bd53-2e5299ff0fe7,Biedronka,Cukierki WW Pumpkin Spice E.Wedel na wagę,E. Wedel,4.29,,2026-10-01,2026-10-07,526611,"Od czwartku, Z ladą tradycyjną",2026-10-01,2026-10-07,54,https://blix.pl/sklep/biedronka/gazetka/526611/?pageNumber=54,https://imgproxy.blix.pl/product_occurrence//64e99be3-4184-459e-9c39-ea2df27ff185.jpg,2026-10-01
01a0f325-b594-77d8-892e-a55134e50707,Biedronka,Rogal 7Days Croissant with cocoa filling,7Days,,,2026-10-01,2026-10-03,526611,"Od czwartku, Z ladą tradycyjną",2026-10-01,2026-10-07,55,https://blix.pl/sklep/biedronka/gazetka/526611/?pageNumber=55,https://imgproxy.blix.pl/product_occurrence//100d9155-b616-485e-a8cf-a6b25131b7bb.jpg,2026-10-01
01a0f325-b594-7834-892e-a55135e3ac85,Biedronka,Rogal Milka Choco Croissant Vanilla Flavour,Milka,,,2026-10-01,2026-10-03,526611,"Od czwartku, Z ladą tradycyjną",2026-10-01,2026-10-07,55,https://blix.pl/sklep/biedronka/gazetka/526611/?pageNumber=55,https://imgproxy.blix.pl/product_occurrence//56435ab9-2b85-4452-8c2e-d74d0a7bdfee.jpg,2026-10-01
01a0f325-b619-7df5-80fa-f1d36499556d,Biedronka,Wafle maślane Bonitki,Bonitki,5.99,,2026-10-01,2026-10-03,526611,"Od czwartku, Z ladą tradycyjną",2026-10-01,2026-10-07,56,https://blix.pl/sklep/biedronka/gazetka/526611/?pageNumber=56,https://imgproxy.blix.pl/product_occurrence//02b0785c-d011-4481-bf49-c2db7cd7dfbd.jpg,2026-10-01
01a0f325-b619-7e61-80fa-f1d365d0bc70,Biedronka,Cukierki Pumpkin Mieszanka Wedlowska na wagę E.Wedel,E. Wedel,4.29,,2026-10-01,2026-10-03,526611,"Od czwartku, Z ladą tradycyjną",2026-10-01,2026-10-07,56,https://blix.pl/sklep/biedronka/gazetka/526611/?pageNumber=56,https://imgproxy.blix.pl/product_occurrence//9bea9eed-778d-42c6-b386-20d9715a8855.jpg,2026-10-01
01a0f325-b619-7e19-80fa-f1d364cbaa12,Biedronka,Rogaliki kakaowe Baitz 5-pak,Baitz,4.99,,2026-10-01,2026-10-03,526611,"Od czwartku, Z ladą tradycyjną",2026-10-01,2026-10-07,56,https://blix.pl/sklep/biedronka/gazetka/526611/?pageNumber=56,https://imgproxy.blix.pl/product_occurrence//b72872c1-fff8-4e45-9148-d8a3aa539292.jpg,2026-10-01
01a0f325-b619-7d3d-80fa-f1d36405ef18,Biedronka,Ciastka kremówki Bonitki śmietankowo-truskawkowe,Bonitki,14.99,,2026-10-01,2026-10-03,526611,"Od czwartku, Z ladą tradycyjną",2026-10-01,2026-10-07,56,https://blix.pl/sklep/biedronka/gazetka/526611/?pageNumber=56,https://imgproxy.blix.pl/product_occurrence//4d7b483d-1dad-4bc9-9bdc-f723789d7c2a.jpg,2026-10-01
01a0f325-b619-7e3d-80fa-f1d36554d03c,Biedronka,Precle solone w polewie karmelowej Baitz,Baitz,3.99,,2026-10-01,2026-10-03,526611,"Od czwartku, Z ladą tradycyjną",2026-10-01,2026-10-07,56,https://blix.pl/sklep/biedronka/gazetka/526611/?pageNumber=56,https://imgproxy.blix.pl/product_occurrence//eee479b0-1c54-49fa-87c0-6ff884257257.jpg,2026-10-01
01a0f325-b619-7dc1-80fa-f1d36463bb92,Biedronka,Ciastka kremówki Bonitki śmietankowo-jagodowe,Bonitki,14.99,,2026-10-01,2026-10-03,526611,"Od czwartku, Z ladą tradycyjną",2026-10-01,2026-10-07,56,https://blix.pl/sklep/biedronka/gazetka/526611/?pageNumber=56,https://imgproxy.blix.pl/product_occurrence//25a7d403-c749-4016-9176-5c416b95c9b9.jpg,2026-10-01
01a0f325-b619-7ea1-80fa-f1d366d6e523,Biedronka,Pistacje prażone solone BakaD'Or,Bakad'or,29.99,,2026-10-01,2026-10-03,526611,"Od czwartku, Z ladą tradycyjną",2026-10-01,2026-10-07,56,https://blix.pl/sklep/biedronka/gazetka/526611/?pageNumber=56,https://imgproxy.blix.pl/product_occurrence//304ca22c-479c-4fc1-99a9-bb2d7805a002.jpg,2026-10-01
01a0f325-b619-7e81-80fa-f1d3666e696c,Biedronka,Czekolada WW E.Wedel,E. Wedel,13.99,,2026-10-01,2026-10-03,526611,"Od czwartku, Z ladą tradycyjną",2026-10-01,2026-10-07,56,https://blix.pl/sklep/biedronka/gazetka/526611/?pageNumber=56,https://imgproxy.blix.pl/product_occurrence//72966b99-08e6-42f8-b4a6-affd6991e293.jpg,2026-10-01
01a0f325-b619-7ec1-80fa-f1d3675cee7a,Biedronka,Daktyle suszone BakaD'Or,Bakad'or,14.99,,2026-10-01,2026-10-03,526611,"Od czwartku, Z ladą tradycyjną",2026-10-01,2026-10-07,56,https://blix.pl/sklep/biedronka/gazetka/526611/?pageNumber=56,https://imgproxy.blix.pl/product_occurrence//7d0338f6-72a9-4881-9055-24297312047c.jpg,2026-10-01
01a0f325-b619-7f09-80fa-f1d367e751b3,Biedronka,Chrupki z soczewicy TOP,Top,3.49,,2026-10-01,2026-10-03,526611,"Od czwartku, Z ladą tradycyjną",2026-10-01,2026-10-07,56,https://blix.pl/sklep/biedronka/gazetka/526611/?pageNumber=56,https://imgproxy.blix.pl/product_occurrence//621078d4-ef85-4417-94c1-bb7884539e1f.jpg,2026-10-01
01a0f325-b619-7f75-80fa-f1d368cb2cce,Biedronka,Podpłomyki mini Kupiec,Kupiec,4.99,,2026-10-01,2026-10-03,526611,"Od czwartku, Z ladą tradycyjną",2026-10-01,2026-10-07,56,https://blix.pl/sklep/biedronka/gazetka/526611/?pageNumber=56,https://imgproxy.blix.pl/product_occurrence//6c12a4ed-175c-4c6c-a216-15cab39fc51f.jpg,2026-10-01
01a0f325-b619-7ee5-80fa-f1d367ad7c23,Biedronka,Mieszanka nerkowiec-żurawina BakaD'Or,Bakad'or,23.99,,2026-10-01,2026-10-03,526611,"Od czwartku, Z ladą tradycyjną",2026-10-01,2026-10-07,56,https://blix.pl/sklep/biedronka/gazetka/526611/?pageNumber=56,https://imgproxy.blix.pl/product_occurrence//9468196c-c378-4f1e-8ac3-140408b28a03.jpg,2026-10-01
01a0f325-b619-7f29-80fa-f1d368a6b496,Biedronka,Draże Maltesers,Maltesers,8.99,,2026-10-01,2026-10-03,526611,"Od czwartku, Z ladą tradycyjną",2026-10-01,2026-10-07,56,https://blix.pl/sklep/biedronka/gazetka/526611/?pageNumber=56,https://imgproxy.blix.pl/product_occurrence//b68dba09-85c8-4641-aebe-246d9c6fda0b.jpg,2026-10-01
01a0f325-b6ff-7885-89e3-d90bb816286a,Biedronka,Chipsy Lay's,Lay's,,,2026-10-01,2026-10-03,526611,"Od czwartku, Z ladą tradycyjną",2026-10-01,2026-10-07,57,https://blix.pl/sklep/biedronka/gazetka/526611/?pageNumber=57,https://imgproxy.blix.pl/product_occurrence//b77e3a28-6e69-4ad1-aaea-1df9edd5c401.jpg,2026-10-01
01a0f325-b6ff-78f1-89e3-d90bb8700b16,Biedronka,Chipsy Lay's Paprika,Lay's,,,2026-10-01,2026-10-03,526611,"Od czwartku, Z ladą tradycyjną",2026-10-01,2026-10-07,57,https://blix.pl/sklep/biedronka/gazetka/526611/?pageNumber=57,https://imgproxy.blix.pl/product_occurrence//f8025c57-2f4a-4c37-938b-74567e968669.jpg,2026-10-01
01a0f325-b6ff-7955-89e3-d90bba0f23c9,Biedronka,Chipsy Lay's Oven Baked Grilled Paprika,Lay's,,,2026-10-01,2026-10-03,526611,"Od czwartku, Z ladą tradycyjną",2026-10-01,2026-10-07,57,https://blix.pl/sklep/biedronka/gazetka/526611/?pageNumber=57,https://imgproxy.blix.pl/product_occurrence//8e4f29d3-69a1-4597-bd24-ddf01f5628bd.jpg,2026-10-01
01a0f325-b6ff-7939-89e3-d90bb99a6685,Biedronka,Chipsy Lay's MAX Strong,Lay's,,,2026-10-01,2026-10-03,526611,"Od czwartku, Z ladą tradycyjną",2026-10-01,2026-10-07,57,https://blix.pl/sklep/biedronka/gazetka/526611/?pageNumber=57,https://imgproxy.blix.pl/product_occurrence//71a6951d-792f-48d9-b6f2-9e1fd1d0daed.jpg,2026-10-01
01a0f325-b6ff-791d-89e3-d90bb8a1045a,Biedronka,Chipsy Lay's Green Onion,Lay's,,,2026-10-01,2026-10-03,526611,"Od czwartku, Z ladą tradycyjną",2026-10-01,2026-10-07,57,https://blix.pl/sklep/biedronka/gazetka/526611/?pageNumber=57,https://imgproxy.blix.pl/product_occurrence//39a4ef3a-cddf-4801-a5c1-ae700ed2ac14.jpg,2026-10-01
01a0f325-b6ff-7989-89e3-d90bbab7a33d,Biedronka,Chipsy Lay's Fromage,Lay's,,,2026-10-01,2026-10-03,526611,"Od czwartku, Z ladą tradycyjną",2026-10-01,2026-10-07,57,https://blix.pl/sklep/biedronka/gazetka/526611/?pageNumber=57,https://imgproxy.blix.pl/product_occurrence//0df056f9-a863-4f9f-a979-bbca1092a1b1.jpg,2026-10-01
01a0f325-b6ff-796d-89e3-d90bba592448,Biedronka,Chipsy Lay's MAX Karbowane Green Onion,Lay's,,,2026-10-01,2026-10-03,526611,"Od czwartku, Z ladą tradycyjną",2026-10-01,2026-10-07,57,https://blix.pl/sklep/biedronka/gazetka/526611/?pageNumber=57,https://imgproxy.blix.pl/product_occurrence//4a818b60-d11b-4b2f-a1c5-e03cd996071c.jpg,2026-10-01
01a0f325-b6ff-79a5-89e3-d90bbb0c0d4a,Biedronka,Muesli One Day More,One Day More,,,2026-10-01,2026-10-03,526611,"Od czwartku, Z ladą tradycyjną",2026-10-01,2026-10-07,57,https://blix.pl/sklep/biedronka/gazetka/526611/?pageNumber=57,https://imgproxy.blix.pl/product_occurrence//f0f7003c-f48c-444c-a5cd-85b57316446e.jpg,2026-10-01
01a0f325-b6ff-7a0d-89e3-d90bbc4345fd,Biedronka,Chipsy Doritos cool original,Doritos,6.99,,2026-10-01,2026-10-03,526611,"Od czwartku, Z ladą tradycyjną",2026-10-01,2026-10-07,57,https://blix.pl/sklep/biedronka/gazetka/526611/?pageNumber=57,https://imgproxy.blix.pl/product_occurrence//a9094aaa-4c44-46c6-aa49-69ce9e003c2a.jpg,2026-10-01
01a0f325-b6ff-7a29-89e3-d90bbc715d8e,Biedronka,Chipsy Doritos cinnamon,Doritos,6.99,,2026-10-01,2026-10-03,526611,"Od czwartku, Z ladą tradycyjną",2026-10-01,2026-10-07,57,https://blix.pl/sklep/biedronka/gazetka/526611/?pageNumber=57,https://imgproxy.blix.pl/product_occurrence//94d4c385-dd57-4263-9c51-670037ea0c51.jpg,2026-10-01
01a0f325-b6ff-7a41-89e3-d90bbc98d328,Biedronka,Paluszki Lajkonik klasyczne,Lajkonik,3.49,,2026-10-01,2026-10-03,526611,"Od czwartku, Z ladą tradycyjną",2026-10-01,2026-10-07,57,https://blix.pl/sklep/biedronka/gazetka/526611/?pageNumber=57,https://imgproxy.blix.pl/product_occurrence//ac7712f2-2814-4898-be50-1b1e49164362.jpg,2026-10-01
01a0f325-b6ff-7a5d-89e3-d90bbcc6187b,Biedronka,Paluszki Lajkonik Junior,Lajkonik,3.49,,2026-10-01,2026-10-03,526611,"Od czwartku, Z ladą tradycyjną",2026-10-01,2026-10-07,57,https://blix.pl/sklep/biedronka/gazetka/526611/?pageNumber=57,https://imgproxy.blix.pl/product_occurrence//cfbd9bb1-3ba9-4def-ad38-b86ce36d47da.jpg,2026-10-01
01a0f325-b6ff-79d9-89e3-d90bbbbfb1cf,Biedronka,Chrupki CrispsTop ketchup,Crispstop,4.99,,2026-10-01,2026-10-03,526611,"Od czwartku, Z ladą tradycyjną",2026-10-01,2026-10-07,57,https://blix.pl/sklep/biedronka/gazetka/526611/?pageNumber=57,https://imgproxy.blix.pl/product_occurrence//b109eb74-cf52-4fa8-a125-62891a45522e.jpg,2026-10-01
01a0f325-b6ff-79f1-89e3-d90bbc3e954a,Biedronka,Chipsy Doritos sweet chilli,Doritos,6.99,,2026-10-01,2026-10-03,526611,"Od czwartku, Z ladą tradycyjną",2026-10-01,2026-10-07,57,https://blix.pl/sklep/biedronka/gazetka/526611/?pageNumber=57,https://imgproxy.blix.pl/product_occurrence//a1a4150d-4ffc-42cf-aa97-8a2148a26f1e.jpg,2026-10-01
01a0f325-b6ff-79bd-89e3-d90bbb4544fd,Biedronka,Chrupki CrispsTop pizza,Crispstop,4.99,,2026-10-01,2026-10-03,526611,"Od czwartku, Z ladą tradycyjną",2026-10-01,2026-10-07,57,https://blix.pl/sklep/biedronka/gazetka/526611/?pageNumber=57,https://imgproxy.blix.pl/product_occurrence//1a99267d-918a-4655-b1d7-c8bc62308b42.jpg,2026-10-01
01a0f325-b6ff-7a91-89e3-d90bbe07aeaf,Biedronka,Chipsy Cheetos Avengers Ketchup,Cheetos,7.49,,2026-10-01,2026-10-03,526611,"Od czwartku, Z ladą tradycyjną",2026-10-01,2026-10-07,57,https://blix.pl/sklep/biedronka/gazetka/526611/?pageNumber=57,https://imgproxy.blix.pl/product_occurrence//29b08ea4-9313-4275-a79c-521e2c4e4c6a.jpg,2026-10-01
01a0f325-b6ff-7a75-89e3-d90bbd7c2e40,Biedronka,Chipsy Cheetos Avengers Salted Toffee,Cheetos,7.49,,2026-10-01,2026-10-03,526611,"Od czwartku, Z ladą tradycyjną",2026-10-01,2026-10-07,57,https://blix.pl/sklep/biedronka/gazetka/526611/?pageNumber=57,https://imgproxy.blix.pl/product_occurrence//399c81e3-7a6c-41a5-92da-0e03fecac6ed.jpg,2026-10-01
01a0f325-b7f8-7116-828f-f714d6ca7e3a,Biedronka,Napój gazowany Coca-Cola Zero Cukru,Coca-Cola,4.99,,2026-10-01,2026-10-03,526611,"Od czwartku, Z ladą tradycyjną",2026-10-01,2026-10-07,58,https://blix.pl/sklep/biedronka/gazetka/526611/?pageNumber=58,https://imgproxy.blix.pl/product_occurrence//eae70fee-7685-4c65-a3ba-f2ee742e0c81.jpg,2026-10-01
01a0f325-b7f8-716e-828f-f714d7313ddc,Biedronka,Napój gazowany Coca-Cola,Coca-Cola,4.99,,2026-10-01,2026-10-03,526611,"Od czwartku, Z ladą tradycyjną",2026-10-01,2026-10-07,58,https://blix.pl/sklep/biedronka/gazetka/526611/?pageNumber=58,https://imgproxy.blix.pl/product_occurrence//2cd70054-1d7f-4f9d-ad62-ab61b012686d.jpg,2026-10-01
01a0f325-b7f8-718e-828f-f714d74dca61,Biedronka,Napój gazowany Coca-Cola Zero-Zero,Coca-Cola,4.99,,2026-10-01,2026-10-03,526611,"Od czwartku, Z ladą tradycyjną",2026-10-01,2026-10-07,58,https://blix.pl/sklep/biedronka/gazetka/526611/?pageNumber=58,https://imgproxy.blix.pl/product_occurrence//d4611fa1-1dac-4807-9d6b-d163e430a73b.jpg,2026-10-01
01a0f325-b7f8-71a6-828f-f714d81e6a14,Biedronka,Napój gazowany Fanta,Fanta,4.99,,2026-10-01,2026-10-03,526611,"Od czwartku, Z ladą tradycyjną",2026-10-01,2026-10-07,58,https://blix.pl/sklep/biedronka/gazetka/526611/?pageNumber=58,https://imgproxy.blix.pl/product_occurrence//c32344fc-e245-496a-b181-700211774a37.jpg,2026-10-01
01a0f325-b7f8-71ba-828f-f714d8dfc189,Biedronka,Napój gazowany Fanta Zero,Fanta,4.99,,2026-10-01,2026-10-03,526611,"Od czwartku, Z ladą tradycyjną",2026-10-01,2026-10-07,58,https://blix.pl/sklep/biedronka/gazetka/526611/?pageNumber=58,https://imgproxy.blix.pl/product_occurrence//aa369069-e9f8-49a6-8b4d-3af28bf0780e.jpg,2026-10-01
01a0f325-b7f8-722e-828f-f714da208387,Biedronka,Napój energetyczny Black Zero Cukru,Black,2.99,,2026-10-01,2026-10-03,526611,"Od czwartku, Z ladą tradycyjną",2026-10-01,2026-10-07,58,https://blix.pl/sklep/biedronka/gazetka/526611/?pageNumber=58,https://imgproxy.blix.pl/product_occurrence//3ae71127-61fa-4f68-8de9-582992d6c2bf.jpg,2026-10-01
01a0f325-b7f8-7286-828f-f714dd36bb5e,Biedronka,Herbata ice tea Remsey czarna o smaku limonki,Remsey,2.49,,2026-10-01,2026-10-03,526611,"Od czwartku, Z ladą tradycyjną",2026-10-01,2026-10-07,58,https://blix.pl/sklep/biedronka/gazetka/526611/?pageNumber=58,https://imgproxy.blix.pl/product_occurrence//2353415c-d13f-481f-9cf4-0cb829e7e9f8.jpg,2026-10-01
01a0f325-b7f8-71ea-828f-f714d91cd405,Biedronka,Napój gazowany Sprite,Sprite,4.99,,2026-10-01,2026-10-03,526611,"Od czwartku, Z ladą tradycyjną",2026-10-01,2026-10-07,58,https://blix.pl/sklep/biedronka/gazetka/526611/?pageNumber=58,https://imgproxy.blix.pl/product_occurrence//7247ea0b-5be7-4c4a-acc7-eacbd01f1f78.jpg,2026-10-01
01a0f325-b7f8-7202-828f-f714d956f050,Biedronka,Napój gazowany Sprite Zero,Sprite,4.99,,2026-10-01,2026-10-03,526611,"Od czwartku, Z ladą tradycyjną",2026-10-01,2026-10-07,58,https://blix.pl/sklep/biedronka/gazetka/526611/?pageNumber=58,https://imgproxy.blix.pl/product_occurrence//5f245be3-0089-498a-8a76-e22f83eaec77.jpg,2026-10-01
01a0f325-b7f8-725a-828f-f714db885df0,Biedronka,Napój energetyczny Be Power,Be Power,2.99,,2026-10-01,2026-10-03,526611,"Od czwartku, Z ladą tradycyjną",2026-10-01,2026-10-07,58,https://blix.pl/sklep/biedronka/gazetka/526611/?pageNumber=58,https://imgproxy.blix.pl/product_occurrence//8aa1daa1-bae2-436a-84b9-c0a4d652636b.jpg,2026-10-01
01a0f325-b7f8-721a-828f-f714d9c793af,Biedronka,Napój energetyczny Black Classic,Black,2.99,,2026-10-01,2026-10-03,526611,"Od czwartku, Z ladą tradycyjną",2026-10-01,2026-10-07,58,https://blix.pl/sklep/biedronka/gazetka/526611/?pageNumber=58,https://imgproxy.blix.pl/product_occurrence//0354a204-605e-42fd-ad0d-49a1694f7c3a.jpg,2026-10-01
01a0f325-b7f8-7242-828f-f714da94b215,Biedronka,Napój energetyczny Black Mojito,Black,2.99,,2026-10-01,2026-10-03,526611,"Od czwartku, Z ladą tradycyjną",2026-10-01,2026-10-07,58,https://blix.pl/sklep/biedronka/gazetka/526611/?pageNumber=58,https://imgproxy.blix.pl/product_occurrence//365fb4d0-73a8-4b36-acd0-5d0990be34fb.jpg,2026-10-01
01a0f325-b7f8-726e-828f-f714dc714dab,Biedronka,Herbata ice tea Remsey biała o smaku wiśni,Remsey,2.49,,2026-10-01,2026-10-03,526611,"Od czwartku, Z ladą tradycyjną",2026-10-01,2026-10-07,58,https://blix.pl/sklep/biedronka/gazetka/526611/?pageNumber=58,https://imgproxy.blix.pl/product_occurrence//acecba7f-0453-4fe1-bfed-6d34e8282bb9.jpg,2026-10-01
01a0f325-b7f8-729a-828f-f714ddb4d596,Biedronka,Napój aloesowy Riviva,Riviva,3.29,,2026-10-01,2026-10-03,526611,"Od czwartku, Z ladą tradycyjną",2026-10-01,2026-10-07,58,https://blix.pl/sklep/biedronka/gazetka/526611/?pageNumber=58,https://imgproxy.blix.pl/product_occurrence//5dd736ee-d05d-456f-bd08-b9c8bd7188c8.jpg,2026-10-01
01a0f325-b7f8-72ae-828f-f714ddc4bab0,Biedronka,Smoothie Vital Fresh mango jabłko banan marakuja,Vital Fresh,,,2026-10-01,2026-10-03,526611,"Od czwartku, Z ladą tradycyjną",2026-10-01,2026-10-07,58,https://blix.pl/sklep/biedronka/gazetka/526611/?pageNumber=58,https://imgproxy.blix.pl/product_occurrence//69f36d70-e633-443e-8d9a-f62cf4f68632.jpg,2026-10-01
01a0f325-b7f8-7352-828f-f714e1d44546,Biedronka,Napój z błonnikiem Go Active peach and vanilla,Go Active,3.99,,2026-10-01,2026-10-03,526611,"Od czwartku, Z ladą tradycyjną",2026-10-01,2026-10-07,58,https://blix.pl/sklep/biedronka/gazetka/526611/?pageNumber=58,https://imgproxy.blix.pl/product_occurrence//cd3b7c58-088b-426b-ad36-b872a28b534f.jpg,2026-10-01
01a0f325-b7f8-72ea-828f-f714df2e7a1f,Biedronka,Smoothie Vital Fresh granat czerwone winogrono banan jagoda,Vital Fresh,,,2026-10-01,2026-10-03,526611,"Od czwartku, Z ladą tradycyjną",2026-10-01,2026-10-07,58,https://blix.pl/sklep/biedronka/gazetka/526611/?pageNumber=58,https://imgproxy.blix.pl/product_occurrence//08eeee91-852b-427a-9f60-b2ee51245e18.jpg,2026-10-01
01a0f325-b7f8-72c2-828f-f714de9a0c84,Biedronka,Smoothie Vital Fresh marchewka jabłko ananas brzoskwinia pomarańcza,Vital Fresh,,,2026-10-01,2026-10-03,526611,"Od czwartku, Z ladą tradycyjną",2026-10-01,2026-10-07,58,https://blix.pl/sklep/biedronka/gazetka/526611/?pageNumber=58,https://imgproxy.blix.pl/product_occurrence//b05f664f-b353-45c2-a2b1-c299410b50b4.jpg,2026-10-01
01a0f325-b7f8-72fe-828f-f714e012e96e,Biedronka,Smoothie Vital Fresh guava jabłko banan winogrono,Vital Fresh,,,2026-10-01,2026-10-03,526611,"Od czwartku, Z ladą tradycyjną",2026-10-01,2026-10-07,58,https://blix.pl/sklep/biedronka/gazetka/526611/?pageNumber=58,https://imgproxy.blix.pl/product_occurrence//02b20227-b1ad-492e-b8d7-d5259e280095.jpg,2026-10-01
01a0f325-b7f8-7326-828f-f714e10dc8e4,Biedronka,Napój proteinowy Go Active o smaku waniliowego ciasteczka,Go Active,4.99,,2026-10-01,2026-10-03,526611,"Od czwartku, Z ladą tradycyjną",2026-10-01,2026-10-07,58,https://blix.pl/sklep/biedronka/gazetka/526611/?pageNumber=58,https://imgproxy.blix.pl/product_occurrence//4119c0e7-b860-49fc-93be-3db7e08c988a.jpg,2026-10-01
01a0f325-b7f8-733e-828f-f714e1865798,Biedronka,Napój z błonnikiem Go Active red orange and clementine,Go Active,3.99,,2026-10-01,2026-10-03,526611,"Od czwartku, Z ladą tradycyjną",2026-10-01,2026-10-07,58,https://blix.pl/sklep/biedronka/gazetka/526611/?pageNumber=58,https://imgproxy.blix.pl/product_occurrence//a58d1f9b-5fd1-4d99-9c89-8bc8d0d6628d.jpg,2026-10-01
01a0f325-b7f8-72d6-828f-f714df08c6bf,Biedronka,Smoothie Vital Fresh jeżyna jabłko malina czarna porzeczka,Vital Fresh,,,2026-10-01,2026-10-03,526611,"Od czwartku, Z ladą tradycyjną",2026-10-01,2026-10-07,58,https://blix.pl/sklep/biedronka/gazetka/526611/?pageNumber=58,https://imgproxy.blix.pl/product_occurrence//b40b68cf-a5ec-4242-9585-3b630b29db99.jpg,2026-10-01
01a0f325-b7f8-7312-828f-f714e02e0168,Biedronka,Napój proteinowy Go Active czekoladowy,Go Active,4.99,,2026-10-01,2026-10-03,526611,"Od czwartku, Z ladą tradycyjną",2026-10-01,2026-10-07,58,https://blix.pl/sklep/biedronka/gazetka/526611/?pageNumber=58,https://imgproxy.blix.pl/product_occurrence//34ef6e66-70ee-4c1c-88a6-7adf8506d049.jpg,2026-10-01
01a0f325-b901-7a2e-9423-38cfd1b78417,Biedronka,Napój energetyczny Tiger classic,Tiger,4.49,,2026-10-01,2026-10-03,526611,"Od czwartku, Z ladą tradycyjną",2026-10-01,2026-10-07,59,https://blix.pl/sklep/biedronka/gazetka/526611/?pageNumber=59,https://imgproxy.blix.pl/product_occurrence//f31a0841-428e-44db-892b-d34c8c8b30ba.jpg,2026-10-01
01a0f325-b901-7aca-9423-38cfd278ecd7,Biedronka,Napój energetyczny Tiger kiwi-limonka,Tiger,4.49,,2026-10-01,2026-10-03,526611,"Od czwartku, Z ladą tradycyjną",2026-10-01,2026-10-07,59,https://blix.pl/sklep/biedronka/gazetka/526611/?pageNumber=59,https://imgproxy.blix.pl/product_occurrence//ccbf5d9c-2d49-4815-aa2d-fd8927e77a1f.jpg,2026-10-01
01a0f325-b901-7b0e-9423-38cfd2e92e28,Biedronka,Napój energetyczny Tiger jagoda,Tiger,4.49,,2026-10-01,2026-10-03,526611,"Od czwartku, Z ladą tradycyjną",2026-10-01,2026-10-07,59,https://blix.pl/sklep/biedronka/gazetka/526611/?pageNumber=59,https://imgproxy.blix.pl/product_occurrence//099e90ad-2b7f-4b11-a723-5bb81b99d0cf.jpg,2026-10-01
01a0f325-b901-7b42-9423-38cfd2e998c4,Biedronka,Napój energetyczny Tiger brzoskwinia,Tiger,4.49,,2026-10-01,2026-10-03,526611,"Od czwartku, Z ladą tradycyjną",2026-10-01,2026-10-07,59,https://blix.pl/sklep/biedronka/gazetka/526611/?pageNumber=59,https://imgproxy.blix.pl/product_occurrence//f20ec0ba-ac51-4674-96f9-633352abb0c3.jpg,2026-10-01
01a0f325-b901-7bce-9423-38cfd37092ad,Biedronka,Napój energetyczny Tiger classic max,Tiger,1.99,,2026-10-01,2026-10-03,526611,"Od czwartku, Z ladą tradycyjną",2026-10-01,2026-10-07,59,https://blix.pl/sklep/biedronka/gazetka/526611/?pageNumber=59,https://imgproxy.blix.pl/product_occurrence//4276280b-6c15-488e-a333-88153d331265.jpg,2026-10-01
01a0f325-b901-7ca6-9423-38cfd545bcdc,Biedronka,Napój energetyczny Tiger poziomka,Tiger,1.99,,2026-10-01,2026-10-03,526611,"Od czwartku, Z ladą tradycyjną",2026-10-01,2026-10-07,59,https://blix.pl/sklep/biedronka/gazetka/526611/?pageNumber=59,https://imgproxy.blix.pl/product_occurrence//c9dc50eb-710f-47a7-ac00-15148c639b2e.jpg,2026-10-01
01a0f325-b901-7c76-9423-38cfd46c0eb6,Biedronka,Napój energetyczny Tiger brzoskwinia,Tiger,1.99,,2026-10-01,2026-10-03,526611,"Od czwartku, Z ladą tradycyjną",2026-10-01,2026-10-07,59,https://blix.pl/sklep/biedronka/gazetka/526611/?pageNumber=59,https://imgproxy.blix.pl/product_occurrence//c7af3357-d8c3-4108-a318-0e34b46ae3a9.jpg,2026-10-01
01a0f325-b901-7ba2-9423-38cfd34f2967,Biedronka,Napój energetyczny Tiger classic,Tiger,1.99,,2026-10-01,2026-10-03,526611,"Od czwartku, Z ladą tradycyjną",2026-10-01,2026-10-07,59,https://blix.pl/sklep/biedronka/gazetka/526611/?pageNumber=59,https://imgproxy.blix.pl/product_occurrence//f48d00af-bbb3-488c-b49b-a4b4ef0834b6.jpg,2026-10-01
01a0f325-b901-7cfe-9423-38cfd6d270f0,Biedronka,Napój energetyczny Tiger malina,Tiger,1.99,,2026-10-01,2026-10-03,526611,"Od czwartku, Z ladą tradycyjną",2026-10-01,2026-10-07,59,https://blix.pl/sklep/biedronka/gazetka/526611/?pageNumber=59,https://imgproxy.blix.pl/product_occurrence//620bc4c7-7c10-43fa-91bb-83164cc9272f.jpg,2026-10-01
01a0f325-b901-7c46-9423-38cfd41afdab,Biedronka,Napój energetyczny Tiger malina zero,Tiger,1.99,,2026-10-01,2026-10-03,526611,"Od czwartku, Z ladą tradycyjną",2026-10-01,2026-10-07,59,https://blix.pl/sklep/biedronka/gazetka/526611/?pageNumber=59,https://imgproxy.blix.pl/product_occurrence//4d2d29bf-2dff-48b3-a5b7-3556e56b5d96.jpg,2026-10-01
01a0f325-b901-7d2a-9423-38cfd798c431,Biedronka,Napój energetyczny Red Bull,Red Bull,4.99,,2026-10-01,2026-10-07,526611,"Od czwartku, Z ladą tradycyjną",2026-10-01,2026-10-07,59,https://blix.pl/sklep/biedronka/gazetka/526611/?pageNumber=59,https://imgproxy.blix.pl/product_occurrence//4b6b03fb-6a1c-4f88-a13f-63f9b0103cf4.jpg,2026-10-01
01a0f325-b901-7cd2-9423-38cfd5d7348d,Biedronka,Napój energetyczny Tiger mirabelka,Tiger,1.99,,2026-10-01,2026-10-03,526611,"Od czwartku, Z ladą tradycyjną",2026-10-01,2026-10-07,59,https://blix.pl/sklep/biedronka/gazetka/526611/?pageNumber=59,https://imgproxy.blix.pl/product_occurrence//d8a1567f-5727-4382-95eb-7e317f1af2c4.jpg,2026-10-01
01a0f325-b901-7d82-9423-38cfd86a4ad3,Biedronka,Napój lemonade Oshee blueberry-blackcurrant,Oshee,3.79,,2026-10-01,2026-10-07,526611,"Od czwartku, Z ladą tradycyjną",2026-10-01,2026-10-07,59,https://blix.pl/sklep/biedronka/gazetka/526611/?pageNumber=59,https://imgproxy.blix.pl/product_occurrence//d646ba7c-178a-4743-ae5d-7425dc45f76a.jpg,2026-10-01
01a0f325-b901-7d56-9423-38cfd83929b0,Biedronka,Napój lemonade Oshee mango-pineapple-lemon,Oshee,3.79,,2026-10-01,2026-10-07,526611,"Od czwartku, Z ladą tradycyjną",2026-10-01,2026-10-07,59,https://blix.pl/sklep/biedronka/gazetka/526611/?pageNumber=59,https://imgproxy.blix.pl/product_occurrence//53f0390f-2a8f-4a2d-b936-c0a0113e71e9.jpg,2026-10-01
01a0f325-b9dc-7dc5-8c6e-6e2f845e7ab9,Biedronka,Piwo Žatecký Světlý Ležák 9-pak 500 ml,Žatecký,2.99,,2026-10-01,2026-10-07,526611,"Od czwartku, Z ladą tradycyjną",2026-10-01,2026-10-07,60,https://blix.pl/sklep/biedronka/gazetka/526611/?pageNumber=60,https://imgproxy.blix.pl/product_occurrence//6ae6b5f3-7f51-46e1-adf9-5a092f60e95d.jpg,2026-10-01
01a0f325-b9dc-7e5d-8c6e-6e2f8515cbf1,Biedronka,Piwo Żywiec Porter,Żywiec,6.99,,2026-10-01,2026-10-07,526611,"Od czwartku, Z ladą tradycyjną",2026-10-01,2026-10-07,60,https://blix.pl/sklep/biedronka/gazetka/526611/?pageNumber=60,https://imgproxy.blix.pl/product_occurrence//99d5e1ec-ba6f-41ed-bff1-f498cf41067f.jpg,2026-10-01
01a0f325-b9dc-7e9d-8c6e-6e2f85a5f4c1,Biedronka,Piwo Żywiec Białe,Żywiec,3.49,,2026-10-01,2026-10-07,526611,"Od czwartku, Z ladą tradycyjną",2026-10-01,2026-10-07,60,https://blix.pl/sklep/biedronka/gazetka/526611/?pageNumber=60,https://imgproxy.blix.pl/product_occurrence//1e0aca3e-2750-45a3-be38-35327231ee5b.jpg,2026-10-01
01a0f325-b9dc-7efd-8c6e-6e2f863097ac,Biedronka,Piwo Żywiec Białe z nutą imbiru,Żywiec,3.49,,2026-10-01,2026-10-07,526611,"Od czwartku, Z ladą tradycyjną",2026-10-01,2026-10-07,60,https://blix.pl/sklep/biedronka/gazetka/526611/?pageNumber=60,https://imgproxy.blix.pl/product_occurrence//02f3b2bc-de9f-4510-96b4-f06aa7283e15.jpg,2026-10-01
01a0f325-b9dc-7ed1-8c6e-6e2f85c5fb70,Biedronka,Piwo Żywiec Białe z nutą wiśni,Żywiec,3.49,,2026-10-01,2026-10-07,526611,"Od czwartku, Z ladą tradycyjną",2026-10-01,2026-10-07,60,https://blix.pl/sklep/biedronka/gazetka/526611/?pageNumber=60,https://imgproxy.blix.pl/product_occurrence//5928b2b3-d697-4c87-8c5d-2852a1004e3f.jpg,2026-10-01
01a0f325-ba96-7f32-bc6d-41766ebccb8c,Biedronka,"Piwo Łomża 4,5% mirabelka",Łomża,3.99,,2026-10-01,2026-10-03,526611,"Od czwartku, Z ladą tradycyjną",2026-10-01,2026-10-07,61,https://blix.pl/sklep/biedronka/gazetka/526611/?pageNumber=61,https://imgproxy.blix.pl/product_occurrence//53c9a39a-6242-48dd-8f90-0dbb2dda76ab.jpg,2026-10-01
01a0f325-ba96-7efe-bc6d-41766dfcfad6,Biedronka,"Piwo Łomża 4,5% gruszka",Łomża,3.99,,2026-10-01,2026-10-03,526611,"Od czwartku, Z ladą tradycyjną",2026-10-01,2026-10-07,61,https://blix.pl/sklep/biedronka/gazetka/526611/?pageNumber=61,https://imgproxy.blix.pl/product_occurrence//64557bb0-8ebb-4131-afcc-16579e252703.jpg,2026-10-01
01a0f325-ba96-7f7a-bc6d-41766fab5785,Biedronka,"Piwo Prem Blackcurrant 4,5%",Prem,2.99,,2026-10-01,2026-10-03,526611,"Od czwartku, Z ladą tradycyjną",2026-10-01,2026-10-07,61,https://blix.pl/sklep/biedronka/gazetka/526611/?pageNumber=61,https://imgproxy.blix.pl/product_occurrence//a746bea1-151c-4e8b-b0be-b27d9a3ec534.jpg,2026-10-01
01a0f325-ba97-7064-92cd-1c568d411fc8,Biedronka,Piwo bezalkoholowe Okocim Radler limonka z miętą,Okocim,3.19,,2026-10-01,2026-10-03,526611,"Od czwartku, Z ladą tradycyjną",2026-10-01,2026-10-07,61,https://blix.pl/sklep/biedronka/gazetka/526611/?pageNumber=61,https://imgproxy.blix.pl/product_occurrence//31304f4d-6577-4bfa-836a-ff4bfa087dd9.jpg,2026-10-01
01a0f325-ba96-7e7e-bc6d-41766dcf5166,Biedronka,"Piwo Łomża 4,5% jabłko i trawa żubrowa",Łomża,3.99,,2026-10-01,2026-10-03,526611,"Od czwartku, Z ladą tradycyjną",2026-10-01,2026-10-07,61,https://blix.pl/sklep/biedronka/gazetka/526611/?pageNumber=61,https://imgproxy.blix.pl/product_occurrence//2b81529b-7e7c-4abe-bbb5-754b955bb714.jpg,2026-10-01
01a0f325-ba96-7f9e-bc6d-4176704f2f08,Biedronka,"Piwo Prem Melon 4,5%",Prem,2.99,,2026-10-01,2026-10-03,526611,"Od czwartku, Z ladą tradycyjną",2026-10-01,2026-10-07,61,https://blix.pl/sklep/biedronka/gazetka/526611/?pageNumber=61,https://imgproxy.blix.pl/product_occurrence//46f0193a-2ccb-43f5-8510-69df66f266d1.jpg,2026-10-01
01a0f325-ba97-701c-92cd-1c568cce55ae,Biedronka,Piwo bezalkoholowe Prem Radler Lemon Lime Mint,Prem,2.99,,2026-10-01,2026-10-03,526611,"Od czwartku, Z ladą tradycyjną",2026-10-01,2026-10-07,61,https://blix.pl/sklep/biedronka/gazetka/526611/?pageNumber=61,https://imgproxy.blix.pl/product_occurrence//8773e3ae-3ae1-4016-8541-987319beb043.jpg,2026-10-01
01a0f325-ba97-70b0-92cd-1c568e3886e4,Biedronka,"Piwo Okocim Radler cytrusowa lemoniada 4,5%",Okocim,3.19,,2026-10-01,2026-10-03,526611,"Od czwartku, Z ladą tradycyjną",2026-10-01,2026-10-07,61,https://blix.pl/sklep/biedronka/gazetka/526611/?pageNumber=61,https://imgproxy.blix.pl/product_occurrence//934b0418-090d-49c6-8b6f-753835546448.jpg,2026-10-01
01a0f325-ba97-7044-92cd-1c568d3613ff,Biedronka,Piwo bezalkoholowe Okocim Radler mango z marakują,Okocim,3.19,,2026-10-01,2026-10-03,526611,"Od czwartku, Z ladą tradycyjną",2026-10-01,2026-10-07,61,https://blix.pl/sklep/biedronka/gazetka/526611/?pageNumber=61,https://imgproxy.blix.pl/product_occurrence//37a2336f-fc19-420e-b4f6-e66aa488fe62.jpg,2026-10-01
01a0f325-ba96-7f56-bc6d-41766f1ce5f0,Biedronka,"Piwo Łomża 4,5% śliwka",Łomża,3.99,,2026-10-01,2026-10-03,526611,"Od czwartku, Z ladą tradycyjną",2026-10-01,2026-10-07,61,https://blix.pl/sklep/biedronka/gazetka/526611/?pageNumber=61,https://imgproxy.blix.pl/product_occurrence//b1483482-8d16-4a08-add5-eec357a6589a.jpg,2026-10-01
01a0f325-ba97-70d0-92cd-1c568e9aa5d7,Biedronka,Piwo bezalkoholowe Łomża Radler jabłko & wiśnia,Łomża,2.49,,2026-10-01,2026-10-03,526611,"Od czwartku, Z ladą tradycyjną",2026-10-01,2026-10-07,61,https://blix.pl/sklep/biedronka/gazetka/526611/?pageNumber=61,https://imgproxy.blix.pl/product_occurrence//1e10f894-d73c-4287-86a5-599d5188dffb.jpg,2026-10-01
01a0f325-ba97-70f4-92cd-1c568f81b82b,Biedronka,Piwo bezalkoholowe Łomża Radler brzoskwinia & morela,Łomża,2.49,,2026-10-01,2026-10-03,526611,"Od czwartku, Z ladą tradycyjną",2026-10-01,2026-10-07,61,https://blix.pl/sklep/biedronka/gazetka/526611/?pageNumber=61,https://imgproxy.blix.pl/product_occurrence//62c97564-575e-49bc-a3f2-38bda556f0a1.jpg,2026-10-01
01a0f325-ba97-7114-92cd-1c5690054b1f,Biedronka,Piwo bezalkoholowe Łomża Radler cytryna & limonka,Łomża,2.49,,2026-10-01,2026-10-03,526611,"Od czwartku, Z ladą tradycyjną",2026-10-01,2026-10-07,61,https://blix.pl/sklep/biedronka/gazetka/526611/?pageNumber=61,https://imgproxy.blix.pl/product_occurrence//e229729a-8641-4ef4-8029-9d9bc9df54cc.jpg,2026-10-01
01a0f325-ba97-7134-92cd-1c5690e0e676,Biedronka,Piwo bezalkoholowe Łomża Radler kwaśne porzeczki,Łomża,2.49,,2026-10-01,2026-10-03,526611,"Od czwartku, Z ladą tradycyjną",2026-10-01,2026-10-07,61,https://blix.pl/sklep/biedronka/gazetka/526611/?pageNumber=61,https://imgproxy.blix.pl/product_occurrence//f1ac0c83-32fb-4321-9ed5-be50675436c4.jpg,2026-10-01
01a0f325-bb5b-78a1-bc99-d8e912f89abf,Biedronka,Piwo Warka,Warka,2.79,,2026-10-01,2026-10-03,526611,"Od czwartku, Z ladą tradycyjną",2026-10-01,2026-10-07,62,https://blix.pl/sklep/biedronka/gazetka/526611/?pageNumber=62,https://imgproxy.blix.pl/product_occurrence//e88e6551-ef8e-4f04-9637-2ddf7a4acc25.jpg,2026-10-01
01a0f325-bbcd-7869-a83f-4c03e8ae3fe9,Biedronka,Chipsy Doritos sweet chilli,Doritos,6.99,,2026-10-01,2026-10-07,526611,"Od czwartku, Z ladą tradycyjną",2026-10-01,2026-10-07,63,https://blix.pl/sklep/biedronka/gazetka/526611/?pageNumber=63,https://imgproxy.blix.pl/product_occurrence//a329868d-c5c1-4639-aeae-23bfdf0bf346.jpg,2026-10-01
01a0f325-bbcd-78d5-a83f-4c03e974238f,Biedronka,Chipsy Doritos cinnamon,Doritos,6.99,,2026-10-01,2026-10-07,526611,"Od czwartku, Z ladą tradycyjną",2026-10-01,2026-10-07,63,https://blix.pl/sklep/biedronka/gazetka/526611/?pageNumber=63,https://imgproxy.blix.pl/product_occurrence//efec0419-4462-479f-b23c-a42c3542457a.jpg,2026-10-01
01a0f325-bbcd-78b5-a83f-4c03e9013591,Biedronka,Chipsy Doritos cool original,Doritos,6.99,,2026-10-01,2026-10-07,526611,"Od czwartku, Z ladą tradycyjną",2026-10-01,2026-10-07,63,https://blix.pl/sklep/biedronka/gazetka/526611/?pageNumber=63,https://imgproxy.blix.pl/product_occurrence//73cda6b3-6b0b-487f-a5b4-2361288763f5.jpg,2026-10-01
01a0f325-bca1-7b3d-9ab8-aa1a04a0deff,Biedronka,Kawa mielona Eduscho Family Classic Coffee,Eduscho,,,2026-10-01,2026-10-03,526611,"Od czwartku, Z ladą tradycyjną",2026-10-01,2026-10-07,64,https://blix.pl/sklep/biedronka/gazetka/526611/?pageNumber=64,https://imgproxy.blix.pl/product_occurrence//04ebee44-2b73-411b-a394-81da1f3baeaa.jpg,2026-10-01
01a0f325-bca1-7ab1-9ab8-aa1a03a24e9d,Biedronka,Kawy Tchibo i Eduscho,Eduscho,,,2026-10-01,2026-10-03,526611,"Od czwartku, Z ladą tradycyjną",2026-10-01,2026-10-07,64,https://blix.pl/sklep/biedronka/gazetka/526611/?pageNumber=64,https://imgproxy.blix.pl/product_occurrence//089914ce-4d68-48f9-ac29-03e77bb8665f.jpg,2026-10-01
01a0f325-bca1-7b19-9ab8-aa1a0432f6d7,Biedronka,Kawa ziarnista Eduscho Caffè Crema Strong,Eduscho,,,2026-10-01,2026-10-03,526611,"Od czwartku, Z ladą tradycyjną",2026-10-01,2026-10-07,64,https://blix.pl/sklep/biedronka/gazetka/526611/?pageNumber=64,https://imgproxy.blix.pl/product_occurrence//d909069e-ccb3-4897-9273-086ed9288856.jpg,2026-10-01
01a0f325-bca1-7b6d-9ab8-aa1a04bbd6cb,Biedronka,Kawa ziarnista Tchibo Exclusive Original 500 g,Tchibo,,,2026-10-01,2026-10-03,526611,"Od czwartku, Z ladą tradycyjną",2026-10-01,2026-10-07,64,https://blix.pl/sklep/biedronka/gazetka/526611/?pageNumber=64,https://imgproxy.blix.pl/product_occurrence//e072cfa5-e1f5-4dc1-8fad-902e9c70d7e2.jpg,2026-10-01
01a0f325-bca1-7b55-9ab8-aa1a04b46ba0,Biedronka,Kawa rozpuszczalna Eduscho Family Instant Coffee,Eduscho,,,2026-10-01,2026-10-03,526611,"Od czwartku, Z ladą tradycyjną",2026-10-01,2026-10-07,64,https://blix.pl/sklep/biedronka/gazetka/526611/?pageNumber=64,https://imgproxy.blix.pl/product_occurrence//f6d1595b-7244-4f46-86c4-9295b4fa7db9.jpg,2026-10-01
01a0f325-bca1-7bad-9ab8-aa1a06826efc,Biedronka,Kawa ziarnista Cafe d'Or Crema,Cafe D'or,49.99,,2026-10-01,2026-10-03,526611,"Od czwartku, Z ladą tradycyjną",2026-10-01,2026-10-07,64,https://blix.pl/sklep/biedronka/gazetka/526611/?pageNumber=64,https://imgproxy.blix.pl/product_occurrence//ecdfec3c-5163-4fc2-b7b7-51a0ce4cead0.jpg,2026-10-01
01a0f325-bca1-7b95-9ab8-aa1a05d4ae73,Biedronka,Kawa ziarnista Tchibo Exclusive Original 1 kg,Tchibo,,,2026-10-01,2026-10-03,526611,"Od czwartku, Z ladą tradycyjną",2026-10-01,2026-10-07,64,https://blix.pl/sklep/biedronka/gazetka/526611/?pageNumber=64,https://imgproxy.blix.pl/product_occurrence//15e6dbff-d242-4b76-bad1-c0fb3f8c99a2.jpg,2026-10-01
01a0f325-bca1-7b81-9ab8-aa1a0512560c,Biedronka,Kawa ziarnista Tchibo Exclusive Medium Roast,Tchibo,,,2026-10-01,2026-10-03,526611,"Od czwartku, Z ladą tradycyjną",2026-10-01,2026-10-07,64,https://blix.pl/sklep/biedronka/gazetka/526611/?pageNumber=64,https://imgproxy.blix.pl/product_occurrence//273b896b-a6f7-4c26-8b05-c568f12b55a0.jpg,2026-10-01
01a0f325-bca1-7c0d-9ab8-aa1a07bc60e6,Biedronka,Kawa ziarnista Ti Meriti Gusto raffinato Woseba,Woseba,19.99,,2026-10-01,2026-10-03,526611,"Od czwartku, Z ladą tradycyjną",2026-10-01,2026-10-07,64,https://blix.pl/sklep/biedronka/gazetka/526611/?pageNumber=64,https://imgproxy.blix.pl/product_occurrence//719879b0-1363-4d84-af08-bc401b08b1d7.jpg,2026-10-01
01a0f325-bca1-7bc1-9ab8-aa1a070aa4d7,Biedronka,Kawa ziarnista Ti Meriti Crema e aroma Woseba,Woseba,19.99,,2026-10-01,2026-10-03,526611,"Od czwartku, Z ladą tradycyjną",2026-10-01,2026-10-07,64,https://blix.pl/sklep/biedronka/gazetka/526611/?pageNumber=64,https://imgproxy.blix.pl/product_occurrence//c2d63cee-579b-43f7-9624-1de6bf8e6782.jpg,2026-10-01
01a0f325-bca1-7c25-9ab8-aa1a088b941a,Biedronka,Kawa mielona Ti Meriti Crema e aroma Woseba,Woseba,,,2026-10-01,2026-10-03,526611,"Od czwartku, Z ladą tradycyjną",2026-10-01,2026-10-07,64,https://blix.pl/sklep/biedronka/gazetka/526611/?pageNumber=64,https://imgproxy.blix.pl/product_occurrence//f611b472-bb18-40ef-9861-18b34ade5d9a.jpg,2026-10-01
01a0f325-bca1-7c4d-9ab8-aa1a0990c7ba,Biedronka,Kawa mielona Parana Cafe d'Or,Cafe D'or,17.99,,2026-10-01,2026-10-03,526611,"Od czwartku, Z ladą tradycyjną",2026-10-01,2026-10-07,64,https://blix.pl/sklep/biedronka/gazetka/526611/?pageNumber=64,https://imgproxy.blix.pl/product_occurrence//b2ca99a3-f367-4db2-9846-4fbb66270f16.jpg,2026-10-01
01a0f325-bca1-7c61-9ab8-aa1a0a871415,Biedronka,Herbatka Zioła Świata Lipton mięta z cytrusami,Lipton,4.99,,2026-10-01,2026-10-03,526611,"Od czwartku, Z ladą tradycyjną",2026-10-01,2026-10-07,64,https://blix.pl/sklep/biedronka/gazetka/526611/?pageNumber=64,https://imgproxy.blix.pl/product_occurrence//8137fbe4-c61b-430e-b8ec-52af822a2d94.jpg,2026-10-01
01a0f325-bca1-7c39-9ab8-aa1a097b2a2e,Biedronka,Kawa mielona Ti Meriti Gusto raffinato Woseba,Woseba,,,2026-10-01,2026-10-03,526611,"Od czwartku, Z ladą tradycyjną",2026-10-01,2026-10-07,64,https://blix.pl/sklep/biedronka/gazetka/526611/?pageNumber=64,https://imgproxy.blix.pl/product_occurrence//ecd75281-5a58-4cbc-b9f2-fc48fad97f81.jpg,2026-10-01
01a0f325-bca1-7ce9-9ab8-aa1a0bb3aeec,Biedronka,Herbatka funkcjonalna Lipton dobrostan jelit,Lipton,6.99,,2026-10-01,2026-10-03,526611,"Od czwartku, Z ladą tradycyjną",2026-10-01,2026-10-07,64,https://blix.pl/sklep/biedronka/gazetka/526611/?pageNumber=64,https://imgproxy.blix.pl/product_occurrence//ffe3ffd6-137b-4905-a564-9f358083ee45.jpg,2026-10-01
01a0f325-bca1-7c75-9ab8-aa1a0b0084f0,Biedronka,Herbatka Zioła Świata Lipton melisa z wiśnią,Lipton,4.99,,2026-10-01,2026-10-03,526611,"Od czwartku, Z ladą tradycyjną",2026-10-01,2026-10-07,64,https://blix.pl/sklep/biedronka/gazetka/526611/?pageNumber=64,https://imgproxy.blix.pl/product_occurrence//6bccdff9-48b5-43c0-8158-32bc83614423.jpg,2026-10-01
01a0f325-bca1-7ca9-9ab8-aa1a0b076943,Biedronka,Herbatka Zioła Świata Lipton pokrzywa z mango,Lipton,4.99,,2026-10-01,2026-10-03,526611,"Od czwartku, Z ladą tradycyjną",2026-10-01,2026-10-07,64,https://blix.pl/sklep/biedronka/gazetka/526611/?pageNumber=64,https://imgproxy.blix.pl/product_occurrence//6934e65e-8d47-485b-8960-49f6deaaaffc.jpg,2026-10-01
01a0f325-bca1-7cd5-9ab8-aa1a0b65102e,Biedronka,Herbatka funkcjonalna Lipton trawienie,Lipton,6.99,,2026-10-01,2026-10-03,526611,"Od czwartku, Z ladą tradycyjną",2026-10-01,2026-10-07,64,https://blix.pl/sklep/biedronka/gazetka/526611/?pageNumber=64,https://imgproxy.blix.pl/product_occurrence//0f877b6f-8fa6-4b05-8bc8-b546ff643e88.jpg,2026-10-01
01a0f325-bca1-7cbd-9ab8-aa1a0b33c128,Biedronka,Herbatka funkcjonalna Lipton sen,Lipton,6.99,,2026-10-01,2026-10-03,526611,"Od czwartku, Z ladą tradycyjną",2026-10-01,2026-10-07,64,https://blix.pl/sklep/biedronka/gazetka/526611/?pageNumber=64,https://imgproxy.blix.pl/product_occurrence//25899f2f-de2b-4f52-bfaa-5d82680b8222.jpg,2026-10-01
01a0f325-bca1-7d29-9ab8-aa1a0ce14b72,Biedronka,Herbatka owocowa Remsey słodka malina,Remsey,,,2026-10-01,2026-10-03,526611,"Od czwartku, Z ladą tradycyjną",2026-10-01,2026-10-07,64,https://blix.pl/sklep/biedronka/gazetka/526611/?pageNumber=64,https://imgproxy.blix.pl/product_occurrence//ac8364e8-363d-450a-9078-5e746db4a6f3.jpg,2026-10-01
01a0f325-bca1-7cfd-9ab8-aa1a0c0c9c98,Biedronka,Herbaty Remsey,Remsey,,,2026-10-01,2026-10-03,526611,"Od czwartku, Z ladą tradycyjną",2026-10-01,2026-10-07,64,https://blix.pl/sklep/biedronka/gazetka/526611/?pageNumber=64,https://imgproxy.blix.pl/product_occurrence//e51b80f3-906b-4d2f-ac09-c19734d36cec.jpg,2026-10-01
01a0f325-bca1-7d51-9ab8-aa1a0e72184d,Biedronka,Herbata czarna klasyczna Remsey,Remsey,,,2026-10-01,2026-10-03,526611,"Od czwartku, Z ladą tradycyjną",2026-10-01,2026-10-07,64,https://blix.pl/sklep/biedronka/gazetka/526611/?pageNumber=64,https://imgproxy.blix.pl/product_occurrence//e011d843-c7dc-469b-84e7-d22186728581.jpg,2026-10-01
01a0f325-bca1-7d7d-9ab8-aa1a0fcae2a9,Biedronka,Herbata Remsey ananas gruszka,Remsey,,,2026-10-01,2026-10-03,526611,"Od czwartku, Z ladą tradycyjną",2026-10-01,2026-10-07,64,https://blix.pl/sklep/biedronka/gazetka/526611/?pageNumber=64,https://imgproxy.blix.pl/product_occurrence//0dedfa87-9da9-4da8-90d8-7474788ca835.jpg,2026-10-01
01a0f325-bca1-7dbd-9ab8-aa1a1082204c,Biedronka,Herbatka Remsey Rozgrzej się! malina i imbir,Remsey,,,2026-10-01,2026-10-03,526611,"Od czwartku, Z ladą tradycyjną",2026-10-01,2026-10-07,64,https://blix.pl/sklep/biedronka/gazetka/526611/?pageNumber=64,https://imgproxy.blix.pl/product_occurrence//b628acc9-08bb-4669-af74-1d1cbad10a31.jpg,2026-10-01
01a0f325-bca1-7da9-9ab8-aa1a104a511d,Biedronka,Herbata cejlońska Earl Grey Remsey,Remsey,,,2026-10-01,2026-10-03,526611,"Od czwartku, Z ladą tradycyjną",2026-10-01,2026-10-07,64,https://blix.pl/sklep/biedronka/gazetka/526611/?pageNumber=64,https://imgproxy.blix.pl/product_occurrence//08b825b6-da2c-4650-8e10-a11a9038954a.jpg,2026-10-01
01a0f325-bca1-7dd1-9ab8-aa1a11035bc3,Biedronka,"Herbatka Remsey Rozgrzej się! cytryna, imbir i miód",Remsey,,,2026-10-01,2026-10-03,526611,"Od czwartku, Z ladą tradycyjną",2026-10-01,2026-10-07,64,https://blix.pl/sklep/biedronka/gazetka/526611/?pageNumber=64,https://imgproxy.blix.pl/product_occurrence//f98831db-3a73-4fb0-8dda-95653d30d437.jpg,2026-10-01
01a0f325-bca1-7d69-9ab8-aa1a0f0bc4d0,Biedronka,Herbata czarna Remsey mango i brzoskwinia,Remsey,,,2026-10-01,2026-10-03,526611,"Od czwartku, Z ladą tradycyjną",2026-10-01,2026-10-07,64,https://blix.pl/sklep/biedronka/gazetka/526611/?pageNumber=64,https://imgproxy.blix.pl/product_occurrence//217765d9-0827-43c4-88e0-b1f0797b5616.jpg,2026-10-01
01a0f325-bca1-7d11-9ab8-aa1a0c84e5fd,Biedronka,Herbatka owocowa Remsey owoce leśne,Remsey,,,2026-10-01,2026-10-03,526611,"Od czwartku, Z ladą tradycyjną",2026-10-01,2026-10-07,64,https://blix.pl/sklep/biedronka/gazetka/526611/?pageNumber=64,https://imgproxy.blix.pl/product_occurrence//9aafbb2f-9eea-4f37-bf90-f868c0c0deeb.jpg,2026-10-01
01a0f325-bca1-7d3d-9ab8-aa1a0dd1520c,Biedronka,Herbata czarna Earl Grey z cytryną Remsey,Remsey,,,2026-10-01,2026-10-03,526611,"Od czwartku, Z ladą tradycyjną",2026-10-01,2026-10-07,64,https://blix.pl/sklep/biedronka/gazetka/526611/?pageNumber=64,https://imgproxy.blix.pl/product_occurrence//31eea913-d669-4c4a-aab9-042d81550174.jpg,2026-10-01
01a0f325-bca1-7d91-9ab8-aa1a0fcd6533,Biedronka,Herbatka Remsey malina truskawka,Remsey,,,2026-10-01,2026-10-03,526611,"Od czwartku, Z ladą tradycyjną",2026-10-01,2026-10-07,64,https://blix.pl/sklep/biedronka/gazetka/526611/?pageNumber=64,https://imgproxy.blix.pl/product_occurrence//0fd0a18a-401d-4d88-b577-6e5a5540b39b.jpg,2026-10-01
01a0f325-bdd6-741e-a759-04bf91bf0078,Biedronka,Maszynki do golenia Gillette Simply Smooth,Gillette,34.99,,2026-10-01,2026-10-03,526611,"Od czwartku, Z ladą tradycyjną",2026-10-01,2026-10-07,65,https://blix.pl/sklep/biedronka/gazetka/526611/?pageNumber=65,https://imgproxy.blix.pl/product_occurrence//aafd3db5-a5d7-41ce-9ca0-8c01730378ef.jpg,2026-10-01
01a0f325-bdd6-73b6-a759-04bf9107174a,Biedronka,Maszynka do golenia + ostrza wymienne Gillette Venus Start,Gillette Venus,44.99,,2026-10-01,2026-10-03,526611,"Od czwartku, Z ladą tradycyjną",2026-10-01,2026-10-07,65,https://blix.pl/sklep/biedronka/gazetka/526611/?pageNumber=65,https://imgproxy.blix.pl/product_occurrence//bd9f5cdd-eaf3-443e-87fd-fc9ad54feaa8.jpg,2026-10-01
01a0f325-bdd6-7462-a759-04bf93359799,Biedronka,Żel do golenia Gillette Satin Care,Gillette Satin Care,19.99,,2026-10-01,2026-10-03,526611,"Od czwartku, Z ladą tradycyjną",2026-10-01,2026-10-07,65,https://blix.pl/sklep/biedronka/gazetka/526611/?pageNumber=65,https://imgproxy.blix.pl/product_occurrence//8da82de6-d28e-4d0b-9e74-95bd1f51569f.jpg,2026-10-01
01a0f325-bdd6-7446-a759-04bf9275a807,Biedronka,Maszynki do golenia Gillette Tropical,Gillette,34.99,,2026-10-01,2026-10-03,526611,"Od czwartku, Z ladą tradycyjną",2026-10-01,2026-10-07,65,https://blix.pl/sklep/biedronka/gazetka/526611/?pageNumber=65,https://imgproxy.blix.pl/product_occurrence//0ac40f0d-d45e-499c-bf23-3265fb65547b.jpg,2026-10-01
01a0f325-bdd6-747a-a759-04bf933db202,Biedronka,Maszynka do golenia + ostrza wymienne Gillette Mach3 Sport,Gillette,44.99,,2026-10-01,2026-10-03,526611,"Od czwartku, Z ladą tradycyjną",2026-10-01,2026-10-07,65,https://blix.pl/sklep/biedronka/gazetka/526611/?pageNumber=65,https://imgproxy.blix.pl/product_occurrence//47b5bfb6-e5ed-473b-bdc5-4637dcf64223.jpg,2026-10-01
01a0f325-bdd6-7496-a759-04bf93ad0bd2,Biedronka,Maszynki do golenia Gillette Blue3 Comfort,Gillette,29.99,,2026-10-01,2026-10-03,526611,"Od czwartku, Z ladą tradycyjną",2026-10-01,2026-10-07,65,https://blix.pl/sklep/biedronka/gazetka/526611/?pageNumber=65,https://imgproxy.blix.pl/product_occurrence//ab6f8a0a-fa3f-4e76-b078-d5de10b74a1d.jpg,2026-10-01
01a0f325-bdd6-74ae-a759-04bf94a22934,Biedronka,Maszynki do golenia Gillette Blue 2 Plus,Gillette,29.99,,2026-10-01,2026-10-03,526611,"Od czwartku, Z ladą tradycyjną",2026-10-01,2026-10-07,65,https://blix.pl/sklep/biedronka/gazetka/526611/?pageNumber=65,https://imgproxy.blix.pl/product_occurrence//86010e6d-3f9b-40d1-9b91-2466b22abe42.jpg,2026-10-01
01a0f325-bdd6-7526-a759-04bf961d4669,Biedronka,Szczoteczka do zębów Colgate 360°,Colgate,11.99,,2026-10-01,2026-10-03,526611,"Od czwartku, Z ladą tradycyjną",2026-10-01,2026-10-07,65,https://blix.pl/sklep/biedronka/gazetka/526611/?pageNumber=65,https://imgproxy.blix.pl/product_occurrence//fe938c6d-9975-4714-b8b7-2e0aaf37cfdb.jpg,2026-10-01
01a0f325-bdd6-750a-a759-04bf95723b4d,Biedronka,Żel pod prysznic Old Spice Captain,Old Spice,39.99,,2026-10-01,2026-10-03,526611,"Od czwartku, Z ladą tradycyjną",2026-10-01,2026-10-07,65,https://blix.pl/sklep/biedronka/gazetka/526611/?pageNumber=65,https://imgproxy.blix.pl/product_occurrence//5a5507bb-6341-4e29-a347-8859ffd0c4aa.jpg,2026-10-01
01a0f325-bdd6-74ee-a759-04bf9514e491,Biedronka,Żel pod prysznic Old Spice Whitewater,Old Spice,39.99,,2026-10-01,2026-10-03,526611,"Od czwartku, Z ladą tradycyjną",2026-10-01,2026-10-07,65,https://blix.pl/sklep/biedronka/gazetka/526611/?pageNumber=65,https://imgproxy.blix.pl/product_occurrence//4b33aa27-e1c9-447f-ad08-522fe707a144.jpg,2026-10-01
01a0f325-bdd6-7556-a759-04bf966488cb,Biedronka,Pasta do zębów 3D White blend-a-med,Blend-A-Med,6.99,,2026-10-01,2026-10-03,526611,"Od czwartku, Z ladą tradycyjną",2026-10-01,2026-10-07,65,https://blix.pl/sklep/biedronka/gazetka/526611/?pageNumber=65,https://imgproxy.blix.pl/product_occurrence//b05068da-83ab-4eb2-943d-c793f761e36a.jpg,2026-10-01
01a0f325-bdd6-753e-a759-04bf96412fd8,Biedronka,Pasta do zębów Advanced White Colgate,Colgate,11.99,,2026-10-01,2026-10-03,526611,"Od czwartku, Z ladą tradycyjną",2026-10-01,2026-10-07,65,https://blix.pl/sklep/biedronka/gazetka/526611/?pageNumber=65,https://imgproxy.blix.pl/product_occurrence//dce66c37-aa45-4142-a441-6543647da089.jpg,2026-10-01
01a0f325-be7e-7104-aa3d-0d9c7b5f3928,Biedronka,Farba do włosów Syoss Color,Syoss,19.99,,2026-10-01,2026-10-03,526611,"Od czwartku, Z ladą tradycyjną",2026-10-01,2026-10-07,66,https://blix.pl/sklep/biedronka/gazetka/526611/?pageNumber=66,https://imgproxy.blix.pl/product_occurrence//b6e9bb90-e764-4446-a8fe-747ebb4e7f73.jpg,2026-10-01
01a0f325-bf0b-7dd0-998b-1a5289a5e92f,Biedronka,Szczoteczka do zębów Sensodyne Complete Protection Medium,Sensodyne,,,2026-10-01,2026-10-03,526611,"Od czwartku, Z ladą tradycyjną",2026-10-01,2026-10-07,67,https://blix.pl/sklep/biedronka/gazetka/526611/?pageNumber=67,https://imgproxy.blix.pl/product_occurrence//ff65c9b7-34d5-4462-84e5-c8dfa57ea7c9.jpg,2026-10-01
01a0f325-bf0b-7d68-998b-1a52898940c1,Biedronka,Produkty Sensodyne,Sensodyne,,,2026-10-01,2026-10-03,526611,"Od czwartku, Z ladą tradycyjną",2026-10-01,2026-10-07,67,https://blix.pl/sklep/biedronka/gazetka/526611/?pageNumber=67,https://imgproxy.blix.pl/product_occurrence//bc0b6923-a567-4b4e-bd0b-afa5e0440d7d.jpg,2026-10-01
01a0f325-bf0b-7df0-998b-1a528a0ffc87,Biedronka,Pasta do zębów Sensodyne Kompletna Ochrona+ Cool Mint,Sensodyne,,,2026-10-01,2026-10-03,526611,"Od czwartku, Z ladą tradycyjną",2026-10-01,2026-10-07,67,https://blix.pl/sklep/biedronka/gazetka/526611/?pageNumber=67,https://imgproxy.blix.pl/product_occurrence//bd27a86e-1e88-4db1-8311-395dee3e7841.jpg,2026-10-01
01a0f325-bf0b-7e1c-998b-1a528bf1275a,Biedronka,Pasta do zębów Sensodyne Daily Whitening,Sensodyne,,,2026-10-01,2026-10-03,526611,"Od czwartku, Z ladą tradycyjną",2026-10-01,2026-10-07,67,https://blix.pl/sklep/biedronka/gazetka/526611/?pageNumber=67,https://imgproxy.blix.pl/product_occurrence//014ad6e9-1230-4a8a-948c-8fffb674afea.jpg,2026-10-01
01a0f325-bf0b-7e04-998b-1a528af1e4e5,Biedronka,Pasta do zębów Sensodyne Advanced White Ochrona Szkliwa,Sensodyne,,,2026-10-01,2026-10-03,526611,"Od czwartku, Z ladą tradycyjną",2026-10-01,2026-10-07,67,https://blix.pl/sklep/biedronka/gazetka/526611/?pageNumber=67,https://imgproxy.blix.pl/product_occurrence//ed8388d0-7b6d-4c81-8e28-649b3c786811.jpg,2026-10-01
01a0f325-bf0b-7e44-998b-1a528d01a1e1,Biedronka,Pasta do zębów Sensodyne Proszkliwo Delikatne Wybielanie,Sensodyne,,,2026-10-01,2026-10-03,526611,"Od czwartku, Z ladą tradycyjną",2026-10-01,2026-10-07,67,https://blix.pl/sklep/biedronka/gazetka/526611/?pageNumber=67,https://imgproxy.blix.pl/product_occurrence//85cd9f82-be9a-4e37-ad9f-e0aed0ad102e.jpg,2026-10-01
01a0f325-bf0b-7e30-998b-1a528cd38c58,Biedronka,Szczoteczka do zębów Sensodyne Sensitivity & Gum Soft,Sensodyne,,,2026-10-01,2026-10-03,526611,"Od czwartku, Z ladą tradycyjną",2026-10-01,2026-10-07,67,https://blix.pl/sklep/biedronka/gazetka/526611/?pageNumber=67,https://imgproxy.blix.pl/product_occurrence//eda2a982-8c32-42ec-87a8-d488867eb5a7.jpg,2026-10-01
01a0f325-bfb9-7b96-afe8-2dee03470cc2,Biedronka,Chusteczki nawilżane Dada,Dada,,,2026-10-01,2026-10-03,526611,"Od czwartku, Z ladą tradycyjną",2026-10-01,2026-10-07,68,https://blix.pl/sklep/biedronka/gazetka/526611/?pageNumber=68,https://imgproxy.blix.pl/product_occurrence//1031c64f-f454-4af7-9f39-39ef5c6c0753.jpg,2026-10-01
01a0f325-bfb9-7c7a-afe8-2dee041c5311,Biedronka,Chusteczki nawilżane Dada Extra Care Aloe,Dada,,,2026-10-01,2026-10-03,526611,"Od czwartku, Z ladą tradycyjną",2026-10-01,2026-10-07,68,https://blix.pl/sklep/biedronka/gazetka/526611/?pageNumber=68,https://imgproxy.blix.pl/product_occurrence//b396f3cb-0a3a-4e8d-b79f-f3c35f826389.jpg,2026-10-01
01a0f325-bfb9-7c96-afe8-2dee04f71fbb,Biedronka,Chusteczki nawilżane Dada Extra Care Comfort,Dada,,,2026-10-01,2026-10-03,526611,"Od czwartku, Z ladą tradycyjną",2026-10-01,2026-10-07,68,https://blix.pl/sklep/biedronka/gazetka/526611/?pageNumber=68,https://imgproxy.blix.pl/product_occurrence//45f3a9c3-413e-4d8a-a1ad-a249aa265721.jpg,2026-10-01
01a0f325-bfb9-7cb2-afe8-2dee05287ea1,Biedronka,Chusteczki nawilżane Dada Extra Care Probiotic,Dada,,,2026-10-01,2026-10-03,526611,"Od czwartku, Z ladą tradycyjną",2026-10-01,2026-10-07,68,https://blix.pl/sklep/biedronka/gazetka/526611/?pageNumber=68,https://imgproxy.blix.pl/product_occurrence//9b0254fd-b6fb-4007-a5b6-74575a64554b.jpg,2026-10-01
01a0f325-bfb9-7cca-afe8-2dee05b61883,Biedronka,Chusteczki nawilżane Dada Extra Soft Sensitive,Dada,,,2026-10-01,2026-10-03,526611,"Od czwartku, Z ladą tradycyjną",2026-10-01,2026-10-07,68,https://blix.pl/sklep/biedronka/gazetka/526611/?pageNumber=68,https://imgproxy.blix.pl/product_occurrence//008e3e83-343d-41a1-95b3-39e6c5f2f7ad.jpg,2026-10-01
01a0f325-bfb9-7c4e-afe8-2dee03dc7f39,Biedronka,Chusteczki nawilżane Dada Extra Care Sensitive,Dada,,,2026-10-01,2026-10-03,526611,"Od czwartku, Z ladą tradycyjną",2026-10-01,2026-10-07,68,https://blix.pl/sklep/biedronka/gazetka/526611/?pageNumber=68,https://imgproxy.blix.pl/product_occurrence//974e2148-313a-4968-9426-dc4f3c9d2784.jpg,2026-10-01
01a0f325-bfb9-7cfe-afe8-2dee06e9c191,Biedronka,Chusteczki nawilżane Dada Pure Care Aqua,Dada,,,2026-10-01,2026-10-03,526611,"Od czwartku, Z ladą tradycyjną",2026-10-01,2026-10-07,68,https://blix.pl/sklep/biedronka/gazetka/526611/?pageNumber=68,https://imgproxy.blix.pl/product_occurrence//2fbee53f-56d6-48b3-b850-9c87e35dc5a7.jpg,2026-10-01
01a0f325-bfb9-7d32-afe8-2dee07deee27,Biedronka,Chusteczki nawilżane Dada Everyday 14-pak,Dada,,,2026-10-01,2026-10-03,526611,"Od czwartku, Z ladą tradycyjną",2026-10-01,2026-10-07,68,https://blix.pl/sklep/biedronka/gazetka/526611/?pageNumber=68,https://imgproxy.blix.pl/product_occurrence//d353fbaf-5407-4d52-8406-8e7a6c683ee4.jpg,2026-10-01
01a0f325-bfb9-7ce6-afe8-2dee0647730a,Biedronka,Chusteczki nawilżane Dada Extra Soft Comfort,Dada,,,2026-10-01,2026-10-03,526611,"Od czwartku, Z ladą tradycyjną",2026-10-01,2026-10-07,68,https://blix.pl/sklep/biedronka/gazetka/526611/?pageNumber=68,https://imgproxy.blix.pl/product_occurrence//bb1a6ccc-0c4d-4d15-9a0e-fc04627d3ec2.jpg,2026-10-01
01a0f325-bfb9-7d4e-afe8-2dee07df39e7,Biedronka,Chusteczki nawilżane Dada Everyday 3-pak,Dada,,,2026-10-01,2026-10-03,526611,"Od czwartku, Z ladą tradycyjną",2026-10-01,2026-10-07,68,https://blix.pl/sklep/biedronka/gazetka/526611/?pageNumber=68,https://imgproxy.blix.pl/product_occurrence//dad761f2-e8f8-45a4-b936-14e4ae011a67.jpg,2026-10-01
01a0f325-bfb9-7d1a-afe8-2dee076bffb7,Biedronka,Chusteczki nawilżane Dada Everyday 7-pak,Dada,,,2026-10-01,2026-10-03,526611,"Od czwartku, Z ladą tradycyjną",2026-10-01,2026-10-07,68,https://blix.pl/sklep/biedronka/gazetka/526611/?pageNumber=68,https://imgproxy.blix.pl/product_occurrence//c9b5728d-5131-44a0-8686-7d9e65eba14a.jpg,2026-10-01
01a0f325-c081-70e4-a188-af666be06535,Biedronka,Pieluszki Dada Extra Soft,Dada,,,2026-10-01,2026-10-03,526611,"Od czwartku, Z ladą tradycyjną",2026-10-01,2026-10-07,69,https://blix.pl/sklep/biedronka/gazetka/526611/?pageNumber=69,https://imgproxy.blix.pl/product_occurrence//097ff28f-ddcd-420a-affc-97477586e42c.jpg,2026-10-01
01a0f325-c080-7f00-a76c-83919da69cd5,Biedronka,Pieluszki Dada Extra Care,Dada,,,2026-10-01,2026-10-03,526611,"Od czwartku, Z ladą tradycyjną",2026-10-01,2026-10-07,69,https://blix.pl/sklep/biedronka/gazetka/526611/?pageNumber=69,https://imgproxy.blix.pl/product_occurrence//9c0c6e4b-d6d9-4e27-8ba5-4ef97032b450.jpg,2026-10-01
01a0f325-c081-7028-a188-af666ad0e015,Biedronka,Pieluchomajtki Dada Pants Extra Care,Dada,,,2026-10-01,2026-10-03,526611,"Od czwartku, Z ladą tradycyjną",2026-10-01,2026-10-07,69,https://blix.pl/sklep/biedronka/gazetka/526611/?pageNumber=69,https://imgproxy.blix.pl/product_occurrence//d2290595-05e8-4b0e-af76-b19671bfde7b.jpg,2026-10-01
01a0f325-c081-711c-a188-af666bec9059,Biedronka,Papier toaletowy nawilżany Dada Kids,Dada,,,2026-10-01,2026-10-03,526611,"Od czwartku, Z ladą tradycyjną",2026-10-01,2026-10-07,69,https://blix.pl/sklep/biedronka/gazetka/526611/?pageNumber=69,https://imgproxy.blix.pl/product_occurrence//a154c83c-a7fc-4c1d-897a-22b7e5719ab7.jpg,2026-10-01
01a0f325-c081-7148-a188-af666c1c2e05,Biedronka,Kaszki i kleiki Nestlé,Nestlé,,,2026-10-01,2026-10-03,526611,"Od czwartku, Z ladą tradycyjną",2026-10-01,2026-10-07,69,https://blix.pl/sklep/biedronka/gazetka/526611/?pageNumber=69,https://imgproxy.blix.pl/product_occurrence//7d8fadd9-bb39-4b41-88f6-f1c069a29bf5.jpg,2026-10-01
01a0f325-c081-7174-a188-af666c369033,Biedronka,Chusteczki Dada Everyday 14-pak,Dada,39.99,,2026-10-01,2026-10-03,526611,"Od czwartku, Z ladą tradycyjną",2026-10-01,2026-10-07,69,https://blix.pl/sklep/biedronka/gazetka/526611/?pageNumber=69,https://imgproxy.blix.pl/product_occurrence//b7a53d6a-0bf5-4969-8a7d-477fc27a9250.jpg,2026-10-01
01a0f325-c081-71b4-a188-af666d17cdac,Biedronka,Mus owocowy Dada Baby Food Bio 10-pak,Dada,24.99,,2026-10-01,2026-10-03,526611,"Od czwartku, Z ladą tradycyjną",2026-10-01,2026-10-07,69,https://blix.pl/sklep/biedronka/gazetka/526611/?pageNumber=69,https://imgproxy.blix.pl/product_occurrence//a8957ac4-beb1-4dd1-832d-dc3645a642fe.jpg,2026-10-01
01a0f325-c081-7290-a188-af666d7f8825,Biedronka,Mus BoboVita Kicia Kocia,Bobovita,5.19,,2026-10-01,2026-10-03,526611,"Od czwartku, Z ladą tradycyjną",2026-10-01,2026-10-07,69,https://blix.pl/sklep/biedronka/gazetka/526611/?pageNumber=69,https://imgproxy.blix.pl/product_occurrence//a62d32e1-216e-47fa-a694-e5f6583a1d81.jpg,2026-10-01
01a0f325-c081-708c-a188-af666ae332d2,Biedronka,Pieluszki Pampers Premium Care,Pampers,,,2026-10-01,2026-10-03,526611,"Od czwartku, Z ladą tradycyjną",2026-10-01,2026-10-07,69,https://blix.pl/sklep/biedronka/gazetka/526611/?pageNumber=69,https://imgproxy.blix.pl/product_occurrence//9da448a3-90bb-4aa2-88f9-228d707cd720.jpg,2026-10-01
01a0f325-c165-778a-9632-3588680abbb7,Biedronka,Proszek do prania Vizir do kolorów,Vizir,39.99,,2026-10-01,2026-10-07,526611,"Od czwartku, Z ladą tradycyjną",2026-10-01,2026-10-07,70,https://blix.pl/sklep/biedronka/gazetka/526611/?pageNumber=70,https://imgproxy.blix.pl/product_occurrence//7356daff-2925-4fe7-b835-930562d06cca.jpg,2026-10-01
01a0f325-c165-781e-9632-3588682a614c,Biedronka,Płyn do płukania Silan 130 prań,Silan,26.99,,2026-10-01,2026-10-07,526611,"Od czwartku, Z ladą tradycyjną",2026-10-01,2026-10-07,70,https://blix.pl/sklep/biedronka/gazetka/526611/?pageNumber=70,https://imgproxy.blix.pl/product_occurrence//293c851c-75dc-4e56-a08b-6f158a3ea463.jpg,2026-10-01
01a0f325-c165-7862-9632-35886847e9da,Biedronka,Płyn do płukania Silan 126 prań,Silan,26.99,,2026-10-01,2026-10-07,526611,"Od czwartku, Z ladą tradycyjną",2026-10-01,2026-10-07,70,https://blix.pl/sklep/biedronka/gazetka/526611/?pageNumber=70,https://imgproxy.blix.pl/product_occurrence//2d16188d-24af-4136-9ebc-9d1c4326b750.jpg,2026-10-01
01a0f325-c165-7892-9632-358868e3f3e9,Biedronka,Perfumy do prania Silan 30 prań,Silan,18.99,,2026-10-01,2026-10-07,526611,"Od czwartku, Z ladą tradycyjną",2026-10-01,2026-10-07,70,https://blix.pl/sklep/biedronka/gazetka/526611/?pageNumber=70,https://imgproxy.blix.pl/product_occurrence//988278e9-b495-4121-9d99-658053de76a4.jpg,2026-10-01
01a0f325-c165-791e-9632-35886ae2f3a5,Biedronka,Perfumy Eden 2w1 Colonia,Eden,14.99,,2026-10-01,2026-10-07,526611,"Od czwartku, Z ladą tradycyjną",2026-10-01,2026-10-07,70,https://blix.pl/sklep/biedronka/gazetka/526611/?pageNumber=70,https://imgproxy.blix.pl/product_occurrence//a3f2d549-ae2a-46c5-9eac-4790bf155a2b.jpg,2026-10-01
01a0f325-c165-78ee-9632-35886a18dcde,Biedronka,Płyn do płukania Silan Sensitive,Silan,17.99,,2026-10-01,2026-10-07,526611,"Od czwartku, Z ladą tradycyjną",2026-10-01,2026-10-07,70,https://blix.pl/sklep/biedronka/gazetka/526611/?pageNumber=70,https://imgproxy.blix.pl/product_occurrence//89d76821-fa59-43a5-a7c3-7e1c6ae13745.jpg,2026-10-01
01a0f325-c165-7946-9632-35886bdd8ea2,Biedronka,Listki piorące Dr. Beckmann do koloru,Dr. Beckmann,14.99,,2026-10-01,2026-10-07,526611,"Od czwartku, Z ladą tradycyjną",2026-10-01,2026-10-07,70,https://blix.pl/sklep/biedronka/gazetka/526611/?pageNumber=70,https://imgproxy.blix.pl/product_occurrence//5ab96ede-2619-49fd-b391-bc72e9df96a5.jpg,2026-10-01
01a0f325-c165-799e-9632-35886cdd9f14,Biedronka,Płyn do płukania Silan Fresh Control Cool,Silan,17.99,,2026-10-01,2026-10-07,526611,"Od czwartku, Z ladą tradycyjną",2026-10-01,2026-10-07,70,https://blix.pl/sklep/biedronka/gazetka/526611/?pageNumber=70,https://imgproxy.blix.pl/product_occurrence//0436519e-9a1e-4f5e-94df-3ee4d847f6ef.jpg,2026-10-01
01a0f325-c165-7972-9632-35886c85f9be,Biedronka,Listki piorące Dr. Beckmann uniwersalne,Dr. Beckmann,14.99,,2026-10-01,2026-10-07,526611,"Od czwartku, Z ladą tradycyjną",2026-10-01,2026-10-07,70,https://blix.pl/sklep/biedronka/gazetka/526611/?pageNumber=70,https://imgproxy.blix.pl/product_occurrence//1feecc16-f7d9-470c-b039-56141a895c88.jpg,2026-10-01
01a0f325-c165-79ca-9632-35886da75560,Biedronka,Płyn do płukania Silan Aroma Magic Magnolia,Silan,17.99,,2026-10-01,2026-10-07,526611,"Od czwartku, Z ladą tradycyjną",2026-10-01,2026-10-07,70,https://blix.pl/sklep/biedronka/gazetka/526611/?pageNumber=70,https://imgproxy.blix.pl/product_occurrence//307fb078-b11c-4f40-b1a3-76da3c31e427.jpg,2026-10-01
01a0f325-c165-78c2-9632-3588698e65de,Biedronka,Płyn do płukania Silan Fresh,Silan,17.99,,2026-10-01,2026-10-07,526611,"Od czwartku, Z ladą tradycyjną",2026-10-01,2026-10-07,70,https://blix.pl/sklep/biedronka/gazetka/526611/?pageNumber=70,https://imgproxy.blix.pl/product_occurrence//1837759f-3bf0-431f-b3b9-00cdfcc521f2.jpg,2026-10-01
01a0f325-c165-7a76-9632-35886f27dbb1,Biedronka,Listki czyszczące uniwersalne Dr. Beckmann,Dr. Beckmann,11.99,,2026-10-01,2026-10-07,526611,"Od czwartku, Z ladą tradycyjną",2026-10-01,2026-10-07,70,https://blix.pl/sklep/biedronka/gazetka/526611/?pageNumber=70,https://imgproxy.blix.pl/product_occurrence//3253a5a6-04d0-43e6-bd40-c0256b8fef26.jpg,2026-10-01
01a0f325-c165-7a22-9632-35886dfcba19,Biedronka,Proszek do prania Lovela Baby,Lovela,59.99,,2026-10-01,2026-10-07,526611,"Od czwartku, Z ladą tradycyjną",2026-10-01,2026-10-07,70,https://blix.pl/sklep/biedronka/gazetka/526611/?pageNumber=70,https://imgproxy.blix.pl/product_occurrence//4bd3f03e-705a-4a00-b8e8-269f8ecbbe09.jpg,2026-10-01
01a0f325-c165-79f6-9632-35886dee7e7d,Biedronka,Płyn do płukania Silan Aroma Relaxing,Silan,17.99,,2026-10-01,2026-10-07,526611,"Od czwartku, Z ladą tradycyjną",2026-10-01,2026-10-07,70,https://blix.pl/sklep/biedronka/gazetka/526611/?pageNumber=70,https://imgproxy.blix.pl/product_occurrence//e2064d7b-9b11-43b4-a1d4-bcc9ad786dc0.jpg,2026-10-01
01a0f325-c165-7ad2-9632-35886f53a0b2,Biedronka,Płyn do mycia podłóg Mr Magic,Mr Magic,7.49,,2026-10-01,2026-10-07,526611,"Od czwartku, Z ladą tradycyjną",2026-10-01,2026-10-07,70,https://blix.pl/sklep/biedronka/gazetka/526611/?pageNumber=70,https://imgproxy.blix.pl/product_occurrence//22dba923-1ee5-4200-ba16-b3ad55f6243f.jpg,2026-10-01
01a0f325-c165-7afe-9632-35886f5b0169,Biedronka,Płyn do mycia paneli Mr Magic,Mr Magic,7.49,,2026-10-01,2026-10-07,526611,"Od czwartku, Z ladą tradycyjną",2026-10-01,2026-10-07,70,https://blix.pl/sklep/biedronka/gazetka/526611/?pageNumber=70,https://imgproxy.blix.pl/product_occurrence//8e97b2c7-11a2-4a95-be6e-e83c6673cf6e.jpg,2026-10-01
01a0f325-c165-7a4a-9632-35886e44f046,Biedronka,Płyn do prania Lovela Baby,Lovela,59.99,,2026-10-01,2026-10-07,526611,"Od czwartku, Z ladą tradycyjną",2026-10-01,2026-10-07,70,https://blix.pl/sklep/biedronka/gazetka/526611/?pageNumber=70,https://imgproxy.blix.pl/product_occurrence//3ef68a15-72ad-4175-903e-ea7ed7a8d877.jpg,2026-10-01
01a0f325-c270-7104-8e00-45757339d055,Biedronka,Kapsułki do zmywarki Fairy Original,Fairy,89.99,,2026-10-01,2026-10-07,526611,"Od czwartku, Z ladą tradycyjną",2026-10-01,2026-10-07,71,https://blix.pl/sklep/biedronka/gazetka/526611/?pageNumber=71,https://imgproxy.blix.pl/product_occurrence//0c3371c2-b0b3-4f0e-af0c-43bfb8f36ec6.jpg,2026-10-01
01a0f325-c270-708c-8e00-45757277ef31,Biedronka,Kapsułki do zmywarki Fairy Platinum+,Fairy,89.99,,2026-10-01,2026-10-07,526611,"Od czwartku, Z ladą tradycyjną",2026-10-01,2026-10-07,71,https://blix.pl/sklep/biedronka/gazetka/526611/?pageNumber=71,https://imgproxy.blix.pl/product_occurrence//72c5c4ac-15c0-4226-a5cb-e376f0535be2.jpg,2026-10-01
01a0f325-c270-70c8-8e00-4575729147e0,Biedronka,Kapsułki do zmywarki Fairy Platinum+,Fairy,89.99,,2026-10-01,2026-10-07,526611,"Od czwartku, Z ladą tradycyjną",2026-10-01,2026-10-07,71,https://blix.pl/sklep/biedronka/gazetka/526611/?pageNumber=71,https://imgproxy.blix.pl/product_occurrence//20a7b494-7875-4c10-a0b7-5e94354015e6.jpg,2026-10-01
01a0f325-c270-7130-8e00-457573b34bb3,Biedronka,Kapsułki do zmywarki Fairy,Fairy,89.99,,2026-10-01,2026-10-07,526611,"Od czwartku, Z ladą tradycyjną",2026-10-01,2026-10-07,71,https://blix.pl/sklep/biedronka/gazetka/526611/?pageNumber=71,https://imgproxy.blix.pl/product_occurrence//ba18a1f4-3559-4283-b9d5-dc4d657d79a0.jpg,2026-10-01
01a0f325-c26f-7f88-83e4-2b79bd409894,Biedronka,Płyn do mycia naczyń Fairy,Fairy,12.99,,2026-10-01,2026-10-07,526611,"Od czwartku, Z ladą tradycyjną",2026-10-01,2026-10-07,71,https://blix.pl/sklep/biedronka/gazetka/526611/?pageNumber=71,https://imgproxy.blix.pl/product_occurrence//deb99690-13c2-4799-9b2c-ad97abc317e1.jpg,2026-10-01
01a0f325-c270-7160-8e00-45757470b475,Biedronka,Wkłady do odświeżacza powietrza Air Wick Freshmatic 2-pak,Air Wick,26.99,,2026-10-01,2026-10-07,526611,"Od czwartku, Z ladą tradycyjną",2026-10-01,2026-10-07,71,https://blix.pl/sklep/biedronka/gazetka/526611/?pageNumber=71,https://imgproxy.blix.pl/product_occurrence//53cdbf34-a86a-46ae-83e1-fe047d33c3d3.jpg,2026-10-01
01a0f325-c270-71b8-8e00-457575331c9a,Biedronka,Wkłady do elektrycznego odświeżacza powietrza Air Wick 2-pak,Air Wick,26.99,,2026-10-01,2026-10-07,526611,"Od czwartku, Z ladą tradycyjną",2026-10-01,2026-10-07,71,https://blix.pl/sklep/biedronka/gazetka/526611/?pageNumber=71,https://imgproxy.blix.pl/product_occurrence//cf2c50aa-0098-42e3-880f-f85f31e4bee4.jpg,2026-10-01
01a0f325-c270-718c-8e00-457574a1edfe,Biedronka,Wkład do odświeżacza powietrza Air Wick Active Fresh,Air Wick,22.99,,2026-10-01,2026-10-07,526611,"Od czwartku, Z ladą tradycyjną",2026-10-01,2026-10-07,71,https://blix.pl/sklep/biedronka/gazetka/526611/?pageNumber=71,https://imgproxy.blix.pl/product_occurrence//3180f738-07af-489d-8f04-5b3a85b60b64.jpg,2026-10-01
01a0f325-c270-71e0-8e00-457575581855,Biedronka,Kostka w żelu Agent Max 2-pak,Agent Max,14.99,,2026-10-01,2026-10-07,526611,"Od czwartku, Z ladą tradycyjną",2026-10-01,2026-10-07,71,https://blix.pl/sklep/biedronka/gazetka/526611/?pageNumber=71,https://imgproxy.blix.pl/product_occurrence//8d595a7a-136c-4a26-b3c3-e9508ac60c94.jpg,2026-10-01
01a0f325-c270-7210-8e00-457575ab3ddb,Biedronka,Spray Cillit Bang Power Cleaner,Cillit Bang,17.99,,2026-10-01,2026-10-07,526611,"Od czwartku, Z ladą tradycyjną",2026-10-01,2026-10-07,71,https://blix.pl/sklep/biedronka/gazetka/526611/?pageNumber=71,https://imgproxy.blix.pl/product_occurrence//2e9d8e83-fca4-48ea-b88b-6d8ca35eb247.jpg,2026-10-01
01a0f325-c270-7240-8e00-457576a6c270,Biedronka,Zestaw miotełki+wkłady Swiffer,Swiffer,17.99,,2026-10-01,2026-10-07,526611,"Od czwartku, Z ladą tradycyjną",2026-10-01,2026-10-07,71,https://blix.pl/sklep/biedronka/gazetka/526611/?pageNumber=71,https://imgproxy.blix.pl/product_occurrence//ce54c0da-02b2-4b1c-8eea-016468325c17.jpg,2026-10-01
01a0f325-c371-78ca-86c7-8d3caf0024b4,Biedronka,Karma dla psa Puffi z jagnięciną,Puffi,1.99,,2026-10-01,2026-10-03,526611,"Od czwartku, Z ladą tradycyjną",2026-10-01,2026-10-07,72,https://blix.pl/sklep/biedronka/gazetka/526611/?pageNumber=72,https://imgproxy.blix.pl/product_occurrence//e2bb984d-f2ab-4f90-8f16-5f674eece4f2.jpg,2026-10-01
01a0f325-c371-7836-86c7-8d3cae69bea7,Biedronka,Karma dla psa Puffi z indykiem,Puffi,1.99,,2026-10-01,2026-10-03,526611,"Od czwartku, Z ladą tradycyjną",2026-10-01,2026-10-07,72,https://blix.pl/sklep/biedronka/gazetka/526611/?pageNumber=72,https://imgproxy.blix.pl/product_occurrence//ce67ebb1-ef47-4e17-8f62-518a41921b3a.jpg,2026-10-01
01a0f325-c371-7932-86c7-8d3cb014080d,Biedronka,Karma dla psa Activ Pet z wołowiną,Activ Pet,2.69,,2026-10-01,2026-10-03,526611,"Od czwartku, Z ladą tradycyjną",2026-10-01,2026-10-07,72,https://blix.pl/sklep/biedronka/gazetka/526611/?pageNumber=72,https://imgproxy.blix.pl/product_occurrence//d94c2131-692e-469d-bcfa-c7720062735f.jpg,2026-10-01
01a0f325-c371-7906-86c7-8d3caf4eda9c,Biedronka,Karma dla psa Activ Pet z kurczakiem i wołowiną,Activ Pet,2.69,,2026-10-01,2026-10-03,526611,"Od czwartku, Z ladą tradycyjną",2026-10-01,2026-10-07,72,https://blix.pl/sklep/biedronka/gazetka/526611/?pageNumber=72,https://imgproxy.blix.pl/product_occurrence//99c78bcf-745e-4c34-a949-80b63c1e012b.jpg,2026-10-01
01a0f325-c371-7986-86c7-8d3cb0b0dc08,Biedronka,Karma dla psa baton Puffi z drobiem,Puffi,3.99,,2026-10-01,2026-10-03,526611,"Od czwartku, Z ladą tradycyjną",2026-10-01,2026-10-07,72,https://blix.pl/sklep/biedronka/gazetka/526611/?pageNumber=72,https://imgproxy.blix.pl/product_occurrence//5d47e11e-8a1d-4b7b-b490-40693cd7320f.jpg,2026-10-01
01a0f325-c371-795e-86c7-8d3cb040dca8,Biedronka,Karma dla psa baton Puffi z wołowiną,Puffi,3.99,,2026-10-01,2026-10-03,526611,"Od czwartku, Z ladą tradycyjną",2026-10-01,2026-10-07,72,https://blix.pl/sklep/biedronka/gazetka/526611/?pageNumber=72,https://imgproxy.blix.pl/product_occurrence//ed0d22d8-f339-4f33-946a-cbdf14e7b1f3.jpg,2026-10-01
01a0f325-c371-79b2-86c7-8d3cb0e93b9b,Biedronka,Karma dla psa z cielęciną Pet Republic,Pet Republic,5.99,,2026-10-01,2026-10-03,526611,"Od czwartku, Z ladą tradycyjną",2026-10-01,2026-10-07,72,https://blix.pl/sklep/biedronka/gazetka/526611/?pageNumber=72,https://imgproxy.blix.pl/product_occurrence//53f1edc8-2abf-42c1-aa32-ca79b9a694f2.jpg,2026-10-01
01a0f325-c371-7a2e-86c7-8d3cb1f7066d,Biedronka,Przysmaki dla psa Pedigree Ranchos,Pedigree,9.99,,2026-10-01,2026-10-03,526611,"Od czwartku, Z ladą tradycyjną",2026-10-01,2026-10-07,72,https://blix.pl/sklep/biedronka/gazetka/526611/?pageNumber=72,https://imgproxy.blix.pl/product_occurrence//5fadf0f8-422b-4441-9f7b-f3b21bdc6fe6.jpg,2026-10-01
01a0f325-c371-7ada-86c7-8d3cb3645ffd,Biedronka,Przysmak Pedigree Dentastix 154 g,Pedigree,7.49,,2026-10-01,2026-10-03,526611,"Od czwartku, Z ladą tradycyjną",2026-10-01,2026-10-07,72,https://blix.pl/sklep/biedronka/gazetka/526611/?pageNumber=72,https://imgproxy.blix.pl/product_occurrence//26e96c36-6454-4954-8509-5cb4649e28ef.jpg,2026-10-01
01a0f325-c371-79da-86c7-8d3cb1e3ba22,Biedronka,Karma dla psa Dolina Noteci Lamb,Dolina Noteci,8.49,,2026-10-01,2026-10-03,526611,"Od czwartku, Z ladą tradycyjną",2026-10-01,2026-10-07,72,https://blix.pl/sklep/biedronka/gazetka/526611/?pageNumber=72,https://imgproxy.blix.pl/product_occurrence//60f9af40-86af-4d69-978c-5f40cf76b59b.jpg,2026-10-01
01a0f325-c371-7b2e-86c7-8d3cb46d9480,Biedronka,Przysmaki dla psa Pedigree Rodeo 3-pak,Pedigree,13.99,,2026-10-01,2026-10-03,526611,"Od czwartku, Z ladą tradycyjną",2026-10-01,2026-10-07,72,https://blix.pl/sklep/biedronka/gazetka/526611/?pageNumber=72,https://imgproxy.blix.pl/product_occurrence//dc63c3e6-71cb-41be-9ea7-6c923f389df0.jpg,2026-10-01
01a0f325-c371-7b02-86c7-8d3cb461bec1,Biedronka,Przysmaki dla psa Pedigree Dentastix 3-pak,Pedigree,13.99,,2026-10-01,2026-10-03,526611,"Od czwartku, Z ladą tradycyjną",2026-10-01,2026-10-07,72,https://blix.pl/sklep/biedronka/gazetka/526611/?pageNumber=72,https://imgproxy.blix.pl/product_occurrence//14682f9b-7f4b-44ae-980a-ef3439b245f5.jpg,2026-10-01
01a0f325-c371-7b5a-86c7-8d3cb4eb8f9b,Biedronka,Karma dla psów małych ras Activ Pet z jagnięciną i warzywami,Activ Pet,8.99,,2026-10-01,2026-10-03,526611,"Od czwartku, Z ladą tradycyjną",2026-10-01,2026-10-07,72,https://blix.pl/sklep/biedronka/gazetka/526611/?pageNumber=72,https://imgproxy.blix.pl/product_occurrence//e6595927-6d7b-4fca-a2ae-66d0658f89da.jpg,2026-10-01
01a0f325-c371-7b82-86c7-8d3cb554e602,Biedronka,Karma dla psów małych ras Activ Pet z kurczakiem i warzywami,Activ Pet,8.99,,2026-10-01,2026-10-03,526611,"Od czwartku, Z ladą tradycyjną",2026-10-01,2026-10-07,72,https://blix.pl/sklep/biedronka/gazetka/526611/?pageNumber=72,https://imgproxy.blix.pl/product_occurrence//6836b36e-9be3-47e7-ad20-6cc70f171e99.jpg,2026-10-01
01a0f325-c371-7a06-86c7-8d3cb1ef4f6b,Biedronka,Karma dla psa Dolina Noteci Duck,Dolina Noteci,8.49,,2026-10-01,2026-10-03,526611,"Od czwartku, Z ladą tradycyjną",2026-10-01,2026-10-07,72,https://blix.pl/sklep/biedronka/gazetka/526611/?pageNumber=72,https://imgproxy.blix.pl/product_occurrence//463f1c70-71c4-490a-92b6-8293bfd41fc4.jpg,2026-10-01
01a0f325-c371-7aae-86c7-8d3cb29293ed,Biedronka,Przysmak Pedigree Dentastix 128 g,Pedigree,7.49,,2026-10-01,2026-10-03,526611,"Od czwartku, Z ladą tradycyjną",2026-10-01,2026-10-07,72,https://blix.pl/sklep/biedronka/gazetka/526611/?pageNumber=72,https://imgproxy.blix.pl/product_occurrence//a5adb897-ef82-4bce-84e2-09b40e1283ad.jpg,2026-10-01
01a0f325-c371-7a56-86c7-8d3cb27ecded,Biedronka,Przysmak Pedigree Dentastix 110 g,Pedigree,7.49,,2026-10-01,2026-10-03,526611,"Od czwartku, Z ladą tradycyjną",2026-10-01,2026-10-07,72,https://blix.pl/sklep/biedronka/gazetka/526611/?pageNumber=72,https://imgproxy.blix.pl/product_occurrence//35cedbdb-1933-407c-ab9b-08ef30ee1da5.jpg,2026-10-01
01a0f325-c371-7baa-86c7-8d3cb5932b84,Biedronka,Karma dla psa Activ Pet z jagnięciną,Activ Pet,11.99,,2026-10-01,2026-10-03,526611,"Od czwartku, Z ladą tradycyjną",2026-10-01,2026-10-07,72,https://blix.pl/sklep/biedronka/gazetka/526611/?pageNumber=72,https://imgproxy.blix.pl/product_occurrence//b13afb0a-ccbf-49f3-a8f6-48b411e27603.jpg,2026-10-01
01a0f325-c371-7d0e-86c7-8d3cb7eabda9,Biedronka,Sucha karma dla psa Puffi z wołowiną,Puffi,26.49,,2026-10-01,2026-10-03,526611,"Od czwartku, Z ladą tradycyjną",2026-10-01,2026-10-07,72,https://blix.pl/sklep/biedronka/gazetka/526611/?pageNumber=72,https://imgproxy.blix.pl/product_occurrence//210b0d25-8584-4829-870f-18c7d78527ab.jpg,2026-10-01
01a0f325-c371-7c4e-86c7-8d3cb671da97,Biedronka,Karma dla psa Activ Pet z kaczką,Activ Pet,11.99,,2026-10-01,2026-10-03,526611,"Od czwartku, Z ladą tradycyjną",2026-10-01,2026-10-07,72,https://blix.pl/sklep/biedronka/gazetka/526611/?pageNumber=72,https://imgproxy.blix.pl/product_occurrence//a5b1f9b7-fd6d-4d83-ac0d-28c4566a9073.jpg,2026-10-01
01a0f325-c371-7ce6-86c7-8d3cb7ae2dba,Biedronka,Sucha karma dla psa Puffi z kurczakiem,Puffi,26.49,,2026-10-01,2026-10-03,526611,"Od czwartku, Z ladą tradycyjną",2026-10-01,2026-10-07,72,https://blix.pl/sklep/biedronka/gazetka/526611/?pageNumber=72,https://imgproxy.blix.pl/product_occurrence//2f648936-2772-4a1f-b87a-a6f885808674.jpg,2026-10-01
01a0f325-c371-7c7e-86c7-8d3cb756c9e5,Biedronka,Karmy Perfect Fit,Perfect Fit,,,2026-10-01,2026-10-03,526611,"Od czwartku, Z ladą tradycyjną",2026-10-01,2026-10-07,72,https://blix.pl/sklep/biedronka/gazetka/526611/?pageNumber=72,https://imgproxy.blix.pl/product_occurrence//731d0398-9aad-4bb8-98ae-77fea231dc6a.jpg,2026-10-01
01a0f325-c498-7852-8fd7-0091abd39f89,Biedronka,Karma dla kota Whiskas,Whiskas,,,2026-10-01,2026-10-03,526611,"Od czwartku, Z ladą tradycyjną",2026-10-01,2026-10-07,73,https://blix.pl/sklep/biedronka/gazetka/526611/?pageNumber=73,https://imgproxy.blix.pl/product_occurrence//a818ba45-3392-492a-aa1b-e88067384955.jpg,2026-10-01
01a0f325-c498-77de-8fd7-0091ab5ae358,Biedronka,Karma dla psa Pedigree,Pedigree,,,2026-10-01,2026-10-03,526611,"Od czwartku, Z ladą tradycyjną",2026-10-01,2026-10-07,73,https://blix.pl/sklep/biedronka/gazetka/526611/?pageNumber=73,https://imgproxy.blix.pl/product_occurrence//e5d743e4-aa63-4e3b-a27a-d792bb8af31e.jpg,2026-10-01
01a0f325-c498-787a-8fd7-0091abe7b4bf,Biedronka,Snacki dla kota Kitty 8-pak 5 g,Kitty,3.29,,2026-10-01,2026-10-03,526611,"Od czwartku, Z ladą tradycyjną",2026-10-01,2026-10-07,73,https://blix.pl/sklep/biedronka/gazetka/526611/?pageNumber=73,https://imgproxy.blix.pl/product_occurrence//beaedf16-ca50-45a9-ae1c-a4722e72755a.jpg,2026-10-01
01a0f325-c498-78ce-8fd7-0091ad56c5c1,Biedronka,Karma dla kota Kitty Excellence 40-pak 85 g,Kitty,35.60,,2026-10-01,2026-10-03,526611,"Od czwartku, Z ladą tradycyjną",2026-10-01,2026-10-07,73,https://blix.pl/sklep/biedronka/gazetka/526611/?pageNumber=73,https://imgproxy.blix.pl/product_occurrence//930c3417-0fdb-4436-83a7-20c96addd08b.jpg,2026-10-01
01a0f325-c498-78e6-8fd7-0091adee1f86,Biedronka,Karma dla kota Maxi Natural,Maxi Natural,,,2026-10-01,2026-10-03,526611,"Od czwartku, Z ladą tradycyjną",2026-10-01,2026-10-07,73,https://blix.pl/sklep/biedronka/gazetka/526611/?pageNumber=73,https://imgproxy.blix.pl/product_occurrence//89986e70-53e7-4fb7-bbc1-87319f6147bb.jpg,2026-10-01
01a0f325-c498-789a-8fd7-0091abfff535,Biedronka,Karma dla kota Sheba,Sheba,3.69,,2026-10-01,2026-10-03,526611,"Od czwartku, Z ladą tradycyjną",2026-10-01,2026-10-07,73,https://blix.pl/sklep/biedronka/gazetka/526611/?pageNumber=73,https://imgproxy.blix.pl/product_occurrence//e3104093-a7af-4c2b-8f3f-cc3540fe62d5.jpg,2026-10-01
01a0f325-c498-790e-8fd7-0091ae9d5f23,Biedronka,Karma dla kota Maxi Natural,Maxi Natural,6.49,,2026-10-01,2026-10-03,526611,"Od czwartku, Z ladą tradycyjną",2026-10-01,2026-10-07,73,https://blix.pl/sklep/biedronka/gazetka/526611/?pageNumber=73,https://imgproxy.blix.pl/product_occurrence//3d62c925-fa18-45da-80da-0901233347dd.jpg,2026-10-01
01a0f325-c498-78b2-8fd7-0091ac71d9c2,Biedronka,Karma dla kota Sheba 2-pak 60 g,Sheba,8.99,,2026-10-01,2026-10-03,526611,"Od czwartku, Z ladą tradycyjną",2026-10-01,2026-10-07,73,https://blix.pl/sklep/biedronka/gazetka/526611/?pageNumber=73,https://imgproxy.blix.pl/product_occurrence//fcbcec2d-5042-46df-9b94-359c82a2f2b7.jpg,2026-10-01
01a0f325-c498-7936-8fd7-0091af3db8da,Biedronka,Karma dla kota Maxi Natural,Maxi Natural,,,2026-10-01,2026-10-03,526611,"Od czwartku, Z ladą tradycyjną",2026-10-01,2026-10-07,73,https://blix.pl/sklep/biedronka/gazetka/526611/?pageNumber=73,https://imgproxy.blix.pl/product_occurrence//1047a7f5-571c-40ba-9444-d859d72481b3.jpg,2026-10-01
01a0f325-c498-798a-8fd7-0091b0e8e1d1,Biedronka,Żwirek bentonitowy Kitty o zapachu lawendowym,Kitty,11.99,,2026-10-01,2026-10-03,526611,"Od czwartku, Z ladą tradycyjną",2026-10-01,2026-10-07,73,https://blix.pl/sklep/biedronka/gazetka/526611/?pageNumber=73,https://imgproxy.blix.pl/product_occurrence//0847d88b-e76a-441f-9d35-3bfd883f761e.jpg,2026-10-01
01a0f325-c498-795e-8fd7-0091b0054c70,Biedronka,Sucha karma dla kota Sterile Kitty,Kitty,9.99,,2026-10-01,2026-10-03,526611,"Od czwartku, Z ladą tradycyjną",2026-10-01,2026-10-07,73,https://blix.pl/sklep/biedronka/gazetka/526611/?pageNumber=73,https://imgproxy.blix.pl/product_occurrence//071091b1-5113-4b54-a84b-b27847de042b.jpg,2026-10-01
01a0f325-c498-79d6-8fd7-0091b1a25a28,Biedronka,Żwirek dla kota kukurydziany Kitty,Kitty,14.99,,2026-10-01,2026-10-03,526611,"Od czwartku, Z ladą tradycyjną",2026-10-01,2026-10-07,73,https://blix.pl/sklep/biedronka/gazetka/526611/?pageNumber=73,https://imgproxy.blix.pl/product_occurrence//dc23f720-1b3c-4616-9ffc-e38e85ae6200.jpg,2026-10-01
01a0f325-c57a-7b62-86fe-39abf064147c,Biedronka,Przysmak dla psa maczugi ActivPet,Activpet,,,2026-10-01,2026-10-03,526611,"Od czwartku, Z ladą tradycyjną",2026-10-01,2026-10-07,74,https://blix.pl/sklep/biedronka/gazetka/526611/?pageNumber=74,https://imgproxy.blix.pl/product_occurrence//d84bb340-81b6-489d-97f7-cc1ba3f759e4.jpg,2026-10-01
01a0f325-c57a-79ee-86fe-39abee09c204,Biedronka,Przysmaki dla psa ActivPet,Activpet,,,2026-10-01,2026-10-03,526611,"Od czwartku, Z ladą tradycyjną",2026-10-01,2026-10-07,74,https://blix.pl/sklep/biedronka/gazetka/526611/?pageNumber=74,https://imgproxy.blix.pl/product_occurrence//b34e2604-2776-40c1-b72a-5e361e1a2ef9.jpg,2026-10-01
01a0f325-c57a-7ab6-86fe-39abeeb78a38,Biedronka,Przysmak dla psa pałeczki wołowe ActivPet 16-pak,Activpet,,,2026-10-01,2026-10-03,526611,"Od czwartku, Z ladą tradycyjną",2026-10-01,2026-10-07,74,https://blix.pl/sklep/biedronka/gazetka/526611/?pageNumber=74,https://imgproxy.blix.pl/product_occurrence//8cbd05c0-dcb5-4223-a41f-f68dbcd78a39.jpg,2026-10-01
01a0f325-c57a-7bbe-86fe-39abf18bb6ad,Biedronka,Przysmak dla psa filety z kurczaka ActivPet,Activpet,,,2026-10-01,2026-10-03,526611,"Od czwartku, Z ladą tradycyjną",2026-10-01,2026-10-07,74,https://blix.pl/sklep/biedronka/gazetka/526611/?pageNumber=74,https://imgproxy.blix.pl/product_occurrence//0e27f048-efd3-4648-974c-1f5fad3c2315.jpg,2026-10-01
01a0f325-c57a-7c7e-86fe-39abf1eb019a,Biedronka,Przysmak dla psa nadziewane rolki ActivPet,Activpet,,,2026-10-01,2026-10-03,526611,"Od czwartku, Z ladą tradycyjną",2026-10-01,2026-10-07,74,https://blix.pl/sklep/biedronka/gazetka/526611/?pageNumber=74,https://imgproxy.blix.pl/product_occurrence//f731868b-f08c-495b-9f65-aa8f08fb0a91.jpg,2026-10-01
01a0f325-c57a-7b32-86fe-39abefb61545,Biedronka,Przysmak dla psa sushi ActivPet,Activpet,,,2026-10-01,2026-10-03,526611,"Od czwartku, Z ladą tradycyjną",2026-10-01,2026-10-07,74,https://blix.pl/sklep/biedronka/gazetka/526611/?pageNumber=74,https://imgproxy.blix.pl/product_occurrence//0dfd9a39-9a29-430e-bdf8-f16fc77ad7c9.jpg,2026-10-01
01a0f325-c57a-7b8e-86fe-39abf147eb57,Biedronka,Przysmak dla psa łosoś ActivPet,Activpet,,,2026-10-01,2026-10-03,526611,"Od czwartku, Z ladą tradycyjną",2026-10-01,2026-10-07,74,https://blix.pl/sklep/biedronka/gazetka/526611/?pageNumber=74,https://imgproxy.blix.pl/product_occurrence//98917186-5365-4d30-a0ba-b36ae529eb70.jpg,2026-10-01
01a0f325-c57a-7b02-86fe-39abef550c72,Biedronka,Przysmak dla psa krokieciki ActivPet,Activpet,,,2026-10-01,2026-10-03,526611,"Od czwartku, Z ladą tradycyjną",2026-10-01,2026-10-07,74,https://blix.pl/sklep/biedronka/gazetka/526611/?pageNumber=74,https://imgproxy.blix.pl/product_occurrence//9e74f818-2376-47f2-ade0-50f4466c414f.jpg,2026-10-01
01a0f325-c64a-7545-bc21-e26ad9641900,Biedronka,Puszki dla kota Kitty,Kitty,,,2026-10-01,2026-10-10,526611,"Od czwartku, Z ladą tradycyjną",2026-10-01,2026-10-07,75,https://blix.pl/sklep/biedronka/gazetka/526611/?pageNumber=75,https://imgproxy.blix.pl/product_occurrence//555ca26d-fe92-455f-b016-e1cdf90c80c5.jpg,2026-10-01
01a0f325-c64a-75a9-bc21-e26ad9cbd9b8,Biedronka,Karma dla kota w puszce kawałki w sosie z wołowiną i wątróbką Kitty,Kitty,,,2026-10-01,2026-10-10,526611,"Od czwartku, Z ladą tradycyjną",2026-10-01,2026-10-07,75,https://blix.pl/sklep/biedronka/gazetka/526611/?pageNumber=75,https://imgproxy.blix.pl/product_occurrence//fad2b35c-21be-4dfd-a732-03254cdc9e66.jpg,2026-10-01
01a0f325-c64a-75e9-bc21-e26adb7d7be3,Biedronka,Karma dla kota w puszce kawałki w galaretce bogata w wołowinę Kitty,Kitty,,,2026-10-01,2026-10-10,526611,"Od czwartku, Z ladą tradycyjną",2026-10-01,2026-10-07,75,https://blix.pl/sklep/biedronka/gazetka/526611/?pageNumber=75,https://imgproxy.blix.pl/product_occurrence//33071cc9-3644-4a9b-a3b5-f54c72508670.jpg,2026-10-01
01a0f325-c64a-7605-bc21-e26adc300a9b,Biedronka,Karma dla kota w puszce kawałki w sosie bogata w indyka Kitty,Kitty,,,2026-10-01,2026-10-10,526611,"Od czwartku, Z ladą tradycyjną",2026-10-01,2026-10-07,75,https://blix.pl/sklep/biedronka/gazetka/526611/?pageNumber=75,https://imgproxy.blix.pl/product_occurrence//d1c25461-6322-4e90-b591-e8765b90c346.jpg,2026-10-01
01a0f325-c64a-761d-bc21-e26adc64e26d,Biedronka,Karma dla kota w puszce mus z tuńczykiem Kitty,Kitty,,,2026-10-01,2026-10-10,526611,"Od czwartku, Z ladą tradycyjną",2026-10-01,2026-10-07,75,https://blix.pl/sklep/biedronka/gazetka/526611/?pageNumber=75,https://imgproxy.blix.pl/product_occurrence//1ff3f73d-da79-42b0-b110-223e3ea8c14f.jpg,2026-10-01
01a0f325-c64a-7639-bc21-e26adcd5fc1f,Biedronka,Karma dla kota w puszce mus z indykiem Kitty,Kitty,,,2026-10-01,2026-10-10,526611,"Od czwartku, Z ladą tradycyjną",2026-10-01,2026-10-07,75,https://blix.pl/sklep/biedronka/gazetka/526611/?pageNumber=75,https://imgproxy.blix.pl/product_occurrence//ee8f1588-b5c5-4b4b-8050-2a367f5b33af.jpg,2026-10-01
01a0f325-c64a-75cd-bc21-e26ada94acf7,Biedronka,Karma dla kota w puszce kawałki w sosie z łososiem i pstrągiem Kitty,Kitty,,,2026-10-01,2026-10-10,526611,"Od czwartku, Z ladą tradycyjną",2026-10-01,2026-10-07,75,https://blix.pl/sklep/biedronka/gazetka/526611/?pageNumber=75,https://imgproxy.blix.pl/product_occurrence//9fe6ffd6-f056-4a1f-8033-635fad615ef3.jpg,2026-10-01
01a0f325-c6fe-728c-b1d9-3615629ecdd5,Biedronka,Skrzydłokwiat,Biedronka,31.99,,2026-10-01,2026-10-07,526611,"Od czwartku, Z ladą tradycyjną",2026-10-01,2026-10-07,76,https://blix.pl/sklep/biedronka/gazetka/526611/?pageNumber=76,https://imgproxy.blix.pl/product_occurrence//33d80515-b372-462f-b035-90f8a5f32973.jpg,2026-10-01
01a0f325-c6fe-7340-b1d9-361563e705e1,Biedronka,Wrzos pączkowy,Biedronka,5.99,,2026-10-01,2026-10-07,526611,"Od czwartku, Z ladą tradycyjną",2026-10-01,2026-10-07,76,https://blix.pl/sklep/biedronka/gazetka/526611/?pageNumber=76,https://imgproxy.blix.pl/product_occurrence//a0f1fdbf-0c29-4dc3-8ff2-f8417de4ad05.jpg,2026-10-01
01a0f325-c6fe-72f0-b1d9-361562a530f0,Biedronka,Anturium,Biedronka,31.99,,2026-10-01,2026-10-07,526611,"Od czwartku, Z ladą tradycyjną",2026-10-01,2026-10-07,76,https://blix.pl/sklep/biedronka/gazetka/526611/?pageNumber=76,https://imgproxy.blix.pl/product_occurrence//dbbfebc8-cdc9-43fc-92fa-17c6313bb273.jpg,2026-10-01
01a0f325-c6fe-732c-b1d9-361563d3d180,Biedronka,Róża,Biedronka,12.99,,2026-10-01,2026-10-07,526611,"Od czwartku, Z ladą tradycyjną",2026-10-01,2026-10-07,76,https://blix.pl/sklep/biedronka/gazetka/526611/?pageNumber=76,https://imgproxy.blix.pl/product_occurrence//3488e020-a063-40b0-abd6-0210df946a12.jpg,2026-10-01
01a0f325-c6fe-7354-b1d9-3615646b6e8a,Biedronka,Wrzosiec,Biedronka,9.99,,2026-10-01,2026-10-07,526611,"Od czwartku, Z ladą tradycyjną",2026-10-01,2026-10-07,76,https://blix.pl/sklep/biedronka/gazetka/526611/?pageNumber=76,https://imgproxy.blix.pl/product_occurrence//f59868e5-5bf0-4143-9956-23469c79916b.jpg,2026-10-01
01a0f325-c6fe-7314-b1d9-361563614def,Biedronka,Storczyk malowany,Biedronka,59.99,,2026-10-01,2026-10-07,526611,"Od czwartku, Z ladą tradycyjną",2026-10-01,2026-10-07,76,https://blix.pl/sklep/biedronka/gazetka/526611/?pageNumber=76,https://imgproxy.blix.pl/product_occurrence//783aa25e-3885-4c2a-810a-1d1b234e10e4.jpg,2026-10-01
01a0f325-c6fe-736c-b1d9-361564ac2801,Biedronka,Monstera Monkey Mask,Biedronka,14.99,,2026-10-01,2026-10-07,526611,"Od czwartku, Z ladą tradycyjną",2026-10-01,2026-10-07,76,https://blix.pl/sklep/biedronka/gazetka/526611/?pageNumber=76,https://imgproxy.blix.pl/product_occurrence//7c3fb726-81f5-4bb0-a00e-7bd4a9bbd91b.jpg,2026-10-01
01a0f325-c7cc-7e18-9ef9-81205af113b5,Biedronka,Znicz z wkładem parafinowym,Biedronka,3.99,,2026-10-01,2026-10-03,526611,"Od czwartku, Z ladą tradycyjną",2026-10-01,2026-10-07,77,https://blix.pl/sklep/biedronka/gazetka/526611/?pageNumber=77,https://imgproxy.blix.pl/product_occurrence//8a84d382-4a8f-4931-89d1-dbd3cb95fa77.jpg,2026-10-01
01a0f325-c7cc-7e90-9ef9-81205b700744,Biedronka,Znicz kula z wkładem parafinowym,Biedronka,,,2026-10-01,2026-10-03,526611,"Od czwartku, Z ladą tradycyjną",2026-10-01,2026-10-07,77,https://blix.pl/sklep/biedronka/gazetka/526611/?pageNumber=77,https://imgproxy.blix.pl/product_occurrence//4b061930-6404-471d-afb9-016568d87038.jpg,2026-10-01
01a0f325-c7cc-7edc-9ef9-81205c16f419,Biedronka,Znicz z wkładem parafinowym,Biedronka,6.99,,2026-10-01,2026-10-03,526611,"Od czwartku, Z ladą tradycyjną",2026-10-01,2026-10-07,77,https://blix.pl/sklep/biedronka/gazetka/526611/?pageNumber=77,https://imgproxy.blix.pl/product_occurrence//142d2862-9feb-4cea-b28a-37ca858e2fcd.jpg,2026-10-01
01a0f325-c7cc-7efc-9ef9-81205c47c611,Biedronka,Znicz z aplikacją wkład parafinowy,Biedronka,11.99,,2026-10-01,2026-10-03,526611,"Od czwartku, Z ladą tradycyjną",2026-10-01,2026-10-07,77,https://blix.pl/sklep/biedronka/gazetka/526611/?pageNumber=77,https://imgproxy.blix.pl/product_occurrence//bc330486-df47-4be3-babc-01a841a1975a.jpg,2026-10-01
01a0f325-c7cc-7f1c-9ef9-81205d01730e,Biedronka,Znicz z wkładem parafinowym,Biedronka,19.99,,2026-10-01,2026-10-03,526611,"Od czwartku, Z ladą tradycyjną",2026-10-01,2026-10-07,77,https://blix.pl/sklep/biedronka/gazetka/526611/?pageNumber=77,https://imgproxy.blix.pl/product_occurrence//d8ffbba3-8942-48d8-b43e-489fcad57943.jpg,2026-10-01
01a0f325-c7cc-7f54-9ef9-81205e06cce7,Biedronka,Wkład parafinowy do zniczy Lumia,Lumia,,,2026-10-01,2026-10-03,526611,"Od czwartku, Z ladą tradycyjną",2026-10-01,2026-10-07,77,https://blix.pl/sklep/biedronka/gazetka/526611/?pageNumber=77,https://imgproxy.blix.pl/product_occurrence//756abd78-11ca-468a-b6c8-f032f98c8e40.jpg,2026-10-01
01a0f325-c7cd-7009-8ba8-7dae4adc5885,Biedronka,"Świeczki, latarenki i wkłady LED Cortina",Cortina,,,2026-10-01,2026-10-03,526611,"Od czwartku, Z ladą tradycyjną",2026-10-01,2026-10-07,77,https://blix.pl/sklep/biedronka/gazetka/526611/?pageNumber=77,https://imgproxy.blix.pl/product_occurrence//07e72f58-6d9a-46a2-a70a-39b4126de052.jpg,2026-10-01
01a0f325-c7cc-7f38-9ef9-81205dd6bfca,Biedronka,Znicz z wkładem parafinowym kapliczka,Biedronka,,,2026-10-01,2026-10-03,526611,"Od czwartku, Z ladą tradycyjną",2026-10-01,2026-10-07,77,https://blix.pl/sklep/biedronka/gazetka/526611/?pageNumber=77,https://imgproxy.blix.pl/product_occurrence//272fc031-6fcc-4046-967a-d65e0f13b35a.jpg,2026-10-01
01a0f325-c7cc-7f8c-9ef9-81205eca1a9f,Biedronka,Wkłady zalewane do zniczy Lumia 3-pak,Lumia,,,2026-10-01,2026-10-03,526611,"Od czwartku, Z ladą tradycyjną",2026-10-01,2026-10-07,77,https://blix.pl/sklep/biedronka/gazetka/526611/?pageNumber=77,https://imgproxy.blix.pl/product_occurrence//755dd603-d3df-4854-9334-b9f67510349b.jpg,2026-10-01
01a0f325-c7cc-7f70-9ef9-81205e8b5437,Biedronka,Wkłady zalewane do zniczy Lumia 4-pak,Lumia,,,2026-10-01,2026-10-03,526611,"Od czwartku, Z ladą tradycyjną",2026-10-01,2026-10-07,77,https://blix.pl/sklep/biedronka/gazetka/526611/?pageNumber=77,https://imgproxy.blix.pl/product_occurrence//bfc84b57-aef7-498c-baf3-d0c2f3137a5c.jpg,2026-10-01
01a0f325-c7cd-7029-8ba8-7dae4b82137f,Biedronka,Bukiety sztucznych kwiatów i kompozycje nagrobne Jumi,Jumi,,,2026-10-01,2026-10-03,526611,"Od czwartku, Z ladą tradycyjną",2026-10-01,2026-10-07,77,https://blix.pl/sklep/biedronka/gazetka/526611/?pageNumber=77,https://imgproxy.blix.pl/product_occurrence//c5b954bb-8e04-4b98-944d-9c27ff1ed0ca.jpg,2026-10-01
01a0f325-c8a3-72c3-aa4a-67249d78b7fd,Biedronka,2 maty do szuflad i szafek 47x29 cm,Biedronka,9.99,,2026-10-01,2026-10-07,526611,"Od czwartku, Z ladą tradycyjną",2026-10-01,2026-10-07,78,https://blix.pl/sklep/biedronka/gazetka/526611/?pageNumber=78,https://imgproxy.blix.pl/product_occurrence//6789ba91-ac94-406d-bf73-c4106585a0e4.jpg,2026-10-01
01a0f325-c8a3-72db-aa4a-67249e72fd71,Biedronka,5 przekładek do patelni i garnków,Biedronka,9.99,,2026-10-01,2026-10-07,526611,"Od czwartku, Z ladą tradycyjną",2026-10-01,2026-10-07,78,https://blix.pl/sklep/biedronka/gazetka/526611/?pageNumber=78,https://imgproxy.blix.pl/product_occurrence//bdf483da-54e3-4a5c-8816-34c5019f51d3.jpg,2026-10-01
01a0f325-c8a3-71df-aa4a-67249bc3c38d,Biedronka,Szklany pojemnik na żywność kwadratowy o poj. 800 ml Smukee,Smukee,19.99,,2026-10-01,2026-10-07,526611,"Od czwartku, Z ladą tradycyjną",2026-10-01,2026-10-07,78,https://blix.pl/sklep/biedronka/gazetka/526611/?pageNumber=78,https://imgproxy.blix.pl/product_occurrence//d5729360-989d-4870-a243-bfec4a025aeb.jpg,2026-10-01
01a0f325-c8a3-7247-aa4a-67249bfb6216,Biedronka,Szklany pojemnik na żywność okrągły o poj. 950 ml Smukee,Smukee,19.99,,2026-10-01,2026-10-07,526611,"Od czwartku, Z ladą tradycyjną",2026-10-01,2026-10-07,78,https://blix.pl/sklep/biedronka/gazetka/526611/?pageNumber=78,https://imgproxy.blix.pl/product_occurrence//b1c42539-d7d9-4c3b-a521-786577eebcff.jpg,2026-10-01
01a0f325-c8a3-728f-aa4a-67249cedddb5,Biedronka,Mata do suszenia naczyń 60x40 cm,Biedronka,9.99,,2026-10-01,2026-10-07,526611,"Od czwartku, Z ladą tradycyjną",2026-10-01,2026-10-07,78,https://blix.pl/sklep/biedronka/gazetka/526611/?pageNumber=78,https://imgproxy.blix.pl/product_occurrence//33ccf3f2-43ec-423a-ae30-a7a9c84f0e6c.jpg,2026-10-01
01a0f325-c8a3-72ab-aa4a-67249d1edab8,Biedronka,Antypoślizgowa mata do szuflad i szafek 150x50 cm,Biedronka,9.99,,2026-10-01,2026-10-07,526611,"Od czwartku, Z ladą tradycyjną",2026-10-01,2026-10-07,78,https://blix.pl/sklep/biedronka/gazetka/526611/?pageNumber=78,https://imgproxy.blix.pl/product_occurrence//5841a5db-d3a3-47f0-a614-54651a44c166.jpg,2026-10-01
01a0f325-c8a3-7273-aa4a-67249c13b466,Biedronka,"Szklany pojemnik na żywność prostokątny o poj. 1,04 l Smukee",Smukee,19.99,,2026-10-01,2026-10-07,526611,"Od czwartku, Z ladą tradycyjną",2026-10-01,2026-10-07,78,https://blix.pl/sklep/biedronka/gazetka/526611/?pageNumber=78,https://imgproxy.blix.pl/product_occurrence//eeb12f14-142e-47af-ae90-dcc0cb9ea7e1.jpg,2026-10-01
01a0f325-c8a3-72f7-aa4a-67249e995b65,Biedronka,36 przekładek do talerzy i miseczek,Biedronka,9.99,,2026-10-01,2026-10-07,526611,"Od czwartku, Z ladą tradycyjną",2026-10-01,2026-10-07,78,https://blix.pl/sklep/biedronka/gazetka/526611/?pageNumber=78,https://imgproxy.blix.pl/product_occurrence//7de00889-d141-4b40-a303-3bf649faa3d0.jpg,2026-10-01
01a0f325-c955-7304-a595-6fcfc3734c52,Biedronka,Poduszka dekoracyjna 40 cm,Biedronka,24.99,,2026-10-01,2026-10-14,526611,"Od czwartku, Z ladą tradycyjną",2026-10-01,2026-10-07,79,https://blix.pl/sklep/biedronka/gazetka/526611/?pageNumber=79,https://imgproxy.blix.pl/product_occurrence//5008cb87-5801-416b-a1aa-ef3ba758804c.jpg,2026-10-01
01a0f325-c955-736c-a595-6fcfc411536d,Biedronka,Koc z kapturem 120x150 cm,Biedronka,59.90,,2026-10-01,2026-10-14,526611,"Od czwartku, Z ladą tradycyjną",2026-10-01,2026-10-07,79,https://blix.pl/sklep/biedronka/gazetka/526611/?pageNumber=79,https://imgproxy.blix.pl/product_occurrence//0e7c2aa3-beba-473a-88b0-2c7689dd51d3.jpg,2026-10-01
01a0f325-c9de-70a9-8a89-4270bfd0de89,Biedronka,Zupa koperkowa Biedronka,Biedronka,6.29,,2026-10-01,2026-10-07,526611,"Od czwartku, Z ladą tradycyjną",2026-10-01,2026-10-07,80,https://blix.pl/sklep/biedronka/gazetka/526611/?pageNumber=80,https://imgproxy.blix.pl/product_occurrence//001a20d7-d3fd-4d85-a734-bb15e17d7076.jpg,2026-10-01
01a0f325-ca69-7064-bc9b-57470fa7f1f5,Biedronka,Napój gazowany Coca-Cola,Coca-Cola,4.99,,2026-10-01,2026-10-03,526611,"Od czwartku, Z ladą tradycyjną",2026-10-01,2026-10-07,81,https://blix.pl/sklep/biedronka/gazetka/526611/?pageNumber=81,https://imgproxy.blix.pl/product_occurrence//e238edd0-2926-4969-aecb-4285bfe5075e.jpg,2026-10-01
01a0f325-ca69-70b8-bc9b-574710a17875,Biedronka,Borek ze szpinakiem i serem,Biedronka,1.89,,2026-10-01,2026-10-03,526611,"Od czwartku, Z ladą tradycyjną",2026-10-01,2026-10-07,81,https://blix.pl/sklep/biedronka/gazetka/526611/?pageNumber=81,https://imgproxy.blix.pl/product_occurrence//29ff9a28-9930-47b3-989b-18aa1af69aac.jpg,2026-10-01
01a0f325-d4ed-74d2-9028-48db1f1ff0f8,Biedronka,Płyn do prania Perwoll 40 prań,Perwoll,31.99,,2026-10-01,2026-10-07,526611,"Od czwartku, Z ladą tradycyjną",2026-10-01,2026-10-07,82,https://blix.pl/sklep/biedronka/gazetka/526611/?pageNumber=82,https://imgproxy.blix.pl/product_occurrence//7c42b798-209b-492f-b5ab-2e0386b53900.jpg,2026-10-01
01a0f325-de55-7d74-8656-02aa4e880df9,Biedronka,Pizza Donatello z kurczakiem,Donatello,8.99,,2026-10-01,2026-10-07,526611,"Od czwartku, Z ladą tradycyjną",2026-10-01,2026-10-07,84,https://blix.pl/sklep/biedronka/gazetka/526611/?pageNumber=84,https://imgproxy.blix.pl/product_occurrence//cda27d51-1d64-4d3c-9118-c525ddd16920.jpg,2026-10-01
01a0f325-e6f8-72a5-9be5-b97b586fda2c,Biedronka,Pizza Donatello Capriciosa,Donatello,8.99,,2026-10-01,2026-10-07,526611,"Od czwartku, Z ladą tradycyjną",2026-10-01,2026-10-07,85,https://blix.pl/sklep/biedronka/gazetka/526611/?pageNumber=85,https://imgproxy.blix.pl/product_occurrence//9e032979-7c2f-48bc-8608-6207892dddff.jpg,2026-10-01
01a0f325-eeaf-7889-83f0-b81854cd51a7,Biedronka,Pierogi ruskie Nasze Smaki,Nasze Smaki,5.49,,2026-10-01,2026-10-07,526611,"Od czwartku, Z ladą tradycyjną",2026-10-01,2026-10-07,86,https://blix.pl/sklep/biedronka/gazetka/526611/?pageNumber=86,https://imgproxy.blix.pl/product_occurrence//044f734e-430e-4b3e-a1c8-4e35e7cc6d14.jpg,2026-10-01
01a0f325-f722-7f24-b5fa-682a5948d926,Biedronka,Naleśniki z jabłkiem i cynamonem Nasze Smaki,Nasze Smaki,5.49,,2026-10-01,2026-10-07,526611,"Od czwartku, Z ladą tradycyjną",2026-10-01,2026-10-07,88,https://blix.pl/sklep/biedronka/gazetka/526611/?pageNumber=88,https://imgproxy.blix.pl/product_occurrence//79b86258-6ce1-4fcf-8cbd-5beb4895014a.jpg,2026-10-01
01a0f326-00c8-793d-b737-a4076618c7f6,Biedronka,Margaryna MR,Mr,5.49,,2026-10-01,2026-10-07,526611,"Od czwartku, Z ladą tradycyjną",2026-10-01,2026-10-07,89,https://blix.pl/sklep/biedronka/gazetka/526611/?pageNumber=89,https://imgproxy.blix.pl/product_occurrence//59ba9a78-755c-4450-8ffb-c003529a4ce4.jpg,2026-10-01
01a0f326-0a3b-7646-81fa-399164d22d45,Biedronka,Płatki kukurydziane Vitanella,Vitanella,4.39,,2026-10-01,2026-10-07,526611,"Od czwartku, Z ladą tradycyjną",2026-10-01,2026-10-07,90,https://blix.pl/sklep/biedronka/gazetka/526611/?pageNumber=90,https://imgproxy.blix.pl/product_occurrence//440a4326-7e25-4b66-9c14-54556a615393.jpg,2026-10-01
01a0f326-12a6-7997-9e0b-b3750a9a4b3f,Biedronka,Napój Kubuś Play Woda & Owoce o smaku jabłka i maliny,Kubuś,2.29,,2026-10-01,2026-10-07,526611,"Od czwartku, Z ladą tradycyjną",2026-10-01,2026-10-07,91,https://blix.pl/sklep/biedronka/gazetka/526611/?pageNumber=91,https://imgproxy.blix.pl/product_occurrence//56ee80e4-bb63-4ce6-8e89-9b7807de255f.jpg,2026-10-01
01a0f326-1dd7-7a7f-bbf7-c0f8db6e2047,Biedronka,Chleb żytni 100% bez dodatku drożdży,Biedronka,2.99,,2026-10-01,2026-10-07,526611,"Od czwartku, Z ladą tradycyjną",2026-10-01,2026-10-07,92,https://blix.pl/sklep/biedronka/gazetka/526611/?pageNumber=92,https://imgproxy.blix.pl/product_occurrence//8d4628d3-60ff-4018-a8f5-f7ae3b83ef21.jpg,2026-10-01
01a0f326-2553-7ac6-a088-9f86e6128bb5,Biedronka,Bułka śniadaniowa,Biedronka,0.95,,2026-10-01,2026-10-07,526611,"Od czwartku, Z ladą tradycyjną",2026-10-01,2026-10-07,93,https://blix.pl/sklep/biedronka/gazetka/526611/?pageNumber=93,https://imgproxy.blix.pl/product_occurrence//d11dd653-1830-4cb6-9f41-e7d7513d8752.jpg,2026-10-01
01a0f326-2d1e-7e45-ab8d-bda9c92e75fe,Biedronka,Croissant francuski Bridor,Bridor,1.49,,2026-10-01,2026-10-07,526611,"Od czwartku, Z ladą tradycyjną",2026-10-01,2026-10-07,94,https://blix.pl/sklep/biedronka/gazetka/526611/?pageNumber=94,https://imgproxy.blix.pl/product_occurrence//36f44fa5-9060-40d2-8e86-5557ed8b628a.jpg,2026-10-01
01a0f313-3aa0-7da6-b0c7-fea8e9b1cf10,Biedronka,Ser gouda w plastrach Światowid,Światowid,5.49,,2026-10-01,2026-10-03,526608,Od czwartku,2026-10-01,2026-10-07,1,https://blix.pl/sklep/biedronka/gazetka/526608/?pageNumber=1,https://imgproxy.blix.pl/product_occurrence//f80dfc5a-d2d2-473a-aa55-807511932082.jpg,2026-10-01
01a0f313-3aa0-7f22-b0c7-fea8ea925173,Biedronka,Ser podlaski w plastrach Światowid,Światowid,5.49,,2026-10-01,2026-10-03,526608,Od czwartku,2026-10-01,2026-10-07,1,https://blix.pl/sklep/biedronka/gazetka/526608/?pageNumber=1,https://imgproxy.blix.pl/product_occurrence//d1798b8d-6acd-4442-b0ac-9a6e0b3235b2.jpg,2026-10-01
01a0f313-3aa1-7094-9726-7084e1ff53f0,Biedronka,Pomidory malinowe polskie,Biedronka,5.99,,2026-10-01,2026-10-03,526608,Od czwartku,2026-10-01,2026-10-07,1,https://blix.pl/sklep/biedronka/gazetka/526608/?pageNumber=1,https://imgproxy.blix.pl/product_occurrence//0c9f7729-3c75-4c40-ae1d-e667d43ebd35.jpg,2026-10-01
01a0f313-3aa1-70e8-9726-7084e249fb4c,Biedronka,Winogrona jasne,Biedronka,5.99,,2026-10-01,2026-10-03,526608,Od czwartku,2026-10-01,2026-10-07,1,https://blix.pl/sklep/biedronka/gazetka/526608/?pageNumber=1,https://imgproxy.blix.pl/product_occurrence//d23f2d50-9cf5-4c6a-ba3e-7f5bac14d705.jpg,2026-10-01
01a0f313-3aa1-7030-9726-7084e19ef92e,Biedronka,Szynka konserwowa Kraina Wędlin,Kraina Wędlin,3.79,,2026-10-01,2026-10-03,526608,Od czwartku,2026-10-01,2026-10-07,1,https://blix.pl/sklep/biedronka/gazetka/526608/?pageNumber=1,https://imgproxy.blix.pl/product_occurrence//599974f3-3857-45fc-9095-df6b542151b2.jpg,2026-10-01
01a0f313-3aa1-713c-9726-7084e301497c,Biedronka,Produkty Silan,Silan,,,2026-10-01,2026-10-03,526608,Od czwartku,2026-10-01,2026-10-07,1,https://blix.pl/sklep/biedronka/gazetka/526608/?pageNumber=1,https://imgproxy.blix.pl/product_occurrence//5b4d3416-3433-4468-a1dc-5b9f3f9d4a4d.jpg,2026-10-01
01a0f313-3aa1-7194-9726-7084e3871196,Biedronka,Łopatka wieprzowa bez kości pakowana próżniowo Kraina Mięs,Kraina Mięs,,,2026-10-01,2026-10-03,526608,Od czwartku,2026-10-01,2026-10-07,1,https://blix.pl/sklep/biedronka/gazetka/526608/?pageNumber=1,https://imgproxy.blix.pl/product_occurrence//2438d246-e040-440d-a5ae-21a356e9af6b.jpg,2026-10-01
01a0f313-3aa1-71e8-9726-7084e41bca9f,Biedronka,Napój gazowany Coca-Cola,Coca-Cola,6.99,,2026-10-01,2026-10-03,526608,Od czwartku,2026-10-01,2026-10-07,1,https://blix.pl/sklep/biedronka/gazetka/526608/?pageNumber=1,https://imgproxy.blix.pl/product_occurrence//4375d4b7-c94e-4209-a4ac-4e4acb2bdd25.jpg,2026-10-01
01a0f313-3aa1-723c-9726-7084e50fa0fd,Biedronka,Napój gazowany Coca-Cola Zero Cukru,Coca-Cola,6.99,,2026-10-01,2026-10-03,526608,Od czwartku,2026-10-01,2026-10-07,1,https://blix.pl/sklep/biedronka/gazetka/526608/?pageNumber=1,https://imgproxy.blix.pl/product_occurrence//cae81800-c747-4254-b864-e5126fc8d58b.jpg,2026-10-01
01a0f313-fe26-714b-ba19-dbc348c45eef,Biedronka,"Mleko UHT Mleczna Dolina 3,2%",Mleczna Dolina,1.99,,2026-10-01,2026-10-03,526608,Od czwartku,2026-10-01,2026-10-07,2,https://blix.pl/sklep/biedronka/gazetka/526608/?pageNumber=2,https://imgproxy.blix.pl/product_occurrence//4dc43704-d39f-4de9-a9ad-f98354b25d3a.jpg,2026-10-01
01a0f313-fe4d-73bb-b325-942ec47866ff,Biedronka,Masło ekstra Polskie Mlekovita,Mlekovita,3.99,,2026-10-01,2026-10-03,526608,Od czwartku,2026-10-01,2026-10-07,3,https://blix.pl/sklep/biedronka/gazetka/526608/?pageNumber=3,https://imgproxy.blix.pl/product_occurrence//453c027c-5d19-49a0-bbb7-d3c39da46183.jpg,2026-10-01
01a0f313-fe4d-74c3-b325-942ec4b8db62,Biedronka,Ser Światowid Gouda,Światowid,5.49,,2026-10-01,2026-10-03,526608,Od czwartku,2026-10-01,2026-10-07,3,https://blix.pl/sklep/biedronka/gazetka/526608/?pageNumber=3,https://imgproxy.blix.pl/product_occurrence//bd70ec74-b1c9-4ba6-98cd-ff32c6b0d275.jpg,2026-10-01
01a0f313-fe4d-7557-b325-942ec5572fa7,Biedronka,Ser Światowid Podlaski,Światowid,5.49,,2026-10-01,2026-10-03,526608,Od czwartku,2026-10-01,2026-10-07,3,https://blix.pl/sklep/biedronka/gazetka/526608/?pageNumber=3,https://imgproxy.blix.pl/product_occurrence//376c2279-56b4-4fe4-8d67-ac74d163a908.jpg,2026-10-01
01a0f313-fe8e-72ae-b3e1-a836c7148588,Biedronka,Parówki Kraina Wędlin,Kraina Wędlin,,,2026-10-01,2026-10-03,526608,Od czwartku,2026-10-01,2026-10-07,4,https://blix.pl/sklep/biedronka/gazetka/526608/?pageNumber=4,https://imgproxy.blix.pl/product_occurrence//91071973-0f04-4810-acdb-1f5ccdc06c20.jpg,2026-10-01
01a0f313-fe8e-716e-b3e1-a836c7073b0e,Biedronka,Szynka konserwowa Kraina Wędlin,Kraina Wędlin,3.79,,2026-10-01,2026-10-03,526608,Od czwartku,2026-10-01,2026-10-07,4,https://blix.pl/sklep/biedronka/gazetka/526608/?pageNumber=4,https://imgproxy.blix.pl/product_occurrence//84acba0a-941c-4bb3-adeb-767cd479d6fc.jpg,2026-10-01
01a0f313-fe8e-7362-b3e1-a836c80b8238,Biedronka,Parówki z szynki Kraina Wędlin,Kraina Wędlin,,,2026-10-01,2026-10-03,526608,Od czwartku,2026-10-01,2026-10-07,4,https://blix.pl/sklep/biedronka/gazetka/526608/?pageNumber=4,https://imgproxy.blix.pl/product_occurrence//76dc329a-c4bc-4cf0-8e74-413204b1d69f.jpg,2026-10-01
01a0f313-fe8e-748a-b3e1-a836c9441162,Biedronka,Parówki drobiowe Kraina Wędlin Na co dzień,Kraina Wędlin,,,2026-10-01,2026-10-03,526608,Od czwartku,2026-10-01,2026-10-07,4,https://blix.pl/sklep/biedronka/gazetka/526608/?pageNumber=4,https://imgproxy.blix.pl/product_occurrence//356f6e8d-d65c-4f35-bf58-490adfceaa28.jpg,2026-10-01
01a0f313-fe8e-751a-b3e1-a836ca02f1d4,Biedronka,Parówki z filetem z kurczaka Kraina Wędlin,Kraina Wędlin,,,2026-10-01,2026-10-03,526608,Od czwartku,2026-10-01,2026-10-07,4,https://blix.pl/sklep/biedronka/gazetka/526608/?pageNumber=4,https://imgproxy.blix.pl/product_occurrence//5fcb26d8-eecf-43ca-ab85-1192dfc7fa42.jpg,2026-10-01
01a0f313-fe8e-73fa-b3e1-a836c8a8925a,Biedronka,Parówki wieprzowe Kraina Wędlin Na co dzień,Kraina Wędlin,,,2026-10-01,2026-10-03,526608,Od czwartku,2026-10-01,2026-10-07,4,https://blix.pl/sklep/biedronka/gazetka/526608/?pageNumber=4,https://imgproxy.blix.pl/product_occurrence//d75cd2a1-87e5-4f4b-9c61-9dd7dfad8438.jpg,2026-10-01
01a0f313-fe8e-759e-b3e1-a836cadd8415,Biedronka,Parówki z szynki Kraina Wędlin Nature,Kraina Wędlin,,,2026-10-01,2026-10-03,526608,Od czwartku,2026-10-01,2026-10-07,4,https://blix.pl/sklep/biedronka/gazetka/526608/?pageNumber=4,https://imgproxy.blix.pl/product_occurrence//cdba57b1-83e0-42dc-9c73-a3687b3c27c8.jpg,2026-10-01
01a0f313-fe8e-7626-b3e1-a836cb0c1cb7,Biedronka,Parówki z szynki Mega Paka Kraina Wędlin,Kraina Wędlin,,,2026-10-01,2026-10-03,526608,Od czwartku,2026-10-01,2026-10-07,4,https://blix.pl/sklep/biedronka/gazetka/526608/?pageNumber=4,https://imgproxy.blix.pl/product_occurrence//02a4c010-71a8-48bd-8336-5bbd79980d3e.jpg,2026-10-01
01a0f313-fe8e-76ae-b3e1-a836cb5956de,Biedronka,Parówki Głodniaki bezglutenowe bez laktozy Kraina Wędlin,Kraina Wędlin,,,2026-10-01,2026-10-03,526608,Od czwartku,2026-10-01,2026-10-07,4,https://blix.pl/sklep/biedronka/gazetka/526608/?pageNumber=4,https://imgproxy.blix.pl/product_occurrence//28e03173-ac9b-4703-a98b-d8c3b08bf1a7.jpg,2026-10-01
01a0f313-fe8e-7852-b3e1-a836cb68b3c0,Biedronka,Parówki z szynki i cielęciny Kraina Wędlin,Kraina Wędlin,,,2026-10-01,2026-10-03,526608,Od czwartku,2026-10-01,2026-10-07,4,https://blix.pl/sklep/biedronka/gazetka/526608/?pageNumber=4,https://imgproxy.blix.pl/product_occurrence//b6e36d16-e1ce-450d-a6d0-d2ff1f597454.jpg,2026-10-01
01a0f313-ff30-7c79-b2db-cd4191862695,Biedronka,Kiełbasy Śląskie Kraina Wędlin,Kraina Wędlin,,,2026-10-01,2026-10-03,526608,Od czwartku,2026-10-01,2026-10-07,5,https://blix.pl/sklep/biedronka/gazetka/526608/?pageNumber=5,https://imgproxy.blix.pl/product_occurrence//a7b32c96-4edf-42ac-8dea-8048099ce7ed.jpg,2026-10-01
01a0f313-ff30-7d49-b2db-cd41923ed04d,Biedronka,Kiełbaski śląskie z szynki Kraina Wędlin,Kraina Wędlin,,,2026-10-01,2026-10-03,526608,Od czwartku,2026-10-01,2026-10-07,5,https://blix.pl/sklep/biedronka/gazetka/526608/?pageNumber=5,https://imgproxy.blix.pl/product_occurrence//ea81ea8b-b920-412d-b02d-fe4750b2dfb7.jpg,2026-10-01
01a0f313-ff30-7dad-b2db-cd4192c67d79,Biedronka,Kiełbasa śląska Kraina Wędlin Na co dzień,Kraina Wędlin,,,2026-10-01,2026-10-03,526608,Od czwartku,2026-10-01,2026-10-07,5,https://blix.pl/sklep/biedronka/gazetka/526608/?pageNumber=5,https://imgproxy.blix.pl/product_occurrence//d8c7ed1f-35fa-429a-8386-040a71da25e9.jpg,2026-10-01
01a0f313-ff30-7dfd-b2db-cd4193650082,Biedronka,Kiełbasa śląska z szynki Kraina Wędlin Nature,Kraina Wędlin,,,2026-10-01,2026-10-03,526608,Od czwartku,2026-10-01,2026-10-07,5,https://blix.pl/sklep/biedronka/gazetka/526608/?pageNumber=5,https://imgproxy.blix.pl/product_occurrence//4339d8e0-b11a-4123-a6cf-9542c20af151.jpg,2026-10-01
01a0f313-ff30-7e49-b2db-cd4193f9de7f,Biedronka,Kiełbasa śląska Mega Paka Kraina Wędlin,Kraina Wędlin,,,2026-10-01,2026-10-03,526608,Od czwartku,2026-10-01,2026-10-07,5,https://blix.pl/sklep/biedronka/gazetka/526608/?pageNumber=5,https://imgproxy.blix.pl/product_occurrence//736c81cb-112f-498a-9dfe-492f5243f721.jpg,2026-10-01
01a0f313-ff30-7ef9-b2db-cd4194a482f6,Biedronka,Kiełbasa śląska z szynki Kraina Wędlin Select,Kraina Wędlin,,,2026-10-01,2026-10-03,526608,Od czwartku,2026-10-01,2026-10-07,5,https://blix.pl/sklep/biedronka/gazetka/526608/?pageNumber=5,https://imgproxy.blix.pl/product_occurrence//b736fb24-1602-46df-b736-6f9f0a859773.jpg,2026-10-01
01a0f313-ff88-70df-b085-708cb87205b4,Biedronka,Filet z łososia atlantyckiego porcja rodzinna Marinero,Marinero,4.99,,2026-10-01,2026-10-03,526608,Od czwartku,2026-10-01,2026-10-07,6,https://blix.pl/sklep/biedronka/gazetka/526608/?pageNumber=6,https://imgproxy.blix.pl/product_occurrence//c5759ef2-28f2-4ecd-8ced-5b513ce96afd.jpg,2026-10-01
01a0f313-ff88-7233-b085-708cb8c6c2b0,Biedronka,Świeży pstrąg tęczowy patroszony Marinero,Marinero,2.89,,2026-10-01,2026-10-03,526608,Od czwartku,2026-10-01,2026-10-07,6,https://blix.pl/sklep/biedronka/gazetka/526608/?pageNumber=6,https://imgproxy.blix.pl/product_occurrence//8a85298b-debd-4bad-ba6a-cd57bcf7b678.jpg,2026-10-01
01a0f314-a3f9-79ed-92b6-a81c973784bb,Biedronka,Konserwy mięsne i rybne,Biedronka,,,2026-10-01,2026-10-03,526608,Od czwartku,2026-10-01,2026-10-07,7,https://blix.pl/sklep/biedronka/gazetka/526608/?pageNumber=7,https://imgproxy.blix.pl/product_occurrence//efe4d512-8ec5-418e-80c8-b00cf1f64cf0.jpg,2026-10-01
01a0f314-a3f9-7ac1-92b6-a81c975e60e3,Biedronka,Filety z makreli w sosie pomidorowym Marinero,Marinero,,,2026-10-01,2026-10-03,526608,Od czwartku,2026-10-01,2026-10-07,7,https://blix.pl/sklep/biedronka/gazetka/526608/?pageNumber=7,https://imgproxy.blix.pl/product_occurrence//92447595-653d-49d3-a614-9350e7a30a5d.jpg,2026-10-01
01a0f314-a3f9-7b35-92b6-a81c97e229f3,Biedronka,Filety z łososia w sosie pomidorowym z warzywami Marinero,Marinero,,,2026-10-01,2026-10-03,526608,Od czwartku,2026-10-01,2026-10-07,7,https://blix.pl/sklep/biedronka/gazetka/526608/?pageNumber=7,https://imgproxy.blix.pl/product_occurrence//50dc8a65-dd81-4b9a-82ba-f95e07330c8b.jpg,2026-10-01
01a0f314-a3f9-7b95-92b6-a81c989269f8,Biedronka,Szynka konserwowa z galaretką Krakus,Krakus,,,2026-10-01,2026-10-03,526608,Od czwartku,2026-10-01,2026-10-07,7,https://blix.pl/sklep/biedronka/gazetka/526608/?pageNumber=7,https://imgproxy.blix.pl/product_occurrence//02b56777-c403-42fa-b34d-ccfd8cbffcab.jpg,2026-10-01
01a0f314-a3f9-7bf1-92b6-a81c99432964,Biedronka,Pasztet drobiowy Podlaski,Podlaski,,,2026-10-01,2026-10-03,526608,Od czwartku,2026-10-01,2026-10-07,7,https://blix.pl/sklep/biedronka/gazetka/526608/?pageNumber=7,https://imgproxy.blix.pl/product_occurrence//d87b3204-4e07-4173-a723-76021298f678.jpg,2026-10-01
01a0f314-a3f9-7c49-92b6-a81c99fbd5c4,Biedronka,Mięsiwo w sosie własnym Kraina Wędlin,Kraina Wędlin,,,2026-10-01,2026-10-03,526608,Od czwartku,2026-10-01,2026-10-07,7,https://blix.pl/sklep/biedronka/gazetka/526608/?pageNumber=7,https://imgproxy.blix.pl/product_occurrence//3dfd9429-c906-473b-9bb4-2c614c1d9317.jpg,2026-10-01
01a0f314-a3f9-7ca1-92b6-a81c9ac2d1f1,Biedronka,Sałatka z tuńczykiem Marinero,Marinero,,,2026-10-01,2026-10-03,526608,Od czwartku,2026-10-01,2026-10-07,7,https://blix.pl/sklep/biedronka/gazetka/526608/?pageNumber=7,https://imgproxy.blix.pl/product_occurrence//17d93f3f-202e-4f41-a776-a2b6d233c1d0.jpg,2026-10-01
01a0f314-a3f9-7cf9-92b6-a81c9b507572,Biedronka,Sałatka z tuńczykiem Insalatissime meksykańska Rio Mare,Rio Mare,,,2026-10-01,2026-10-03,526608,Od czwartku,2026-10-01,2026-10-07,7,https://blix.pl/sklep/biedronka/gazetka/526608/?pageNumber=7,https://imgproxy.blix.pl/product_occurrence//bfb8ccc4-d7b1-461b-9828-73e8ff9587bc.jpg,2026-10-01
01a0f314-a3f9-7da5-92b6-a81c9bfd17ef,Biedronka,Filety z makreli w sosie pomidorowym Graal,Graal,,,2026-10-01,2026-10-03,526608,Od czwartku,2026-10-01,2026-10-07,7,https://blix.pl/sklep/biedronka/gazetka/526608/?pageNumber=7,https://imgproxy.blix.pl/product_occurrence//ab6451db-a744-4388-9f2a-8c49d815c5a4.jpg,2026-10-01
01a0f314-a3f9-7d4d-92b6-a81c9b50c2bb,Biedronka,Gulasz angielski Kraina Wędlin,Kraina Wędlin,,,2026-10-01,2026-10-03,526608,Od czwartku,2026-10-01,2026-10-07,7,https://blix.pl/sklep/biedronka/gazetka/526608/?pageNumber=7,https://imgproxy.blix.pl/product_occurrence//ee3c63b9-4490-44e2-b09b-dc7de6e1033e.jpg,2026-10-01
01a0f314-a3f9-7df9-92b6-a81c9c3e4705,Biedronka,Filet z kurczaka w sosie własnym Go Active,Go Active,,,2026-10-01,2026-10-03,526608,Od czwartku,2026-10-01,2026-10-07,7,https://blix.pl/sklep/biedronka/gazetka/526608/?pageNumber=7,https://imgproxy.blix.pl/product_occurrence//ddb2b52e-40fa-4eae-86f6-959ea4ee8c0d.jpg,2026-10-01
01a0f314-a3f9-7e4d-92b6-a81c9cca7d49,Biedronka,Tuńczyk wędzony w oleju roślinnym pikantny Ektos,Ektos,,,2026-10-01,2026-10-03,526608,Od czwartku,2026-10-01,2026-10-07,7,https://blix.pl/sklep/biedronka/gazetka/526608/?pageNumber=7,https://imgproxy.blix.pl/product_occurrence//8d09b057-13c9-4a79-bfd9-49b5e6711c4c.jpg,2026-10-01
01a0f314-a3f9-7ee1-92b6-a81c9d21c8bf,Biedronka,Tuńczyk kawałki w sosie własnym Marinero,Marinero,,,2026-10-01,2026-10-03,526608,Od czwartku,2026-10-01,2026-10-07,7,https://blix.pl/sklep/biedronka/gazetka/526608/?pageNumber=7,https://imgproxy.blix.pl/product_occurrence//28ae6ab0-6daf-4a9a-9d53-16a843fbdc0e.jpg,2026-10-01
01a0f314-a3f9-7f39-92b6-a81c9d945c67,Biedronka,Makarony Pastani,Pastani,,,2026-10-01,2026-10-03,526608,Od czwartku,2026-10-01,2026-10-07,7,https://blix.pl/sklep/biedronka/gazetka/526608/?pageNumber=7,https://imgproxy.blix.pl/product_occurrence//6e0821cb-3a2d-4ace-bccc-4a2d5e08f9db.jpg,2026-10-01
01a0f314-a3f9-7f8d-92b6-a81c9e5dc062,Biedronka,Makaron Penne Durum Pastani,Pastani,,,2026-10-01,2026-10-03,526608,Od czwartku,2026-10-01,2026-10-07,7,https://blix.pl/sklep/biedronka/gazetka/526608/?pageNumber=7,https://imgproxy.blix.pl/product_occurrence//6fae905e-dc7d-457d-9803-2f4083522a73.jpg,2026-10-01
01a0f314-a3fa-7046-8c96-02bbfe0c3ae7,Biedronka,Makaron Penne pełnoziarniste Pastani,Pastani,,,2026-10-01,2026-10-03,526608,Od czwartku,2026-10-01,2026-10-07,7,https://blix.pl/sklep/biedronka/gazetka/526608/?pageNumber=7,https://imgproxy.blix.pl/product_occurrence//ee6d7448-dfc0-4d0b-9e9a-8506947ba247.jpg,2026-10-01
01a0f314-a3fa-70a2-8c96-02bbfecc896a,Biedronka,Makaron Fusilli Durum Pastani,Pastani,,,2026-10-01,2026-10-03,526608,Od czwartku,2026-10-01,2026-10-07,7,https://blix.pl/sklep/biedronka/gazetka/526608/?pageNumber=7,https://imgproxy.blix.pl/product_occurrence//422575cd-16b3-4d24-b26a-39174160133e.jpg,2026-10-01
01a0f314-a3fa-70fe-8c96-02bbff9ba033,Biedronka,Makaron Fusilli niski indeks glikemiczny Pastani,Pastani,,,2026-10-01,2026-10-03,526608,Od czwartku,2026-10-01,2026-10-07,7,https://blix.pl/sklep/biedronka/gazetka/526608/?pageNumber=7,https://imgproxy.blix.pl/product_occurrence//4caed31c-3d94-45cf-ba73-f38b353555d7.jpg,2026-10-01
01a0f314-a3fa-7152-8c96-02bc0029a606,Biedronka,Makaron Spaghetti Durum Pastani,Pastani,,,2026-10-01,2026-10-03,526608,Od czwartku,2026-10-01,2026-10-07,7,https://blix.pl/sklep/biedronka/gazetka/526608/?pageNumber=7,https://imgproxy.blix.pl/product_occurrence//2d18891a-d4cc-4fc7-bfb6-a971169c8b0b.jpg,2026-10-01
01a0f314-a4e5-7f53-af18-c9724a822ce9,Biedronka,Woda źródlana niegazowana Żywiec Zdrój,Żywiec Zdrój,1.79,,2026-10-01,2026-10-03,526608,Od czwartku,2026-10-01,2026-10-07,8,https://blix.pl/sklep/biedronka/gazetka/526608/?pageNumber=8,https://imgproxy.blix.pl/product_occurrence//2ed9d9a1-cfe8-4799-9171-dda1fb868953.jpg,2026-10-01
01a0f314-a4e6-708e-b592-f81f00f7f6dd,Biedronka,Woda źródlana gazowana Żywiec Zdrój mocny gaz,Żywiec Zdrój,1.79,,2026-10-01,2026-10-03,526608,Od czwartku,2026-10-01,2026-10-07,8,https://blix.pl/sklep/biedronka/gazetka/526608/?pageNumber=8,https://imgproxy.blix.pl/product_occurrence//94a2a333-d510-4dc3-b7be-9beb904f63e0.jpg,2026-10-01
01a0f314-a4e6-70fe-b592-f81f010d9561,Biedronka,Napój gazowany Coca-Cola,Coca-Cola,6.99,,2026-10-01,2026-10-03,526608,Od czwartku,2026-10-01,2026-10-07,8,https://blix.pl/sklep/biedronka/gazetka/526608/?pageNumber=8,https://imgproxy.blix.pl/product_occurrence//0b3d3a0c-ea97-4422-9077-4ef09d2e351d.jpg,2026-10-01
01a0f314-a4e6-716a-b592-f81f015e06ee,Biedronka,Napój gazowany Coca-Cola Zero Cukru,Coca-Cola,6.99,,2026-10-01,2026-10-03,526608,Od czwartku,2026-10-01,2026-10-07,8,https://blix.pl/sklep/biedronka/gazetka/526608/?pageNumber=8,https://imgproxy.blix.pl/product_occurrence//2fe22c08-1dcb-435a-9e69-5ff90b68884f.jpg,2026-10-01
01a0f314-a4e6-71e6-b592-f81f01e94a8e,Biedronka,Napój niegazowany Ice Tea Remsey,Remsey,2.49,,2026-10-01,2026-10-03,526608,Od czwartku,2026-10-01,2026-10-07,8,https://blix.pl/sklep/biedronka/gazetka/526608/?pageNumber=8,https://imgproxy.blix.pl/product_occurrence//f96dd248-e029-4721-b9a6-02f267dd84b1.jpg,2026-10-01
01a0f314-a4e6-723e-b592-f81f02a1583e,Biedronka,Napój energetyczny Dzik White,Dzik,4.99,,2026-10-01,2026-10-03,526608,Od czwartku,2026-10-01,2026-10-07,8,https://blix.pl/sklep/biedronka/gazetka/526608/?pageNumber=8,https://imgproxy.blix.pl/product_occurrence//45f383da-5493-48ce-a1a2-e24076c0680f.jpg,2026-10-01
01a0f314-a4e6-7292-b592-f81f0328469d,Biedronka,Napój energetyczny Dzik Cactus Zero,Dzik,4.99,,2026-10-01,2026-10-03,526608,Od czwartku,2026-10-01,2026-10-07,8,https://blix.pl/sklep/biedronka/gazetka/526608/?pageNumber=8,https://imgproxy.blix.pl/product_occurrence//7b3396b6-67de-45f6-aec5-a9c66f85a4b3.jpg,2026-10-01
01a0f314-a54d-77e2-a80e-8d3603148f48,Biedronka,Czekoladki Merci,Merci,29.99,,2026-10-01,2026-10-03,526608,Od czwartku,2026-10-01,2026-10-07,9,https://blix.pl/sklep/biedronka/gazetka/526608/?pageNumber=9,https://imgproxy.blix.pl/product_occurrence//469e9b56-eaa0-41fd-87f7-d13fb2ddd43d.jpg,2026-10-01
01a0f314-a54d-78ba-a80e-8d3603c7a910,Biedronka,Kawa ziarnista Carousel classic,Carousel,,,2026-10-01,2026-10-03,526608,Od czwartku,2026-10-01,2026-10-07,9,https://blix.pl/sklep/biedronka/gazetka/526608/?pageNumber=9,https://imgproxy.blix.pl/product_occurrence//f59df3fe-6e18-44fa-abf0-8a01e5d45895.jpg,2026-10-01
01a0f314-a54d-7932-a80e-8d36043197ea,Biedronka,Kawa ziarnista Carousel crema,Carousel,,,2026-10-01,2026-10-03,526608,Od czwartku,2026-10-01,2026-10-07,9,https://blix.pl/sklep/biedronka/gazetka/526608/?pageNumber=9,https://imgproxy.blix.pl/product_occurrence//40465035-06cf-4e49-92cb-131ca4c3fa40.jpg,2026-10-01
01a0f314-a586-7858-b6d5-bc926b66351a,Biedronka,Piwo Žatecký Světlý Ležák 4-pak 500 ml,Žatecký,,,2026-10-01,2026-10-03,526608,Od czwartku,2026-10-01,2026-10-07,10,https://blix.pl/sklep/biedronka/gazetka/526608/?pageNumber=10,https://imgproxy.blix.pl/product_occurrence//2136f00e-534b-4b38-863e-eef9d393b28a.jpg,2026-10-01
01a0f314-a586-79d8-b6d5-bc926c7577e6,Biedronka,Piwo bezalkoholowe Žatecký Jeżyna 4-pak 500 ml,Žatecký,,,2026-10-01,2026-10-03,526608,Od czwartku,2026-10-01,2026-10-07,10,https://blix.pl/sklep/biedronka/gazetka/526608/?pageNumber=10,https://imgproxy.blix.pl/product_occurrence//b2094eae-ec39-43d6-ae05-a04140059af3.jpg,2026-10-01
01a0f314-a586-7954-b6d5-bc926bd4f3b3,Biedronka,Piwo bezalkoholowe Žatecký Limonka 4-pak 500 ml,Žatecký,,,2026-10-01,2026-10-03,526608,Od czwartku,2026-10-01,2026-10-07,10,https://blix.pl/sklep/biedronka/gazetka/526608/?pageNumber=10,https://imgproxy.blix.pl/product_occurrence//41f2b5d3-fb8b-44dd-8c1a-1d5402578133.jpg,2026-10-01
01a0f314-a586-7a3c-b6d5-bc926c95276f,Biedronka,Piwo bezalkoholowe Žatecký 4-pak 500 ml,Žatecký,,,2026-10-01,2026-10-03,526608,Od czwartku,2026-10-01,2026-10-07,10,https://blix.pl/sklep/biedronka/gazetka/526608/?pageNumber=10,https://imgproxy.blix.pl/product_occurrence//8a060fd8-d32a-4033-baba-4a7be975646d.jpg,2026-10-01
01a0f314-a586-7b50-b6d5-bc926d922718,Biedronka,Piwo Kasztelan Niepasteryzowane 4-pak 500 ml,Kasztelan,,,2026-10-01,2026-10-03,526608,Od czwartku,2026-10-01,2026-10-07,10,https://blix.pl/sklep/biedronka/gazetka/526608/?pageNumber=10,https://imgproxy.blix.pl/product_occurrence//d36a1255-0bfd-4326-9494-031401c65db5.jpg,2026-10-01
01a0f314-a586-7a98-b6d5-bc926c96443e,Biedronka,Piwo Carlsberg Premium Pilsner 4-pak 500 ml,Carlsberg,,,2026-10-01,2026-10-03,526608,Od czwartku,2026-10-01,2026-10-07,10,https://blix.pl/sklep/biedronka/gazetka/526608/?pageNumber=10,https://imgproxy.blix.pl/product_occurrence//2f54a579-63c0-4015-941f-225babd3467d.jpg,2026-10-01
01a0f314-a586-7bb8-b6d5-bc926e13ccd3,Biedronka,Piwo Kasztelan Miodowe 4-pak 500 ml,Kasztelan,,,2026-10-01,2026-10-03,526608,Od czwartku,2026-10-01,2026-10-07,10,https://blix.pl/sklep/biedronka/gazetka/526608/?pageNumber=10,https://imgproxy.blix.pl/product_occurrence//5b9df3bb-a902-437e-b7c0-d7af831ea4f0.jpg,2026-10-01
01a0f314-a5f2-79f6-a672-9bdfb39f3861,Biedronka,Piwa Lech w butelkach bezzwrotnych,Lech,,,2026-10-01,2026-10-03,526608,Od czwartku,2026-10-01,2026-10-07,11,https://blix.pl/sklep/biedronka/gazetka/526608/?pageNumber=11,https://imgproxy.blix.pl/product_occurrence//ea8cfe4d-8029-4108-a6c3-8203f2f548b9.jpg,2026-10-01
01a0f314-a5f2-7baa-a672-9bdfb529001d,Biedronka,Piwo bezalkoholowe Lech Dragon Fruit,Lech,,,2026-10-01,2026-10-03,526608,Od czwartku,2026-10-01,2026-10-07,11,https://blix.pl/sklep/biedronka/gazetka/526608/?pageNumber=11,https://imgproxy.blix.pl/product_occurrence//62119d2c-e55c-4c90-a524-2bad4c270bb5.jpg,2026-10-01
01a0f314-a5f2-7b26-a672-9bdfb48eb2ef,Biedronka,Piwo bezalkoholowe Lech Rhubarb Lemon,Lech,,,2026-10-01,2026-10-03,526608,Od czwartku,2026-10-01,2026-10-07,11,https://blix.pl/sklep/biedronka/gazetka/526608/?pageNumber=11,https://imgproxy.blix.pl/product_occurrence//372810f4-0631-4965-8b9b-f5aff5125c2f.jpg,2026-10-01
01a0f314-a5f2-7c0a-a672-9bdfb57e8e9e,Biedronka,Piwo Lech Premium,Lech,,,2026-10-01,2026-10-03,526608,Od czwartku,2026-10-01,2026-10-07,11,https://blix.pl/sklep/biedronka/gazetka/526608/?pageNumber=11,https://imgproxy.blix.pl/product_occurrence//07c341e0-b708-49cd-996b-c83da6703bc7.jpg,2026-10-01
01a0f314-a5f2-7c6a-a672-9bdfb623ec80,Biedronka,Piwo bezalkoholowe Lech Lime Mint,Lech,,,2026-10-01,2026-10-03,526608,Od czwartku,2026-10-01,2026-10-07,11,https://blix.pl/sklep/biedronka/gazetka/526608/?pageNumber=11,https://imgproxy.blix.pl/product_occurrence//985dfc29-47e6-48d6-9e60-f7f41dd988a5.jpg,2026-10-01
01a0f314-a5f2-7cc2-a672-9bdfb68d3ec8,Biedronka,Piwo bezalkoholowe Lech Apple Watermelon,Lech,,,2026-10-01,2026-10-03,526608,Od czwartku,2026-10-01,2026-10-07,11,https://blix.pl/sklep/biedronka/gazetka/526608/?pageNumber=11,https://imgproxy.blix.pl/product_occurrence//f3534334-5c5e-41e6-9b95-e5f3cebe7982.jpg,2026-10-01
01a0f314-a5f2-7d1e-a672-9bdfb699461e,Biedronka,Piwo Harnaś,Harnaś,2.49,,2026-10-01,2026-10-03,526608,Od czwartku,2026-10-01,2026-10-07,11,https://blix.pl/sklep/biedronka/gazetka/526608/?pageNumber=11,https://imgproxy.blix.pl/product_occurrence//2b0d467a-a87b-40a0-9e1c-9935908bc20f.jpg,2026-10-01
01a0f314-a5f2-7d76-a672-9bdfb6a13830,Biedronka,Piwo Żubr,Żubr,2.69,,2026-10-01,2026-10-03,526608,Od czwartku,2026-10-01,2026-10-07,11,https://blix.pl/sklep/biedronka/gazetka/526608/?pageNumber=11,https://imgproxy.blix.pl/product_occurrence//8565bbbb-f126-4d56-9e84-e3253ebef531.jpg,2026-10-01
01a0f315-93fd-7c4a-bd18-06bcdcec433d,Biedronka,Kosmetyki do makijażu twarzy i stylizacji paznokci Niuqi,Niuqi,,,2026-10-01,2026-10-03,526608,Od czwartku,2026-10-01,2026-10-07,12,https://blix.pl/sklep/biedronka/gazetka/526608/?pageNumber=12,https://imgproxy.blix.pl/product_occurrence//bdea760d-f925-4e4b-9d50-a4feb1b65aca.jpg,2026-10-01
01a0f315-93fd-7d1e-bd18-06bcdd039cb3,Biedronka,Krem multifunkcyjny CC Niuqi,Niuqi,,,2026-10-01,2026-10-03,526608,Od czwartku,2026-10-01,2026-10-07,12,https://blix.pl/sklep/biedronka/gazetka/526608/?pageNumber=12,https://imgproxy.blix.pl/product_occurrence//8774b834-58ce-4792-a1d0-2fdc6b15c211.jpg,2026-10-01
01a0f315-93fd-7df2-bd18-06bcde81be03,Biedronka,Puder prasowany Silky Niuqi,Niuqi,,,2026-10-01,2026-10-03,526608,Od czwartku,2026-10-01,2026-10-07,12,https://blix.pl/sklep/biedronka/gazetka/526608/?pageNumber=12,https://imgproxy.blix.pl/product_occurrence//01c5c62a-c572-4f03-ad77-2edafc455816.jpg,2026-10-01
01a0f315-93fd-7d96-bd18-06bcdd86a2ef,Biedronka,Krem wyrównujący koloryt BB Niuqi,Niuqi,,,2026-10-01,2026-10-03,526608,Od czwartku,2026-10-01,2026-10-07,12,https://blix.pl/sklep/biedronka/gazetka/526608/?pageNumber=12,https://imgproxy.blix.pl/product_occurrence//eead6fb8-54e1-4439-ad1c-f050fc7ff9e2.jpg,2026-10-01
01a0f315-93fd-7e6a-bd18-06bcdf2edee5,Biedronka,Podkład dopasowujący Skin Adapt Niuqi,Niuqi,,,2026-10-01,2026-10-03,526608,Od czwartku,2026-10-01,2026-10-07,12,https://blix.pl/sklep/biedronka/gazetka/526608/?pageNumber=12,https://imgproxy.blix.pl/product_occurrence//fe3d0070-c1a7-4804-a7c0-683e422468f5.jpg,2026-10-01
01a0f315-93fd-7f12-bd18-06bcdf5bf49c,Biedronka,Błyszczyk do ust Stay Glossy Niuqi,Niuqi,,,2026-10-01,2026-10-03,526608,Od czwartku,2026-10-01,2026-10-07,12,https://blix.pl/sklep/biedronka/gazetka/526608/?pageNumber=12,https://imgproxy.blix.pl/product_occurrence//d4af81b5-cbf4-43dc-99d0-6eed3730d638.jpg,2026-10-01
01a0f315-93fd-7f6e-bd18-06bce041a761,Biedronka,Korektor Liquid Camouflage Niuqi,Niuqi,,,2026-10-01,2026-10-03,526608,Od czwartku,2026-10-01,2026-10-07,12,https://blix.pl/sklep/biedronka/gazetka/526608/?pageNumber=12,https://imgproxy.blix.pl/product_occurrence//df5cb950-ff46-4ed2-815f-7aca1339c935.jpg,2026-10-01
01a0f315-93fe-7020-9ab3-7f9896ca5942,Biedronka,Lakier do paznokci Nail Polish Niuqi,Niuqi,,,2026-10-01,2026-10-03,526608,Od czwartku,2026-10-01,2026-10-07,12,https://blix.pl/sklep/biedronka/gazetka/526608/?pageNumber=12,https://imgproxy.blix.pl/product_occurrence//7734ed10-4ba1-4bdd-b9f2-cd22f8ec2d5b.jpg,2026-10-01
01a0f315-93fe-707c-9ab3-7f989706a2e6,Biedronka,Baza kauczukowa UV/LED Niuqi,Niuqi,,,2026-10-01,2026-10-03,526608,Od czwartku,2026-10-01,2026-10-07,12,https://blix.pl/sklep/biedronka/gazetka/526608/?pageNumber=12,https://imgproxy.blix.pl/product_occurrence//ed370eb5-dfcf-4491-bd3d-a33a44bb30c4.jpg,2026-10-01
01a0f315-93fe-70d0-9ab3-7f98978497b5,Biedronka,Lakier hybrydowy UV/LED Kolor Niuqi,Niuqi,,,2026-10-01,2026-10-03,526608,Od czwartku,2026-10-01,2026-10-07,12,https://blix.pl/sklep/biedronka/gazetka/526608/?pageNumber=12,https://imgproxy.blix.pl/product_occurrence//c8b9fb58-d3cc-425d-8ae7-82e2caa63a8a.jpg,2026-10-01
01a0f315-93fe-7128-9ab3-7f9898113efe,Biedronka,Produkty Gillette,Gillette,,,2026-10-01,2026-10-03,526608,Od czwartku,2026-10-01,2026-10-07,12,https://blix.pl/sklep/biedronka/gazetka/526608/?pageNumber=12,https://imgproxy.blix.pl/product_occurrence//3399bbe6-d9aa-4bb2-b9e9-9415416162d0.jpg,2026-10-01
01a0f315-93fe-7180-9ab3-7f98984acef4,Biedronka,Maszynki do golenia Gillette Venus Comfort Colours 3-pak,Gillette,,,2026-10-01,2026-10-03,526608,Od czwartku,2026-10-01,2026-10-07,12,https://blix.pl/sklep/biedronka/gazetka/526608/?pageNumber=12,https://imgproxy.blix.pl/product_occurrence//56d030e7-619c-42ca-8473-7a84a436000a.jpg,2026-10-01
01a0f315-93fe-71e0-9ab3-7f9898ac7ec3,Biedronka,Maszynki do golenia Gillette Blue3 Plus Comfort 4-pak,Gillette,,,2026-10-01,2026-10-03,526608,Od czwartku,2026-10-01,2026-10-07,12,https://blix.pl/sklep/biedronka/gazetka/526608/?pageNumber=12,https://imgproxy.blix.pl/product_occurrence//071c9398-1620-4c53-9040-48d7a8f78d59.jpg,2026-10-01
01a0f315-93fe-7234-9ab3-7f98992f47ee,Biedronka,Żel do golenia Gillette Series,Gillette,,,2026-10-01,2026-10-03,526608,Od czwartku,2026-10-01,2026-10-07,12,https://blix.pl/sklep/biedronka/gazetka/526608/?pageNumber=12,https://imgproxy.blix.pl/product_occurrence//07c92ffd-3231-4c9c-a354-c927871c0077.jpg,2026-10-01
01a0f315-93fe-7288-9ab3-7f98998daa6c,Biedronka,Maszynki do golenia Gillette Venus 3 Sensitive 4-pak,Gillette,,,2026-10-01,2026-10-03,526608,Od czwartku,2026-10-01,2026-10-07,12,https://blix.pl/sklep/biedronka/gazetka/526608/?pageNumber=12,https://imgproxy.blix.pl/product_occurrence//e361bbef-9b9c-4133-bb3b-e6f2e3d165d0.jpg,2026-10-01
01a0f315-93fe-72e0-9ab3-7f9899c69bf7,Biedronka,Maszynka do golenia z wkładami Gillette Venus Extra Comfort Miami,Gillette,,,2026-10-01,2026-10-03,526608,Od czwartku,2026-10-01,2026-10-07,12,https://blix.pl/sklep/biedronka/gazetka/526608/?pageNumber=12,https://imgproxy.blix.pl/product_occurrence//14151c9c-e4fa-4e5d-a6d7-c5a7283332b7.jpg,2026-10-01
01a0f315-93fe-7334-9ab3-7f989a349a24,Biedronka,Maszynka do golenia z wkładami Gillette Sensor 3+ Special Edition,Gillette,,,2026-10-01,2026-10-03,526608,Od czwartku,2026-10-01,2026-10-07,12,https://blix.pl/sklep/biedronka/gazetka/526608/?pageNumber=12,https://imgproxy.blix.pl/product_occurrence//c7701ce4-0986-4acd-8544-2f93a494f296.jpg,2026-10-01
01a0f315-93fe-73a0-9ab3-7f989b082e3f,Biedronka,Pasta do zębów Colgate Max White Stain Protect Instant Purple,Colgate,,,2026-10-01,2026-10-03,526608,Od czwartku,2026-10-01,2026-10-07,12,https://blix.pl/sklep/biedronka/gazetka/526608/?pageNumber=12,https://imgproxy.blix.pl/product_occurrence//42632e61-7368-4662-a690-d178977f13d8.jpg,2026-10-01
01a0f315-93fe-73fc-9ab3-7f989bebbe30,Biedronka,Pasta do zębów Colgate Max White Stain Protect White Booster,Colgate,,,2026-10-01,2026-10-03,526608,Od czwartku,2026-10-01,2026-10-07,12,https://blix.pl/sklep/biedronka/gazetka/526608/?pageNumber=12,https://imgproxy.blix.pl/product_occurrence//5bb8ed59-2899-4c62-971c-09175cd42431.jpg,2026-10-01
01a0f315-93fe-7454-9ab3-7f989c8e6667,Biedronka,Pasta do zębów Colgate Max White Stain Protect z aktywnym węglem,Colgate,,,2026-10-01,2026-10-03,526608,Od czwartku,2026-10-01,2026-10-07,12,https://blix.pl/sklep/biedronka/gazetka/526608/?pageNumber=12,https://imgproxy.blix.pl/product_occurrence//3841fb42-981f-4ec8-a4ed-100d661e0099.jpg,2026-10-01
01a0f315-93fe-74a8-9ab3-7f989d4d2b4d,Biedronka,Żel pod prysznic Adidas Men 3w1 Champions League Matchday,Adidas,,,2026-10-01,2026-10-03,526608,Od czwartku,2026-10-01,2026-10-07,12,https://blix.pl/sklep/biedronka/gazetka/526608/?pageNumber=12,https://imgproxy.blix.pl/product_occurrence//35e442e2-4b95-4c74-9335-da8ed22e9464.jpg,2026-10-01
01a0f315-93fe-7500-9ab3-7f989de81915,Biedronka,Żel pod prysznic Adidas Men 3w1 Pure Game,Adidas,,,2026-10-01,2026-10-03,526608,Od czwartku,2026-10-01,2026-10-07,12,https://blix.pl/sklep/biedronka/gazetka/526608/?pageNumber=12,https://imgproxy.blix.pl/product_occurrence//9337bfca-c129-4a63-94f4-ba2c1c693d3a.jpg,2026-10-01
01a0f315-93fe-7554-9ab3-7f989ec494c2,Biedronka,Żel pod prysznic Adidas Men 3w1 After Sport,Adidas,,,2026-10-01,2026-10-03,526608,Od czwartku,2026-10-01,2026-10-07,12,https://blix.pl/sklep/biedronka/gazetka/526608/?pageNumber=12,https://imgproxy.blix.pl/product_occurrence//1a43445a-9331-4d04-b589-baace550f00e.jpg,2026-10-01
01a0f315-952c-7839-a49b-fea2ac19c072,Biedronka,Mleko modyfikowane Bebilon Profutura 2,Bebilon,,,2026-10-01,2026-10-03,526608,Od czwartku,2026-10-01,2026-10-07,13,https://blix.pl/sklep/biedronka/gazetka/526608/?pageNumber=13,https://imgproxy.blix.pl/product_occurrence//471e0939-2952-4205-94f1-3549e9423fcc.jpg,2026-10-01
01a0f315-952c-7919-a49b-fea2acb69edc,Biedronka,Mleko modyfikowane Bebilon Profutura 3,Bebilon,,,2026-10-01,2026-10-03,526608,Od czwartku,2026-10-01,2026-10-07,13,https://blix.pl/sklep/biedronka/gazetka/526608/?pageNumber=13,https://imgproxy.blix.pl/product_occurrence//809feaa1-8768-4361-9a85-79f0d8912330.jpg,2026-10-01
01a0f315-952c-7991-a49b-fea2ad5766cf,Biedronka,Pieluchomajtki Pampers Active Baby Pants,Pampers,,,2026-10-01,2026-10-03,526608,Od czwartku,2026-10-01,2026-10-07,13,https://blix.pl/sklep/biedronka/gazetka/526608/?pageNumber=13,https://imgproxy.blix.pl/product_occurrence//5dd18580-87e1-4430-983a-c3bf16a7a0c8.jpg,2026-10-01
01a0f315-952c-79f1-a49b-fea2adcdaaa6,Biedronka,Pieluchomajtki Pampers Active Baby Pants rozmiar 4,Pampers,,,2026-10-01,2026-10-03,526608,Od czwartku,2026-10-01,2026-10-07,13,https://blix.pl/sklep/biedronka/gazetka/526608/?pageNumber=13,https://imgproxy.blix.pl/product_occurrence//512042dd-4581-4df4-ade9-9eb4d259c059.jpg,2026-10-01
01a0f315-952c-7a6d-a49b-fea2ae72f8a5,Biedronka,Pieluchomajtki Pampers Active Baby Pants rozmiar 5,Pampers,,,2026-10-01,2026-10-03,526608,Od czwartku,2026-10-01,2026-10-07,13,https://blix.pl/sklep/biedronka/gazetka/526608/?pageNumber=13,https://imgproxy.blix.pl/product_occurrence//5fcc0698-c48d-47d2-95d3-acae022e1581.jpg,2026-10-01
01a0f315-95a3-747d-a8bb-f1f705eadb2d,Biedronka,Produkty Silan,Silan,,,2026-10-01,2026-10-03,526608,Od czwartku,2026-10-01,2026-10-07,15,https://blix.pl/sklep/biedronka/gazetka/526608/?pageNumber=15,https://imgproxy.blix.pl/product_occurrence//eeb5ac3f-52f1-4a1a-b4b0-5b2982c3d8a2.jpg,2026-10-01
01a0f315-95a3-75f1-a8bb-f1f7063cfb95,Biedronka,Płyn do płukania tkanin Silan Sensitive,Silan,,,2026-10-01,2026-10-03,526608,Od czwartku,2026-10-01,2026-10-07,15,https://blix.pl/sklep/biedronka/gazetka/526608/?pageNumber=15,https://imgproxy.blix.pl/product_occurrence//c01d7ff8-92ab-47d8-8c35-448c901772c7.jpg,2026-10-01
01a0f315-95a3-7731-a8bb-f1f706c34b05,Biedronka,Płyn do płukania tkanin Silan Spring Lavender,Silan,,,2026-10-01,2026-10-03,526608,Od czwartku,2026-10-01,2026-10-07,15,https://blix.pl/sklep/biedronka/gazetka/526608/?pageNumber=15,https://imgproxy.blix.pl/product_occurrence//5fb8eb0d-c248-4c2e-8872-68adcd76851e.jpg,2026-10-01
01a0f315-95a3-77e5-a8bb-f1f706dbff63,Biedronka,Płyn do płukania tkanin Silan Fresh Sky,Silan,,,2026-10-01,2026-10-03,526608,Od czwartku,2026-10-01,2026-10-07,15,https://blix.pl/sklep/biedronka/gazetka/526608/?pageNumber=15,https://imgproxy.blix.pl/product_occurrence//4f7160a4-c6bc-4cc0-a12c-1363c51d7d9e.jpg,2026-10-01
01a0f315-95a3-7869-a8bb-f1f7070d8d6c,Biedronka,Płyn do płukania tkanin Silan Aromatherapy Fascinating Jungle,Silan,,,2026-10-01,2026-10-03,526608,Od czwartku,2026-10-01,2026-10-07,15,https://blix.pl/sklep/biedronka/gazetka/526608/?pageNumber=15,https://imgproxy.blix.pl/product_occurrence//fbe4d49b-1d6e-4ba8-812c-5e0c9aa0d849.jpg,2026-10-01
01a0f315-95a3-78e1-a8bb-f1f7077f61c9,Biedronka,Perfumy do prania Silan Cherry Blossom,Silan,,,2026-10-01,2026-10-03,526608,Od czwartku,2026-10-01,2026-10-07,15,https://blix.pl/sklep/biedronka/gazetka/526608/?pageNumber=15,https://imgproxy.blix.pl/product_occurrence//cb82e9fd-0be7-477f-b55d-49fa227e578e.jpg,2026-10-01
01a0f315-95a3-7951-a8bb-f1f70850c705,Biedronka,Perfumy do prania Silan Blue Jasmine,Silan,,,2026-10-01,2026-10-03,526608,Od czwartku,2026-10-01,2026-10-07,15,https://blix.pl/sklep/biedronka/gazetka/526608/?pageNumber=15,https://imgproxy.blix.pl/product_occurrence//56d5759b-2948-4bae-8f78-41ae2c9a1464.jpg,2026-10-01
01a0f315-95a3-7a31-a8bb-f1f708a3e42d,Biedronka,Produkty Lenor,Lenor,,,2026-10-01,2026-10-03,526608,Od czwartku,2026-10-01,2026-10-07,15,https://blix.pl/sklep/biedronka/gazetka/526608/?pageNumber=15,https://imgproxy.blix.pl/product_occurrence//97bc1493-45b4-4d44-a719-7404e88cb182.jpg,2026-10-01
01a0f315-95a3-79c1-a8bb-f1f70877a2d3,Biedronka,Perfumy do prania Silan Diamond Orchid,Silan,,,2026-10-01,2026-10-03,526608,Od czwartku,2026-10-01,2026-10-07,15,https://blix.pl/sklep/biedronka/gazetka/526608/?pageNumber=15,https://imgproxy.blix.pl/product_occurrence//af86a214-fd97-47fa-b530-5ae378f03e3f.jpg,2026-10-01
01a0f315-95a3-7aa5-a8bb-f1f7093f82e7,Biedronka,Płyn do płukania tkanin Lenor Fresh Air Fresh Wind,Lenor,,,2026-10-01,2026-10-03,526608,Od czwartku,2026-10-01,2026-10-07,15,https://blix.pl/sklep/biedronka/gazetka/526608/?pageNumber=15,https://imgproxy.blix.pl/product_occurrence//62b9546b-a874-45fd-9f13-46aee23e3e9b.jpg,2026-10-01
01a0f315-95a3-7b15-a8bb-f1f709dbc38c,Biedronka,Płyn do płukania tkanin Lenor Spring Awakening,Lenor,,,2026-10-01,2026-10-03,526608,Od czwartku,2026-10-01,2026-10-07,15,https://blix.pl/sklep/biedronka/gazetka/526608/?pageNumber=15,https://imgproxy.blix.pl/product_occurrence//30d9fd42-2d5c-4144-adf4-56153206baa2.jpg,2026-10-01
01a0f315-95a3-7b89-a8bb-f1f70a1ac82b,Biedronka,Płyn do płukania tkanin Lenor Perfume Therapy Gold Orchid & Vanilla,Lenor,,,2026-10-01,2026-10-03,526608,Od czwartku,2026-10-01,2026-10-07,15,https://blix.pl/sklep/biedronka/gazetka/526608/?pageNumber=15,https://imgproxy.blix.pl/product_occurrence//b70a6f80-5d67-45e5-bf07-268427e6b3e0.jpg,2026-10-01
01a0f315-95a3-7bf5-a8bb-f1f70a7abcf8,Biedronka,Perełki zapachowe do prania Lenor,Lenor,,,2026-10-01,2026-10-03,526608,Od czwartku,2026-10-01,2026-10-07,15,https://blix.pl/sklep/biedronka/gazetka/526608/?pageNumber=15,https://imgproxy.blix.pl/product_occurrence//673a5b91-e746-4852-8728-e3fd6cfa568f.jpg,2026-10-01
01a0f315-95a3-7c61-a8bb-f1f70ad88fb2,Biedronka,Ręczniki kuchenne,Biedronka,,,2026-10-01,2026-10-03,526608,Od czwartku,2026-10-01,2026-10-07,15,https://blix.pl/sklep/biedronka/gazetka/526608/?pageNumber=15,https://imgproxy.blix.pl/product_occurrence//f36d485f-eeb0-466d-a2b0-9dccc9ebc42f.jpg,2026-10-01
01a0f315-95a3-7cd1-a8bb-f1f70bb8f24b,Biedronka,Ręcznik kuchenny Total Absorption Queen,Queen,,,2026-10-01,2026-10-03,526608,Od czwartku,2026-10-01,2026-10-07,15,https://blix.pl/sklep/biedronka/gazetka/526608/?pageNumber=15,https://imgproxy.blix.pl/product_occurrence//ab43e14b-81b8-4dfa-9786-147506cdd157.jpg,2026-10-01
01a0f315-95a3-7d3d-a8bb-f1f70be58da3,Biedronka,Ręcznik papierowy Mega Sweep Queen,Queen,,,2026-10-01,2026-10-03,526608,Od czwartku,2026-10-01,2026-10-07,15,https://blix.pl/sklep/biedronka/gazetka/526608/?pageNumber=15,https://imgproxy.blix.pl/product_occurrence//86d0fb55-dc89-4bc5-93d1-9816288e9a89.jpg,2026-10-01
01a0f315-95a3-7e1d-a8bb-f1f70d6b931e,Biedronka,Ręcznik kuchenny Milla Queen,Queen,,,2026-10-01,2026-10-03,526608,Od czwartku,2026-10-01,2026-10-07,15,https://blix.pl/sklep/biedronka/gazetka/526608/?pageNumber=15,https://imgproxy.blix.pl/product_occurrence//366a1f96-f3f8-4db7-95b9-67093f7771a5.jpg,2026-10-01
01a0f315-95a3-7da9-a8bb-f1f70cbd597e,Biedronka,Ręcznik papierowy Turbo super mocny Velvet,Velvet,,,2026-10-01,2026-10-03,526608,Od czwartku,2026-10-01,2026-10-07,15,https://blix.pl/sklep/biedronka/gazetka/526608/?pageNumber=15,https://imgproxy.blix.pl/product_occurrence//8615eca7-58a8-49ee-bb50-0538cd7697ac.jpg,2026-10-01
01a0f315-95a3-7ee9-a8bb-f1f70df64298,Biedronka,Ręcznik kuchenny Strong Queen,Queen,,,2026-10-01,2026-10-03,526608,Od czwartku,2026-10-01,2026-10-07,15,https://blix.pl/sklep/biedronka/gazetka/526608/?pageNumber=15,https://imgproxy.blix.pl/product_occurrence//3adc319c-1c7f-435c-b223-1c3735a6a2f1.jpg,2026-10-01
01a0f315-95a4-7077-b5fc-9758bae23110,Biedronka,Papier toaletowy rumiankowy Queen 24-pak,Queen,21.99,,2026-10-01,2026-10-03,526608,Od czwartku,2026-10-01,2026-10-07,15,https://blix.pl/sklep/biedronka/gazetka/526608/?pageNumber=15,https://imgproxy.blix.pl/product_occurrence//9e175e1f-720e-4505-bb4e-6453dc0ae930.jpg,2026-10-01
01a0f315-96c2-75e8-8b40-86cb9cd2a2c6,Biedronka,Przysmaki dla psów Activ'Pet,Activ'pet,,,2026-10-01,2026-10-03,526608,Od czwartku,2026-10-01,2026-10-07,16,https://blix.pl/sklep/biedronka/gazetka/526608/?pageNumber=16,https://imgproxy.blix.pl/product_occurrence//e1914c3a-67ab-44ff-b772-b59ee9526c1a.jpg,2026-10-01
01a0f315-96c2-76cc-8b40-86cb9cf5979e,Biedronka,Przysmak dla psów filety kurczak Activ'Pet,Activ'pet,,,2026-10-01,2026-10-03,526608,Od czwartku,2026-10-01,2026-10-07,16,https://blix.pl/sklep/biedronka/gazetka/526608/?pageNumber=16,https://imgproxy.blix.pl/product_occurrence//297e09be-696f-4574-b158-4d92a425468e.jpg,2026-10-01
01a0f315-96c2-7744-8b40-86cb9d0d2d17,Biedronka,Przysmak dla psów łosoś Activ'Pet,Activ'pet,,,2026-10-01,2026-10-03,526608,Od czwartku,2026-10-01,2026-10-07,16,https://blix.pl/sklep/biedronka/gazetka/526608/?pageNumber=16,https://imgproxy.blix.pl/product_occurrence//c74a22fe-ee58-49d6-8847-8b5693b77b42.jpg,2026-10-01
01a0f315-96c2-7824-8b40-86cb9dc1283c,Biedronka,Przysmak dentystyczny dla psów Dental Sticks Medium Activ'Pet,Activ'pet,,,2026-10-01,2026-10-03,526608,Od czwartku,2026-10-01,2026-10-07,16,https://blix.pl/sklep/biedronka/gazetka/526608/?pageNumber=16,https://imgproxy.blix.pl/product_occurrence//a339155e-cec6-497d-9a23-06ff0c5338fd.jpg,2026-10-01
01a0f315-96c2-77d4-8b40-86cb9d12026e,Biedronka,Przysmak dla psów filety kaczka Activ'Pet,Activ'pet,,,2026-10-01,2026-10-03,526608,Od czwartku,2026-10-01,2026-10-07,16,https://blix.pl/sklep/biedronka/gazetka/526608/?pageNumber=16,https://imgproxy.blix.pl/product_occurrence//9f2aad03-1718-4ca0-8757-991a08380bad.jpg,2026-10-01
01a0f315-96c2-7890-8b40-86cb9e5f5881,Biedronka,Przysmak dla psów paluszki Activ'Pet,Activ'pet,,,2026-10-01,2026-10-03,526608,Od czwartku,2026-10-01,2026-10-07,16,https://blix.pl/sklep/biedronka/gazetka/526608/?pageNumber=16,https://imgproxy.blix.pl/product_occurrence//670de660-d009-4cbc-b22e-57f6c6e6911d.jpg,2026-10-01
01a0f315-96c2-7900-8b40-86cb9e9a42c8,Biedronka,Przysmak dla psów kostki z wapniem Activ'Pet,Activ'pet,,,2026-10-01,2026-10-03,526608,Od czwartku,2026-10-01,2026-10-07,16,https://blix.pl/sklep/biedronka/gazetka/526608/?pageNumber=16,https://imgproxy.blix.pl/product_occurrence//f83aa536-ccc9-4962-be05-2653e8c95179.jpg,2026-10-01
01a0f315-96c2-7954-8b40-86cb9f284c41,Biedronka,Przysmak dla psów maczugi Activ'Pet,Activ'pet,,,2026-10-01,2026-10-03,526608,Od czwartku,2026-10-01,2026-10-07,16,https://blix.pl/sklep/biedronka/gazetka/526608/?pageNumber=16,https://imgproxy.blix.pl/product_occurrence//fca224ae-8749-4240-987d-34598cf0ad5d.jpg,2026-10-01
01a0f315-96c2-79e8-8b40-86cba062e8f1,Biedronka,Karmy dla kota w puszkach Kitty,Kitty,,,2026-10-01,2026-10-03,526608,Od czwartku,2026-10-01,2026-10-07,16,https://blix.pl/sklep/biedronka/gazetka/526608/?pageNumber=16,https://imgproxy.blix.pl/product_occurrence//3694c2b5-e626-439d-9f1e-9dc337a1dca6.jpg,2026-10-01
01a0f315-96c2-79a0-8b40-86cb9f9c63f7,Biedronka,Przysmak dla psów sushi Activ'Pet,Activ'pet,,,2026-10-01,2026-10-03,526608,Od czwartku,2026-10-01,2026-10-07,16,https://blix.pl/sklep/biedronka/gazetka/526608/?pageNumber=16,https://imgproxy.blix.pl/product_occurrence//5d080886-6e17-48e2-a4ab-4ffc6b381b17.jpg,2026-10-01
01a0f315-96c2-7a34-8b40-86cba09e7fa6,Biedronka,Karma dla kota kawałki w galaretce bogata w wołowinę Kitty,Kitty,,,2026-10-01,2026-10-03,526608,Od czwartku,2026-10-01,2026-10-07,16,https://blix.pl/sklep/biedronka/gazetka/526608/?pageNumber=16,https://imgproxy.blix.pl/product_occurrence//a10ab709-4069-4791-98e4-35846ebef5e8.jpg,2026-10-01
01a0f315-96c2-7a7c-8b40-86cba0e0ede5,Biedronka,Karma dla kota kawałki w sosie wołowina i wątróbka Kitty,Kitty,,,2026-10-01,2026-10-03,526608,Od czwartku,2026-10-01,2026-10-07,16,https://blix.pl/sklep/biedronka/gazetka/526608/?pageNumber=16,https://imgproxy.blix.pl/product_occurrence//ae4618bd-f965-4f01-a6c7-e9bf10ad51f8.jpg,2026-10-01
01a0f315-96c2-7ae8-8b40-86cba15ac3b8,Biedronka,Karma dla kota kawałki w sosie kurczak i cielęcina Kitty,Kitty,,,2026-10-01,2026-10-03,526608,Od czwartku,2026-10-01,2026-10-07,16,https://blix.pl/sklep/biedronka/gazetka/526608/?pageNumber=16,https://imgproxy.blix.pl/product_occurrence//1c9ba10e-fa93-4ead-8504-7eeb96ceb857.jpg,2026-10-01
01a0f315-96c2-7b44-8b40-86cba24566ec,Biedronka,Karma dla kota kawałki w sosie bogata w indyka Kitty,Kitty,,,2026-10-01,2026-10-03,526608,Od czwartku,2026-10-01,2026-10-07,16,https://blix.pl/sklep/biedronka/gazetka/526608/?pageNumber=16,https://imgproxy.blix.pl/product_occurrence//bbb5a703-cc72-4932-bbcb-b8344ae3d741.jpg,2026-10-01
01a0f315-96c2-7be8-8b40-86cba38ea782,Biedronka,Karma dla kota pasztet z tuńczykiem Kitty,Kitty,,,2026-10-01,2026-10-03,526608,Od czwartku,2026-10-01,2026-10-07,16,https://blix.pl/sklep/biedronka/gazetka/526608/?pageNumber=16,https://imgproxy.blix.pl/product_occurrence//5f6e0e7c-5607-4a6c-af5b-09348a85b371.jpg,2026-10-01
01a0f315-96c2-7b8c-8b40-86cba31f5b34,Biedronka,Karma dla kota pasztet z królikiem Kitty,Kitty,,,2026-10-01,2026-10-03,526608,Od czwartku,2026-10-01,2026-10-07,16,https://blix.pl/sklep/biedronka/gazetka/526608/?pageNumber=16,https://imgproxy.blix.pl/product_occurrence//7d0d3cea-bd85-4104-92fb-b2dc9f3d1849.jpg,2026-10-01
01a0f316-3fc6-7ed1-a03a-205dddce0325,Biedronka,Sucha karma dla psa z wołowiną i warzywami Pedigree,Pedigree,74.99,,2026-10-01,2026-10-03,526608,Od czwartku,2026-10-01,2026-10-07,17,https://blix.pl/sklep/biedronka/gazetka/526608/?pageNumber=17,https://imgproxy.blix.pl/product_occurrence//03237010-bf09-4eae-9bdc-57c8b0137f2c.jpg,2026-10-01
01a0f316-3fef-70e0-b076-78e4aa73127f,Biedronka,Kiełbasa sucha krakowska z szynki Olewnik,Olewnik,7.59,,2026-10-01,2026-10-03,526608,Od czwartku,2026-10-01,2026-10-07,18,https://blix.pl/sklep/biedronka/gazetka/526608/?pageNumber=18,https://imgproxy.blix.pl/product_occurrence//aeadb52c-7d35-427f-aab6-8d1f266406d1.jpg,2026-10-01
01a0f316-3fef-7024-b076-78e4a9be1571,Biedronka,Filet pieczony z kurczaka Duda,Duda,7.99,,2026-10-01,2026-10-03,526608,Od czwartku,2026-10-01,2026-10-07,18,https://blix.pl/sklep/biedronka/gazetka/526608/?pageNumber=18,https://imgproxy.blix.pl/product_occurrence//8c00fc11-1672-44d6-9b91-bcc09b268900.jpg,2026-10-01
01a0f316-3fef-7234-b076-78e4aba2aa65,Biedronka,Sałatka Lisner warzywno-jajeczna z kurkami,Lisner,7.99,,2026-10-01,2026-10-03,526608,Od czwartku,2026-10-01,2026-10-07,18,https://blix.pl/sklep/biedronka/gazetka/526608/?pageNumber=18,https://imgproxy.blix.pl/product_occurrence//7a4fe9ea-3abc-43d0-b742-019e66c0689e.jpg,2026-10-01
01a0f316-3fef-7140-b076-78e4aa89f59d,Biedronka,Parówki Krakus,Krakus,6.49,,2026-10-01,2026-10-03,526608,Od czwartku,2026-10-01,2026-10-07,18,https://blix.pl/sklep/biedronka/gazetka/526608/?pageNumber=18,https://imgproxy.blix.pl/product_occurrence//d5b9ff41-fad0-47f1-aaf2-fe8ea2a622e3.jpg,2026-10-01
01a0f316-3fef-719c-b076-78e4ab66798f,Biedronka,Parówki Gryzzale Tarczyński,Tarczyński,5.99,,2026-10-01,2026-10-03,526608,Od czwartku,2026-10-01,2026-10-07,18,https://blix.pl/sklep/biedronka/gazetka/526608/?pageNumber=18,https://imgproxy.blix.pl/product_occurrence//783f55a6-d2d7-4150-b0c2-cb6a819aa47e.jpg,2026-10-01
01a0f316-3fef-72b8-b076-78e4ac6c2d9e,Biedronka,Sałatka Lisner gyros z kurczakiem,Lisner,7.99,,2026-10-01,2026-10-03,526608,Od czwartku,2026-10-01,2026-10-07,18,https://blix.pl/sklep/biedronka/gazetka/526608/?pageNumber=18,https://imgproxy.blix.pl/product_occurrence//a43ddbd3-a977-4aa8-843a-0312bb7316db.jpg,2026-10-01
01a0f316-3fef-732c-b076-78e4ac6f2785,Biedronka,Jogurt Nestle Kit Kat,Nestle,3.49,,2026-10-01,2026-10-03,526608,Od czwartku,2026-10-01,2026-10-07,18,https://blix.pl/sklep/biedronka/gazetka/526608/?pageNumber=18,https://imgproxy.blix.pl/product_occurrence//17468fa5-1f28-4aa2-ba62-b26f9cda6711.jpg,2026-10-01
01a0f316-3fef-7394-b076-78e4ac797e3e,Biedronka,Jogurt Nestle Nesquik,Nestle,3.49,,2026-10-01,2026-10-03,526608,Od czwartku,2026-10-01,2026-10-07,18,https://blix.pl/sklep/biedronka/gazetka/526608/?pageNumber=18,https://imgproxy.blix.pl/product_occurrence//aa084f63-08d6-4188-8ca3-ff3df864c928.jpg,2026-10-01
01a0f316-3fef-73f0-b076-78e4ad70dcd1,Biedronka,Margaryna Optima Cardio active,Optima,9.99,,2026-10-01,2026-10-03,526608,Od czwartku,2026-10-01,2026-10-07,18,https://blix.pl/sklep/biedronka/gazetka/526608/?pageNumber=18,https://imgproxy.blix.pl/product_occurrence//f0d37bcc-b4b7-47b4-bf68-5fcf63cb905a.jpg,2026-10-01
01a0f316-3fef-745c-b076-78e4ad8468df,Biedronka,Płyn do prania Ariel Color 50 prań,Ariel,39.99,,2026-10-01,2026-10-03,526608,Od czwartku,2026-10-01,2026-10-07,18,https://blix.pl/sklep/biedronka/gazetka/526608/?pageNumber=18,https://imgproxy.blix.pl/product_occurrence//2509518d-0458-488e-915a-10876d6a637d.jpg,2026-10-01
01a0f316-4082-7ba9-bd67-c01e214f4331,Biedronka,Kapsułki Somat 4w1,Somat,29.99,,2026-10-01,2026-10-03,526608,Od czwartku,2026-10-01,2026-10-07,19,https://blix.pl/sklep/biedronka/gazetka/526608/?pageNumber=19,https://imgproxy.blix.pl/product_occurrence//dd09d857-c9a1-48cf-b03b-92d0d0e5ee0f.jpg,2026-10-01
01a0f316-40b2-7331-9b98-5d0d37e91557,Biedronka,Śledzik na raz Lisner w oleju z suszonymi pomidorami,Lisner,2.80,,2026-10-01,2026-10-03,526608,Od czwartku,2026-10-01,2026-10-07,20,https://blix.pl/sklep/biedronka/gazetka/526608/?pageNumber=20,https://imgproxy.blix.pl/product_occurrence//4c71cf71-2acd-4ef4-b8c5-4b0823f752d1.jpg,2026-10-01
01a0f316-40b2-74e1-9b98-5d0d38f4b83c,Biedronka,Śledzik na raz Lisner w oleju z cebulką,Lisner,2.80,,2026-10-01,2026-10-03,526608,Od czwartku,2026-10-01,2026-10-07,20,https://blix.pl/sklep/biedronka/gazetka/526608/?pageNumber=20,https://imgproxy.blix.pl/product_occurrence//202dbead-4607-4787-866a-008b98906bb5.jpg,2026-10-01
01a0f316-40b2-7451-9b98-5d0d389b64d7,Biedronka,Śledzik na raz Lisner w sosie grzybowym kurki,Lisner,2.80,,2026-10-01,2026-10-03,526608,Od czwartku,2026-10-01,2026-10-07,20,https://blix.pl/sklep/biedronka/gazetka/526608/?pageNumber=20,https://imgproxy.blix.pl/product_occurrence//63203749-8318-4004-b9c5-eb77108b3f83.jpg,2026-10-01
01a0f316-40b2-7575-9b98-5d0d39d53f3d,Biedronka,Szynka jak u dziadka Sokołów,Sokołów,9.99,,2026-10-01,2026-10-03,526608,Od czwartku,2026-10-01,2026-10-07,20,https://blix.pl/sklep/biedronka/gazetka/526608/?pageNumber=20,https://imgproxy.blix.pl/product_occurrence//2385141b-1889-4304-9bae-c2f801bef5f6.jpg,2026-10-01
01a0f316-40b2-75f1-9b98-5d0d3a1bd99a,Biedronka,Schab jak u dziadka Sokołów,Sokołów,9.99,,2026-10-01,2026-10-03,526608,Od czwartku,2026-10-01,2026-10-07,20,https://blix.pl/sklep/biedronka/gazetka/526608/?pageNumber=20,https://imgproxy.blix.pl/product_occurrence//1153d70f-c54b-42e1-8977-004796e1311f.jpg,2026-10-01
01a0f316-40b2-7651-9b98-5d0d3a4fe13c,Biedronka,Jogurt wysokobiałkowy Bakoma x KSW banan-cytryna,Bakoma,6.99,,2026-10-01,2026-10-03,526608,Od czwartku,2026-10-01,2026-10-07,20,https://blix.pl/sklep/biedronka/gazetka/526608/?pageNumber=20,https://imgproxy.blix.pl/product_occurrence//2aff8ebe-d167-4e42-86ed-d0e3747de93c.jpg,2026-10-01
01a0f316-40b2-76c9-9b98-5d0d3acd6c3f,Biedronka,Jogurt wysokobiałkowy Bakoma x KSW gruszka z nutą karmelu,Bakoma,6.99,,2026-10-01,2026-10-03,526608,Od czwartku,2026-10-01,2026-10-07,20,https://blix.pl/sklep/biedronka/gazetka/526608/?pageNumber=20,https://imgproxy.blix.pl/product_occurrence//067467e9-5455-4fee-a094-093449b06bec.jpg,2026-10-01
01a0f316-40b2-774d-9b98-5d0d3bc1018d,Biedronka,Jogurt wysokobiałkowy Bakoma x KSW truskawka-malina,Bakoma,6.99,,2026-10-01,2026-10-03,526608,Od czwartku,2026-10-01,2026-10-07,20,https://blix.pl/sklep/biedronka/gazetka/526608/?pageNumber=20,https://imgproxy.blix.pl/product_occurrence//eee01131-87a8-4dc9-b07d-2040bf52d4b6.jpg,2026-10-01
01a0f316-4130-7233-87c4-2c87968ca7fa,Biedronka,Puszysty serek twarogowy lekki z ziołami Almette,Almette,3.99,,2026-10-01,2026-10-03,526608,Od czwartku,2026-10-01,2026-10-07,21,https://blix.pl/sklep/biedronka/gazetka/526608/?pageNumber=21,https://imgproxy.blix.pl/product_occurrence//75e82be3-5998-4cf9-9454-6fb202766c67.jpg,2026-10-01
01a0f316-4130-72f7-87c4-2c879773e145,Biedronka,Puszysty serek twarogowy śmietankowy Almette,Almette,3.99,,2026-10-01,2026-10-03,526608,Od czwartku,2026-10-01,2026-10-07,21,https://blix.pl/sklep/biedronka/gazetka/526608/?pageNumber=21,https://imgproxy.blix.pl/product_occurrence//c5bade9b-ebd8-40c0-89e1-e5e0ce8061c3.jpg,2026-10-01
01a0f317-0967-7ce5-bd4d-270c5b4d7f91,Biedronka,Pomidory malinowe polskie układane na wagę,Biedronka,5.99,,2026-10-01,2026-10-03,526608,Od czwartku,2026-10-01,2026-10-07,22,https://blix.pl/sklep/biedronka/gazetka/526608/?pageNumber=22,https://imgproxy.blix.pl/product_occurrence//483bf8a4-dd83-45f7-a8e0-cabe784fd4a4.jpg,2026-10-01
01a0f317-0967-7e09-bd4d-270c5b9fe10a,Biedronka,Kurki,Biedronka,8.99,,2026-10-01,2026-10-03,526608,Od czwartku,2026-10-01,2026-10-07,22,https://blix.pl/sklep/biedronka/gazetka/526608/?pageNumber=22,https://imgproxy.blix.pl/product_occurrence//bf8e5487-3f5f-4106-9801-e17db9a1ab32.jpg,2026-10-01
01a0f317-0967-7f25-bd4d-270c5c06001b,Biedronka,Brokuł,Biedronka,3.89,,2026-10-01,2026-10-03,526608,Od czwartku,2026-10-01,2026-10-07,22,https://blix.pl/sklep/biedronka/gazetka/526608/?pageNumber=22,https://imgproxy.blix.pl/product_occurrence//08e51c90-0adb-441d-bb1e-af3230d97af0.jpg,2026-10-01
01a0f317-0968-7037-9900-f5d6eaea6c99,Biedronka,Śliwki polskie na wagę,Biedronka,3.99,,2026-10-01,2026-10-03,526608,Od czwartku,2026-10-01,2026-10-07,22,https://blix.pl/sklep/biedronka/gazetka/526608/?pageNumber=22,https://imgproxy.blix.pl/product_occurrence//4381b2bb-d477-4c01-bd4f-b0270ee02c2a.jpg,2026-10-01
01a0f317-0968-70bf-9900-f5d6ebd06595,Biedronka,Winogrona na wagę,Biedronka,5.99,,2026-10-01,2026-10-03,526608,Od czwartku,2026-10-01,2026-10-07,22,https://blix.pl/sklep/biedronka/gazetka/526608/?pageNumber=22,https://imgproxy.blix.pl/product_occurrence//11dc3832-b50b-49dd-a658-b679b6b8cbd3.jpg,2026-10-01
01a0f317-09ce-75a7-aa1a-9e4a329fdfc1,Biedronka,Winogrona jasne,Biedronka,5.99,,2026-10-01,2026-10-03,526608,Od czwartku,2026-10-01,2026-10-07,23,https://blix.pl/sklep/biedronka/gazetka/526608/?pageNumber=23,https://imgproxy.blix.pl/product_occurrence//e20d86f3-3217-448a-9528-f85f4a368a0c.jpg,2026-10-01
01a0f317-09ce-7713-aa1a-9e4a33f2141c,Biedronka,Gruszki Konferencja,Biedronka,4.99,,2026-10-01,2026-10-03,526608,Od czwartku,2026-10-01,2026-10-07,23,https://blix.pl/sklep/biedronka/gazetka/526608/?pageNumber=23,https://imgproxy.blix.pl/product_occurrence//f0e140b8-5cfb-4161-b7a4-cc3348736cb8.jpg,2026-10-01
01a0f317-09ce-7773-aa1a-9e4a348786ae,Biedronka,Figa świeża,Biedronka,0.99,,2026-10-01,2026-10-03,526608,Od czwartku,2026-10-01,2026-10-07,23,https://blix.pl/sklep/biedronka/gazetka/526608/?pageNumber=23,https://imgproxy.blix.pl/product_occurrence//de266643-095a-453d-9fd0-4d644e008a69.jpg,2026-10-01
01a0f317-09ce-77cb-aa1a-9e4a34fbec6d,Biedronka,Awokado,Biedronka,3.49,,2026-10-01,2026-10-03,526608,Od czwartku,2026-10-01,2026-10-07,23,https://blix.pl/sklep/biedronka/gazetka/526608/?pageNumber=23,https://imgproxy.blix.pl/product_occurrence//401ee5e9-c010-4f0a-8146-b88a893e114b.jpg,2026-10-01
01a0f317-09ce-769b-aa1a-9e4a339df18a,Biedronka,Jabłka polskie czerwone,Biedronka,2.99,,2026-10-01,2026-10-03,526608,Od czwartku,2026-10-01,2026-10-07,23,https://blix.pl/sklep/biedronka/gazetka/526608/?pageNumber=23,https://imgproxy.blix.pl/product_occurrence//7e8eae11-d6aa-407f-a004-f411ed883919.jpg,2026-10-01
01a0f317-0a21-7c81-9372-d9b33b5e5280,Biedronka,Maliny polskie,Biedronka,8.99,,2026-10-01,2026-10-03,526608,Od czwartku,2026-10-01,2026-10-07,24,https://blix.pl/sklep/biedronka/gazetka/526608/?pageNumber=24,https://imgproxy.blix.pl/product_occurrence//9f2d3d14-1a22-4783-a971-6694b5297d6d.jpg,2026-10-01
01a0f317-0a21-7bad-9372-d9b33b2a1a67,Biedronka,Jabłka polskie,Biedronka,2.98,,2026-10-01,2026-10-03,526608,Od czwartku,2026-10-01,2026-10-07,24,https://blix.pl/sklep/biedronka/gazetka/526608/?pageNumber=24,https://imgproxy.blix.pl/product_occurrence//74c0b5a7-f2b7-4ad0-bde6-f473cb9c34e1.jpg,2026-10-01
01a0f317-0a21-7cf5-9372-d9b33c306706,Biedronka,Borówki amerykańskie XL,Biedronka,9.99,,2026-10-01,2026-10-03,526608,Od czwartku,2026-10-01,2026-10-07,24,https://blix.pl/sklep/biedronka/gazetka/526608/?pageNumber=24,https://imgproxy.blix.pl/product_occurrence//5f0b1098-f593-4c31-9327-4a7c0109d553.jpg,2026-10-01
01a0f317-0a21-7d51-9372-d9b33ca060fb,Biedronka,Ziemniaki jadalne,Biedronka,3.99,,2026-10-01,2026-10-03,526608,Od czwartku,2026-10-01,2026-10-07,24,https://blix.pl/sklep/biedronka/gazetka/526608/?pageNumber=24,https://imgproxy.blix.pl/product_occurrence//053bb787-de6b-40d7-8c55-8e5e7275f49b.jpg,2026-10-01
01a0f317-0a21-7dfd-9372-d9b33e1d1e42,Biedronka,Czosnek galicyjski,Biedronka,3.99,,2026-10-01,2026-10-01,526608,Od czwartku,2026-10-01,2026-10-07,24,https://blix.pl/sklep/biedronka/gazetka/526608/?pageNumber=24,https://imgproxy.blix.pl/product_occurrence//9c62a913-810d-4d52-9462-a43ea433f3c3.jpg,2026-10-01
01a0f317-0a21-7da5-9372-d9b33d2e789c,Biedronka,Cebula żółta,Biedronka,1.99,,2026-10-01,2026-10-03,526608,Od czwartku,2026-10-01,2026-10-07,24,https://blix.pl/sklep/biedronka/gazetka/526608/?pageNumber=24,https://imgproxy.blix.pl/product_occurrence//3f0f0203-aff9-4f17-a6d2-9cfa5bbf9b8f.jpg,2026-10-01
01a0f317-0a21-7e71-9372-d9b33ececf94,Biedronka,Kukurydza mini,Biedronka,5.99,,2026-10-01,2026-10-01,526608,Od czwartku,2026-10-01,2026-10-07,24,https://blix.pl/sklep/biedronka/gazetka/526608/?pageNumber=24,https://imgproxy.blix.pl/product_occurrence//5354ddbb-6372-4d5d-8b9d-a94a05bc9e95.jpg,2026-10-01
01a0f317-0a95-7735-bbbd-38d87264c658,Biedronka,Ananas na wagę,Biedronka,7.99,,2026-10-01,2026-10-03,526608,Od czwartku,2026-10-01,2026-10-07,25,https://blix.pl/sklep/biedronka/gazetka/526608/?pageNumber=25,https://imgproxy.blix.pl/product_occurrence//98cc2bb3-b3ff-4183-9ecb-d105df6c7e2d.jpg,2026-10-01
01a0f317-0a95-7885-bbbd-38d8728a5577,Biedronka,Jabłka polskie Lobo na wagę,Biedronka,3.99,,2026-10-01,2026-10-03,526608,Od czwartku,2026-10-01,2026-10-07,25,https://blix.pl/sklep/biedronka/gazetka/526608/?pageNumber=25,https://imgproxy.blix.pl/product_occurrence//e7befe7c-6d40-4519-a9f5-7d206216516f.jpg,2026-10-01
01a0f317-0a95-7989-bbbd-38d874007de3,Biedronka,Mandarynki,Biedronka,8.99,,2026-10-01,2026-10-03,526608,Od czwartku,2026-10-01,2026-10-07,25,https://blix.pl/sklep/biedronka/gazetka/526608/?pageNumber=25,https://imgproxy.blix.pl/product_occurrence//6750471d-2b1c-4246-a4b1-458951ad6245.jpg,2026-10-01
01a0f317-0a95-7925-bbbd-38d873584274,Biedronka,Cytryny na wagę,Biedronka,5.99,,2026-10-01,2026-10-03,526608,Od czwartku,2026-10-01,2026-10-07,25,https://blix.pl/sklep/biedronka/gazetka/526608/?pageNumber=25,https://imgproxy.blix.pl/product_occurrence//35fbcd94-13e5-4ca3-bc05-eb3f354e870a.jpg,2026-10-01
01a0f317-0a95-79e1-bbbd-38d8740c5040,Biedronka,Brzoskwinie,Biedronka,3.99,,2026-10-01,2026-10-03,526608,Od czwartku,2026-10-01,2026-10-07,25,https://blix.pl/sklep/biedronka/gazetka/526608/?pageNumber=25,https://imgproxy.blix.pl/product_occurrence//b7e78435-a9ba-4a7e-90b8-c6f684021fa7.jpg,2026-10-01
01a0f317-0a95-7a3d-bbbd-38d874a07062,Biedronka,"Winogrona bio jasne Hey, Vita!","Hey, Vita!",7.99,,2026-10-01,2026-10-03,526608,Od czwartku,2026-10-01,2026-10-07,25,https://blix.pl/sklep/biedronka/gazetka/526608/?pageNumber=25,https://imgproxy.blix.pl/product_occurrence//0c698517-baa0-43a8-be69-c4953dd61eb8.jpg,2026-10-01
01a0f317-0a95-7a99-bbbd-38d87563b721,Biedronka,"Winogrona bio ciemne Hey, Vita!","Hey, Vita!",7.99,,2026-10-01,2026-10-03,526608,Od czwartku,2026-10-01,2026-10-07,25,https://blix.pl/sklep/biedronka/gazetka/526608/?pageNumber=25,https://imgproxy.blix.pl/product_occurrence//2fa918e7-43b5-4c68-8d45-489de493ff0b.jpg,2026-10-01
01a0f317-0b11-742d-ab7d-0cdd0190bbad,Biedronka,Borówka amerykańska XL Sekoya,Sekoya,9.99,,2026-10-01,2026-10-03,526608,Od czwartku,2026-10-01,2026-10-07,26,https://blix.pl/sklep/biedronka/gazetka/526608/?pageNumber=26,https://imgproxy.blix.pl/product_occurrence//32807567-7d68-4d1e-bfc0-90048313281a.jpg,2026-10-01
01a0f317-a53b-79ca-ba91-e1c62c3b49f3,Biedronka,Imbir na wagę,Biedronka,14.99,,2026-10-01,2026-10-03,526608,Od czwartku,2026-10-01,2026-10-07,27,https://blix.pl/sklep/biedronka/gazetka/526608/?pageNumber=27,https://imgproxy.blix.pl/product_occurrence//486a2eb0-5c8c-47f2-8264-d26de25935ec.jpg,2026-10-01
01a0f317-a572-72d9-896e-d938f17caa08,Biedronka,Łopatka wieprzowa bez kości pakowana próżniowo Kraina Mięs,Kraina Mięs,5.00,,2026-10-01,2026-10-03,526608,Od czwartku,2026-10-01,2026-10-07,28,https://blix.pl/sklep/biedronka/gazetka/526608/?pageNumber=28,https://imgproxy.blix.pl/product_occurrence//a8ddfc77-d931-46fc-b184-2f08d69449e9.jpg,2026-10-01
01a0f317-a572-7389-896e-d938f1d611f8,Biedronka,Schab wieprzowy bez kości pakowany próżniowo Kraina Mięs,Kraina Mięs,9.99,,2026-10-01,2026-10-03,526608,Od czwartku,2026-10-01,2026-10-07,28,https://blix.pl/sklep/biedronka/gazetka/526608/?pageNumber=28,https://imgproxy.blix.pl/product_occurrence//86944952-ac02-46e3-98c9-c2363df4ed85.jpg,2026-10-01
01a0f317-a5a9-7b1c-9b41-164e53c23e0c,Biedronka,Mięso mielone z łopatki wieprzowej Kraina Mięs,Kraina Mięs,5.49,,2026-10-01,2026-10-03,526608,Od czwartku,2026-10-01,2026-10-07,29,https://blix.pl/sklep/biedronka/gazetka/526608/?pageNumber=29,https://imgproxy.blix.pl/product_occurrence//80cbcf99-ecb0-47f4-aab2-9af55e13fdb3.jpg,2026-10-01
01a0f317-a5a9-7be0-9b41-164e53e4000f,Biedronka,Boczek wieprzowy bez kości i skóry pakowany próżniowo Kraina Mięs,Kraina Mięs,9.99,,2026-10-01,2026-10-03,526608,Od czwartku,2026-10-01,2026-10-07,29,https://blix.pl/sklep/biedronka/gazetka/526608/?pageNumber=29,https://imgproxy.blix.pl/product_occurrence//fd3f9e4c-6e76-4f2c-bb1c-866417a930b0.jpg,2026-10-01
01a0f317-a5e9-782b-ad50-63628b064a36,Biedronka,Stek wołowy z antrykotu Kraina Mięs,Kraina Mięs,6.49,,2026-10-01,2026-10-03,526608,Od czwartku,2026-10-01,2026-10-07,30,https://blix.pl/sklep/biedronka/gazetka/526608/?pageNumber=30,https://imgproxy.blix.pl/product_occurrence//60d430fe-e78d-448e-943b-b77ee223d070.jpg,2026-10-01
01a0f317-a5e9-7713-ad50-63628a873245,Biedronka,Filet z piersi kurczaka bez antybiotyków Kraina Mięs Select Kurczak farmerski,Kraina Mięs Select,29.99,,2026-10-01,2026-10-03,526608,Od czwartku,2026-10-01,2026-10-07,30,https://blix.pl/sklep/biedronka/gazetka/526608/?pageNumber=30,https://imgproxy.blix.pl/product_occurrence//01d06e87-dbda-492e-8ff5-720eb010cc7c.jpg,2026-10-01
01a0f317-a5e9-78ab-ad50-63628b4635a2,Biedronka,Stek wołowy z rostbefu Kraina Mięs,Kraina Mięs,6.49,,2026-10-01,2026-10-03,526608,Od czwartku,2026-10-01,2026-10-07,30,https://blix.pl/sklep/biedronka/gazetka/526608/?pageNumber=30,https://imgproxy.blix.pl/product_occurrence//4c8ae9aa-5807-499f-a0d3-34f92c2f6b76.jpg,2026-10-01
01a0f317-a5e9-796b-ad50-63628d33c00e,Biedronka,Flaki wołowe gotowane krojone Kraina Mięs,Kraina Mięs,8.99,,2026-10-01,2026-10-03,526608,Od czwartku,2026-10-01,2026-10-07,30,https://blix.pl/sklep/biedronka/gazetka/526608/?pageNumber=30,https://imgproxy.blix.pl/product_occurrence//0f7a1733-cc2f-45f8-9692-65b95541153e.jpg,2026-10-01
01a0f317-a5e9-790b-ad50-63628c366d90,Biedronka,Kiełbasa biała surowa premium Kraina Mięs,Kraina Mięs,7.99,,2026-10-01,2026-10-03,526608,Od czwartku,2026-10-01,2026-10-07,30,https://blix.pl/sklep/biedronka/gazetka/526608/?pageNumber=30,https://imgproxy.blix.pl/product_occurrence//b10cdf8d-f8b0-45a1-9200-9532029b51d9.jpg,2026-10-01
01a0f317-a5e9-7a1f-ad50-63628e8291f7,Biedronka,Burger wołowy Kraina Mięs,Kraina Mięs,6.99,,2026-10-01,2026-10-03,526608,Od czwartku,2026-10-01,2026-10-07,30,https://blix.pl/sklep/biedronka/gazetka/526608/?pageNumber=30,https://imgproxy.blix.pl/product_occurrence//bca39ea6-ca0e-435d-b5e9-2b99e29c2ce7.jpg,2026-10-01
01a0f317-a5e9-79c3-ad50-63628dd17d38,Biedronka,Karkówka wieprzowa bez kości kotlety Kraina Mięs,Kraina Mięs,12.99,,2026-10-01,2026-10-03,526608,Od czwartku,2026-10-01,2026-10-07,30,https://blix.pl/sklep/biedronka/gazetka/526608/?pageNumber=30,https://imgproxy.blix.pl/product_occurrence//a945084d-ae08-4bc9-b4a3-f8d2f8851166.jpg,2026-10-01
01a0f317-a5e9-7a77-ad50-63628f7032b2,Biedronka,Podudzie z indyka pakowane próżniowo Kraina Mięs,Kraina Mięs,11.99,,2026-10-01,2026-10-03,526608,Od czwartku,2026-10-01,2026-10-07,30,https://blix.pl/sklep/biedronka/gazetka/526608/?pageNumber=30,https://imgproxy.blix.pl/product_occurrence//965e9d3d-df4e-4126-8eee-7c1f60ffd610.jpg,2026-10-01
01a0f317-a5e9-7acb-ad50-63628fd86f39,Biedronka,Paski z fileta z kurczaka,Biedronka,12.99,,2026-10-01,2026-10-03,526608,Od czwartku,2026-10-01,2026-10-07,30,https://blix.pl/sklep/biedronka/gazetka/526608/?pageNumber=30,https://imgproxy.blix.pl/product_occurrence//3783e85b-2673-4a8d-9149-991f4fced203.jpg,2026-10-01
01a0f317-a67f-7c70-b4bf-2cdf05fe56dc,Biedronka,Polędwiczki z kurczaka Mega Paka Kraina Mięs,Kraina Mięs,24.99,,2026-10-01,2026-10-03,526608,Od czwartku,2026-10-01,2026-10-07,31,https://blix.pl/sklep/biedronka/gazetka/526608/?pageNumber=31,https://imgproxy.blix.pl/product_occurrence//eec24fc2-50ee-4c39-b8a0-49018a940a2b.jpg,2026-10-01
01a0f317-a67f-7df4-b4bf-2cdf074b194f,Biedronka,Przepiórka świeża,Biedronka,13.99,,2026-10-01,2026-10-03,526608,Od czwartku,2026-10-01,2026-10-07,31,https://blix.pl/sklep/biedronka/gazetka/526608/?pageNumber=31,https://imgproxy.blix.pl/product_occurrence//d9279a86-fa84-4763-aa25-5fa24d6a0685.jpg,2026-10-01
01a0f317-a67f-7d74-b4bf-2cdf066305a2,Biedronka,Mięso mielone wołowe Kraina Mięs,Kraina Mięs,12.99,,2026-10-01,2026-10-03,526608,Od czwartku,2026-10-01,2026-10-07,31,https://blix.pl/sklep/biedronka/gazetka/526608/?pageNumber=31,https://imgproxy.blix.pl/product_occurrence//a8847d89-6a87-442a-b700-3e1e91d160d3.jpg,2026-10-01
01a0f317-a67f-7e64-b4bf-2cdf075b4072,Biedronka,Stek z ligawy cielęcej Gourmet,Gourmet,25.99,,2026-10-01,2026-10-03,526608,Od czwartku,2026-10-01,2026-10-07,31,https://blix.pl/sklep/biedronka/gazetka/526608/?pageNumber=31,https://imgproxy.blix.pl/product_occurrence//8401b0d3-2a6e-421f-93e9-5fde81c7ea65.jpg,2026-10-01
01a0f317-a67f-7f04-b4bf-2cdf078d2077,Biedronka,Kaczka nadziewana jabłkami i pomarańczami Prosto do piekarnika Biedronka,Biedronka,16.99,,2026-10-01,2026-10-03,526608,Od czwartku,2026-10-01,2026-10-07,31,https://blix.pl/sklep/biedronka/gazetka/526608/?pageNumber=31,https://imgproxy.blix.pl/product_occurrence//1aa522ab-a69d-4820-98e5-ffd14f21e11d.jpg,2026-10-01
01a0f317-a67f-7f9c-b4bf-2cdf07c3c49d,Biedronka,Golonka wieprzowa Wolno Gotowane Kraina Mięs,Kraina Mięs,17.90,,2026-10-01,2026-10-03,526608,Od czwartku,2026-10-01,2026-10-07,31,https://blix.pl/sklep/biedronka/gazetka/526608/?pageNumber=31,https://imgproxy.blix.pl/product_occurrence//b2d66798-0d12-4bd0-91a7-79b8e10be892.jpg,2026-10-01
01a0f318-3753-7918-9230-d601684f023d,Biedronka,Filet z halibuta bez skóry Marinero,Marinero,,,2026-10-01,2026-10-03,526608,Od czwartku,2026-10-01,2026-10-07,32,https://blix.pl/sklep/biedronka/gazetka/526608/?pageNumber=32,https://imgproxy.blix.pl/product_occurrence//64b1fc6d-f8d7-489c-b8ec-c67a6e09fbb6.jpg,2026-10-01
01a0f318-3753-77f0-9230-d60167c98b2f,Biedronka,Krewetki gotowane Marinero,Marinero,14.99,,2026-10-01,2026-10-03,526608,Od czwartku,2026-10-01,2026-10-07,32,https://blix.pl/sklep/biedronka/gazetka/526608/?pageNumber=32,https://imgproxy.blix.pl/product_occurrence//3b11ebb7-8c27-445a-a741-dc28aec32803.jpg,2026-10-01
01a0f318-3753-79cc-9230-d60168b86397,Biedronka,Filet z dorsza atlantyckiego z Grenlandii Marinero,Marinero,,,2026-10-01,2026-10-03,526608,Od czwartku,2026-10-01,2026-10-07,32,https://blix.pl/sklep/biedronka/gazetka/526608/?pageNumber=32,https://imgproxy.blix.pl/product_occurrence//b788db39-74d9-49b4-8260-a078776eb075.jpg,2026-10-01
01a0f318-3753-7a60-9230-d60169563b5d,Biedronka,Filet bez skóry z karmazyna Marinero,Marinero,,,2026-10-01,2026-10-03,526608,Od czwartku,2026-10-01,2026-10-07,32,https://blix.pl/sklep/biedronka/gazetka/526608/?pageNumber=32,https://imgproxy.blix.pl/product_occurrence//507ad321-5a25-4143-8ec4-e6b532e0725a.jpg,2026-10-01
01a0f318-3753-7ae4-9230-d60169e4c062,Biedronka,Polędwica z łososia Superfish,Superfish,,,2026-10-01,2026-10-03,526608,Od czwartku,2026-10-01,2026-10-07,32,https://blix.pl/sklep/biedronka/gazetka/526608/?pageNumber=32,https://imgproxy.blix.pl/product_occurrence//8ffa733d-0be8-4765-a2bb-18f4b976089f.jpg,2026-10-01
01a0f318-3753-7bf8-9230-d6016aabfbc5,Biedronka,Kalmary w cieście Mirko,Mirko,19.99,,2026-10-01,2026-10-03,526608,Od czwartku,2026-10-01,2026-10-07,32,https://blix.pl/sklep/biedronka/gazetka/526608/?pageNumber=32,https://imgproxy.blix.pl/product_occurrence//4f50135e-338a-4d53-b3a7-e3f992ee88f5.jpg,2026-10-01
01a0f318-3753-7b70-9230-d6016a9e4d4c,Biedronka,Krewetki obrane Marinero,Marinero,19.99,,2026-10-01,2026-10-03,526608,Od czwartku,2026-10-01,2026-10-07,32,https://blix.pl/sklep/biedronka/gazetka/526608/?pageNumber=32,https://imgproxy.blix.pl/product_occurrence//85c9e975-0866-4f7e-8410-ade9ac0ead94.jpg,2026-10-01
01a0f318-3753-7c80-9230-d6016ac27de2,Biedronka,Mule w białym winie Norso,Norso,24.99,,2026-10-01,2026-10-03,526608,Od czwartku,2026-10-01,2026-10-07,32,https://blix.pl/sklep/biedronka/gazetka/526608/?pageNumber=32,https://imgproxy.blix.pl/product_occurrence//9f4bdfab-2a18-48fc-abd2-b7245e81da54.jpg,2026-10-01
01a0f318-37f7-7ed8-a4ba-1da886ea83bc,Biedronka,Łosoś norweski wędzony na zimno w plastrach Marinero,Marinero,12.00,,2026-10-01,2026-10-03,526608,Od czwartku,2026-10-01,2026-10-07,33,https://blix.pl/sklep/biedronka/gazetka/526608/?pageNumber=33,https://imgproxy.blix.pl/product_occurrence//e9d160c4-376a-4cb4-ac35-2155ebf2feed.jpg,2026-10-01
01a0f318-37f8-7152-85be-d427184dd37c,Biedronka,Śledzie po kołobrzesku Kapitan Navi,Kapitan Navi,13.99,,2026-10-01,2026-10-03,526608,Od czwartku,2026-10-01,2026-10-07,33,https://blix.pl/sklep/biedronka/gazetka/526608/?pageNumber=33,https://imgproxy.blix.pl/product_occurrence//8ab904d4-1bd5-4d09-b09b-4b5faf41882d.jpg,2026-10-01
01a0f318-37f8-727e-85be-d42719056980,Biedronka,Makrela wędzona tusza Marinero,Marinero,3.79,,2026-10-01,2026-10-03,526608,Od czwartku,2026-10-01,2026-10-07,33,https://blix.pl/sklep/biedronka/gazetka/526608/?pageNumber=33,https://imgproxy.blix.pl/product_occurrence//fd045de4-6196-4dd0-a9b6-7f1ff97063cb.jpg,2026-10-01
01a0f318-37f8-74ce-85be-d4271a84924b,Biedronka,Sushi Sushiko,Sushiko,8.99,,2026-10-01,2026-10-03,526608,Od czwartku,2026-10-01,2026-10-07,33,https://blix.pl/sklep/biedronka/gazetka/526608/?pageNumber=33,https://imgproxy.blix.pl/product_occurrence//f397d2d6-9591-4ab4-ac05-f841683977fe.jpg,2026-10-01
01a0f318-37f8-7936-85be-d4271cb816bb,Biedronka,Sushi Sakura Kuro,Sakura,16.99,,2026-10-01,2026-10-03,526608,Od czwartku,2026-10-01,2026-10-07,33,https://blix.pl/sklep/biedronka/gazetka/526608/?pageNumber=33,https://imgproxy.blix.pl/product_occurrence//3ab2c653-8fa3-4978-9523-dcd18aa99626.jpg,2026-10-01
01a0f318-37f8-77de-85be-d4271c364221,Biedronka,Sushi Sakura Nami,Sakura,16.99,,2026-10-01,2026-10-03,526608,Od czwartku,2026-10-01,2026-10-07,33,https://blix.pl/sklep/biedronka/gazetka/526608/?pageNumber=33,https://imgproxy.blix.pl/product_occurrence//0a04ec3e-9e22-4deb-b267-6c3b8197e308.jpg,2026-10-01
01a0f318-37f8-75ca-85be-d4271b67c7bc,Biedronka,Sushi Toshii,Toshii,11.99,,2026-10-01,2026-10-03,526608,Od czwartku,2026-10-01,2026-10-07,33,https://blix.pl/sklep/biedronka/gazetka/526608/?pageNumber=33,https://imgproxy.blix.pl/product_occurrence//d282bb79-6aef-48c7-b0a8-f19223d3b50c.jpg,2026-10-01
01a0f318-37f8-7a7e-85be-d4271d59aa86,Biedronka,Double Wrap Sakura pieczony łosoś,Sakura,19.99,,2026-10-01,2026-10-03,526608,Od czwartku,2026-10-01,2026-10-07,33,https://blix.pl/sklep/biedronka/gazetka/526608/?pageNumber=33,https://imgproxy.blix.pl/product_occurrence//b8308fde-a319-4b44-ae74-864e8f4eb215.jpg,2026-10-01
01a0f318-37f8-7bee-85be-d4271d7d33d5,Biedronka,Sushi Premium Kyoko,Kyoko,21.99,,2026-10-01,2026-10-03,526608,Od czwartku,2026-10-01,2026-10-07,33,https://blix.pl/sklep/biedronka/gazetka/526608/?pageNumber=33,https://imgproxy.blix.pl/product_occurrence//04b256a7-4160-4957-a1e5-5e4325510792.jpg,2026-10-01
01a0f318-37f8-736e-85be-d42719d23335,Biedronka,Sushi Marinero,Marinero,7.99,,2026-10-01,2026-10-03,526608,Od czwartku,2026-10-01,2026-10-07,33,https://blix.pl/sklep/biedronka/gazetka/526608/?pageNumber=33,https://imgproxy.blix.pl/product_occurrence//cc43ad36-8ce4-4511-bfd8-86c1f5fa2738.jpg,2026-10-01
01a0f318-38ad-713c-930c-954bfefd89ba,Biedronka,Chleb orkiszowy z ziarnami,Biedronka,4.75,,2026-10-01,2026-10-03,526608,Od czwartku,2026-10-01,2026-10-07,34,https://blix.pl/sklep/biedronka/gazetka/526608/?pageNumber=34,https://imgproxy.blix.pl/product_occurrence//45b895a3-b172-446d-b71f-a683c59e6b96.jpg,2026-10-01
01a0f318-38ad-726c-930c-954bff01be62,Biedronka,Bułka codzienna,Biedronka,1.05,,2026-10-01,2026-10-03,526608,Od czwartku,2026-10-01,2026-10-07,34,https://blix.pl/sklep/biedronka/gazetka/526608/?pageNumber=34,https://imgproxy.blix.pl/product_occurrence//25de6449-c662-4ab0-9d16-488aeeb809ba.jpg,2026-10-01
01a0f318-38ad-731c-930c-954bffabddea,Biedronka,Bułka poranna fitness,Biedronka,0.89,,2026-10-01,2026-10-03,526608,Od czwartku,2026-10-01,2026-10-07,34,https://blix.pl/sklep/biedronka/gazetka/526608/?pageNumber=34,https://imgproxy.blix.pl/product_occurrence//c8ef2b10-86ea-4a22-8d8b-1093a6c6a189.jpg,2026-10-01
01a0f318-38ad-73b4-930c-954c00546deb,Biedronka,Bułka z żółtym serem,Biedronka,1.35,,2026-10-01,2026-10-03,526608,Od czwartku,2026-10-01,2026-10-07,34,https://blix.pl/sklep/biedronka/gazetka/526608/?pageNumber=34,https://imgproxy.blix.pl/product_occurrence//c2acdc11-7793-48e3-b725-10af7f9cbafd.jpg,2026-10-01
01a0f318-38ad-7444-930c-954c00635c07,Biedronka,Zapiekanka z pieczarkami serem ketchupem i szynką,Biedronka,3.75,,2026-10-01,2026-10-03,526608,Od czwartku,2026-10-01,2026-10-07,34,https://blix.pl/sklep/biedronka/gazetka/526608/?pageNumber=34,https://imgproxy.blix.pl/product_occurrence//9eef5b37-0c70-4b7a-9475-a2caf49bb1ba.jpg,2026-10-01
01a0f318-38ad-74cc-930c-954c00ee827b,Biedronka,Przekąska kebab,Biedronka,4.09,,2026-10-01,2026-10-03,526608,Od czwartku,2026-10-01,2026-10-07,34,https://blix.pl/sklep/biedronka/gazetka/526608/?pageNumber=34,https://imgproxy.blix.pl/product_occurrence//e491fadb-304a-49f3-a3bc-f1cfdefde108.jpg,2026-10-01
01a0f318-38ad-7588-930c-954c01ec8792,Biedronka,Ciastko duet truskawkowy,Biedronka,1.59,,2026-10-01,2026-10-03,526608,Od czwartku,2026-10-01,2026-10-07,34,https://blix.pl/sklep/biedronka/gazetka/526608/?pageNumber=34,https://imgproxy.blix.pl/product_occurrence//42bb8724-c605-4a78-8387-5608809bafac.jpg,2026-10-01
01a0f318-38ad-7610-930c-954c02b12e3d,Biedronka,Croissant z nadzieniem orzechowo-kakaowym,Biedronka,2.69,,2026-10-01,2026-10-03,526608,Od czwartku,2026-10-01,2026-10-07,34,https://blix.pl/sklep/biedronka/gazetka/526608/?pageNumber=34,https://imgproxy.blix.pl/product_occurrence//c33201ea-b02b-442f-af0c-e552a1c30d00.jpg,2026-10-01
01a0f318-38ad-7698-930c-954c030995ce,Biedronka,Wytrawny donut cheddar jalapeno,Biedronka,4.49,,2026-10-01,2026-10-03,526608,Od czwartku,2026-10-01,2026-10-07,34,https://blix.pl/sklep/biedronka/gazetka/526608/?pageNumber=34,https://imgproxy.blix.pl/product_occurrence//ec74d2bf-8e92-45ba-b1dc-2b8062b31916.jpg,2026-10-01
01a0f318-395c-77aa-9923-e99b929e39c5,Biedronka,Ciabatta,Biedronka,0.99,,2026-10-01,2026-10-03,526608,Od czwartku,2026-10-01,2026-10-07,35,https://blix.pl/sklep/biedronka/gazetka/526608/?pageNumber=35,https://imgproxy.blix.pl/product_occurrence//3f20b44b-ddb9-4231-89a3-f3a0392473b3.jpg,2026-10-01
01a0f318-395c-78da-9923-e99b9381e3e7,Biedronka,Schiacciata,Biedronka,1.99,,2026-10-01,2026-10-03,526608,Od czwartku,2026-10-01,2026-10-07,35,https://blix.pl/sklep/biedronka/gazetka/526608/?pageNumber=35,https://imgproxy.blix.pl/product_occurrence//cf9bfe0c-ec0b-4226-bfe1-57253d6c29eb.jpg,2026-10-01
01a0f318-395c-7992-9923-e99b93b0d6ea,Biedronka,Chleb w stylu włoskim,Biedronka,4.19,,2026-10-01,2026-10-03,526608,Od czwartku,2026-10-01,2026-10-07,35,https://blix.pl/sklep/biedronka/gazetka/526608/?pageNumber=35,https://imgproxy.blix.pl/product_occurrence//2384aa5c-cf96-4e7e-aafd-1cd9137a2591.jpg,2026-10-01
01a0f318-395c-7a2e-9923-e99b9440b795,Biedronka,Flauto margherita,Biedronka,4.49,,2026-10-01,2026-10-03,526608,Od czwartku,2026-10-01,2026-10-07,35,https://blix.pl/sklep/biedronka/gazetka/526608/?pageNumber=35,https://imgproxy.blix.pl/product_occurrence//d038baeb-90a0-479a-8c80-2ef5c494544b.jpg,2026-10-01
01a0f318-395c-7aba-9923-e99b94a616b0,Biedronka,Pinsa Capriciosa,Biedronka,4.89,,2026-10-01,2026-10-03,526608,Od czwartku,2026-10-01,2026-10-07,35,https://blix.pl/sklep/biedronka/gazetka/526608/?pageNumber=35,https://imgproxy.blix.pl/product_occurrence//de9828bb-6d78-401f-a210-671a3e01ea91.jpg,2026-10-01
01a0f318-395c-7bc6-9923-e99b96705e9e,Biedronka,Cynamonka,Biedronka,3.99,,2026-10-01,2026-10-03,526608,Od czwartku,2026-10-01,2026-10-07,35,https://blix.pl/sklep/biedronka/gazetka/526608/?pageNumber=35,https://imgproxy.blix.pl/product_occurrence//eed0cbee-93ba-437d-8b01-cf178e64d145.jpg,2026-10-01
01a0f318-395c-7b46-9923-e99b9593837d,Biedronka,Pizza z salami,Biedronka,3.75,,2026-10-01,2026-10-03,526608,Od czwartku,2026-10-01,2026-10-07,35,https://blix.pl/sklep/biedronka/gazetka/526608/?pageNumber=35,https://imgproxy.blix.pl/product_occurrence//38070311-2db0-47f1-9832-012c3e46632d.jpg,2026-10-01
01a0f318-395c-7c4e-9923-e99b96e0cfcc,Biedronka,Ciastka kruche z ziarnami na wagę,Biedronka,3.19,,2026-10-01,2026-10-03,526608,Od czwartku,2026-10-01,2026-10-07,35,https://blix.pl/sklep/biedronka/gazetka/526608/?pageNumber=35,https://imgproxy.blix.pl/product_occurrence//c5ccd143-d0bd-4607-82ce-8847d2d50ee1.jpg,2026-10-01
01a0f318-39f6-74f6-acde-3df4333ea75e,Biedronka,Sernik o smaku kokosowym z kremem Princessa,Princessa,23.99,,2026-10-01,2026-10-07,526608,Od czwartku,2026-10-01,2026-10-07,36,https://blix.pl/sklep/biedronka/gazetka/526608/?pageNumber=36,https://imgproxy.blix.pl/product_occurrence//7b16522e-35b3-431d-8a8a-72188c316725.jpg,2026-10-01
01a0f318-39f6-7646-acde-3df4343fa031,Biedronka,Ciasto z wiśniami,Biedronka,14.99,,2026-10-01,2026-10-07,526608,Od czwartku,2026-10-01,2026-10-07,36,https://blix.pl/sklep/biedronka/gazetka/526608/?pageNumber=36,https://imgproxy.blix.pl/product_occurrence//16f7124f-5c61-4c46-8bb7-3030450bdd86.jpg,2026-10-01
01a0f318-39f6-75d2-acde-3df433f65e8d,Biedronka,Ciasto Budyniowiec,Biedronka,21.99,,2026-10-01,2026-10-07,526608,Od czwartku,2026-10-01,2026-10-07,36,https://blix.pl/sklep/biedronka/gazetka/526608/?pageNumber=36,https://imgproxy.blix.pl/product_occurrence//2ae7b19d-533d-4ec8-af43-39565d0a2233.jpg,2026-10-01
01a0f318-39f6-76a6-acde-3df434dbb3fc,Biedronka,Mus czekoladowy E.Wedel,E. Wedel,24.99,,2026-10-01,2026-10-07,526608,Od czwartku,2026-10-01,2026-10-07,36,https://blix.pl/sklep/biedronka/gazetka/526608/?pageNumber=36,https://imgproxy.blix.pl/product_occurrence//50672dfb-8eb4-4037-b6b5-11cb171ba069.jpg,2026-10-01
01a0f318-39f6-76fa-acde-3df435d723da,Biedronka,Ciasto Leoś,Biedronka,22.99,,2026-10-01,2026-10-07,526608,Od czwartku,2026-10-01,2026-10-07,36,https://blix.pl/sklep/biedronka/gazetka/526608/?pageNumber=36,https://imgproxy.blix.pl/product_occurrence//d71c84e8-b046-4025-b778-bae591728b8f.jpg,2026-10-01
01a0f318-d70d-700e-8a0a-6a3e4be62266,Biedronka,Rwaniec z kremem budyniowym Piekarnia Biedronki,Piekarnia Biedronki,7.49,,2026-10-01,2026-10-07,526608,Od czwartku,2026-10-01,2026-10-07,37,https://blix.pl/sklep/biedronka/gazetka/526608/?pageNumber=37,https://imgproxy.blix.pl/product_occurrence//d66bdccc-cbd4-4f28-b179-bd5439086264.jpg,2026-10-01
01a0f318-d747-75a2-9c66-3aea897a60d7,Biedronka,Ciastka na wagę,Biedronka,,,2026-10-01,2026-10-03,526608,Od czwartku,2026-10-01,2026-10-07,38,https://blix.pl/sklep/biedronka/gazetka/526608/?pageNumber=38,https://imgproxy.blix.pl/product_occurrence//39bd9672-8288-42ad-8884-776fe81ef36d.jpg,2026-10-01
01a0f318-d77a-7c91-b3eb-fc2b7278c9f0,Biedronka,Łosoś norweski wędzony na zimno w plastrach Marinero,Marinero,11.99,,2026-10-01,2026-10-03,526608,Od czwartku,2026-10-01,2026-10-07,39,https://blix.pl/sklep/biedronka/gazetka/526608/?pageNumber=39,https://imgproxy.blix.pl/product_occurrence//c37795f1-0a51-4b48-9088-4288e01954a5.jpg,2026-10-01
01a0f318-d77a-7da5-b3eb-fc2b734608bb,Biedronka,Dżem 60% mniej cukrów Rapsodia,Rapsodia,5.99,,2026-10-01,2026-10-03,526608,Od czwartku,2026-10-01,2026-10-07,39,https://blix.pl/sklep/biedronka/gazetka/526608/?pageNumber=39,https://imgproxy.blix.pl/product_occurrence//b77d8ad3-446f-430a-a947-66bc1eb6baf0.jpg,2026-10-01
01a0f318-d77a-7e3d-b3eb-fc2b73cbc285,Biedronka,Polędwica Sopocka Kraina Wędlin,Kraina Wędlin,6.99,,2026-10-01,2026-10-03,526608,Od czwartku,2026-10-01,2026-10-07,39,https://blix.pl/sklep/biedronka/gazetka/526608/?pageNumber=39,https://imgproxy.blix.pl/product_occurrence//cbfd6934-0af9-4c13-8fae-96a09ac4742a.jpg,2026-10-01
01a0f318-d77a-7ecd-b3eb-fc2b74a24af1,Biedronka,Bułka z ziarnem długa fermentacja,Biedronka,0.20,,2026-10-01,2026-10-03,526608,Od czwartku,2026-10-01,2026-10-07,39,https://blix.pl/sklep/biedronka/gazetka/526608/?pageNumber=39,https://imgproxy.blix.pl/product_occurrence//69d2c508-8b7a-4cf3-9ef0-33ce0dc11265.jpg,2026-10-01
01a0f318-d77a-7f21-b3eb-fc2b757c3e76,Biedronka,Bułka wyśmienita długa fermentacja,Biedronka,0.20,,2026-10-01,2026-10-03,526608,Od czwartku,2026-10-01,2026-10-07,39,https://blix.pl/sklep/biedronka/gazetka/526608/?pageNumber=39,https://imgproxy.blix.pl/product_occurrence//fa5127fd-4900-46bf-a563-c3031466583b.jpg,2026-10-01
01a0f318-d77a-7f6d-b3eb-fc2b7633b3a8,Biedronka,Bułka grahamka ze słonecznikiem długa fermentacja,Biedronka,0.20,,2026-10-01,2026-10-03,526608,Od czwartku,2026-10-01,2026-10-07,39,https://blix.pl/sklep/biedronka/gazetka/526608/?pageNumber=39,https://imgproxy.blix.pl/product_occurrence//f0845df3-84ed-4aa7-bc8a-597e9a76c0ac.jpg,2026-10-01
01a0f318-d7d9-78ad-8d6d-6303459e8fca,Biedronka,Jaja z wolnego wybiegu,Biedronka,,,2026-10-01,2026-10-03,526608,Od czwartku,2026-10-01,2026-10-07,40,https://blix.pl/sklep/biedronka/gazetka/526608/?pageNumber=40,https://imgproxy.blix.pl/product_occurrence//ab9c5b0f-4761-457f-b095-514b89f0e1fa.jpg,2026-10-01
01a0f318-d7d9-79b5-8d6d-63034602a634,Biedronka,Jajka kurze z chowu na wolnym wybiegu 20 szt. Moja Kurka,Moja Kurka,,,2026-10-01,2026-10-03,526608,Od czwartku,2026-10-01,2026-10-07,40,https://blix.pl/sklep/biedronka/gazetka/526608/?pageNumber=40,https://imgproxy.blix.pl/product_occurrence//b0480a09-b8c2-47b5-8173-ed9d22bbd3ab.jpg,2026-10-01
01a0f318-d7d9-7a41-8d6d-630346273909,Biedronka,Jajka kurze z chowu na wolnym wybiegu 10 szt. Moja Kurka,Moja Kurka,,,2026-10-01,2026-10-03,526608,Od czwartku,2026-10-01,2026-10-07,40,https://blix.pl/sklep/biedronka/gazetka/526608/?pageNumber=40,https://imgproxy.blix.pl/product_occurrence//c5dbd791-2ad3-46b8-9711-9314d0da6873.jpg,2026-10-01
01a0f318-d7d9-7ac9-8d6d-63034674035f,Biedronka,Ser gouda Mlekpol,Mlekpol,16.99,,2026-10-01,2026-10-03,526608,Od czwartku,2026-10-01,2026-10-07,40,https://blix.pl/sklep/biedronka/gazetka/526608/?pageNumber=40,https://imgproxy.blix.pl/product_occurrence//5c2e3873-4e9c-4d36-a64b-bdbc46d04185.jpg,2026-10-01
01a0f318-d7d9-7b81-8d6d-630347b84756,Biedronka,Ser Rycki w plastrach Maasdam Ryki,Ryki,13.99,,2026-10-01,2026-10-03,526608,Od czwartku,2026-10-01,2026-10-07,40,https://blix.pl/sklep/biedronka/gazetka/526608/?pageNumber=40,https://imgproxy.blix.pl/product_occurrence//61b92034-d910-4084-aaae-6e97498d7d97.jpg,2026-10-01
01a0f318-d7d9-7b25-8d6d-630346d42a52,Biedronka,Kasia Crema 31%,Kasia,4.69,,2026-10-01,2026-10-03,526608,Od czwartku,2026-10-01,2026-10-07,40,https://blix.pl/sklep/biedronka/gazetka/526608/?pageNumber=40,https://imgproxy.blix.pl/product_occurrence//5e94f020-e114-48cc-beb9-ca18c679d741.jpg,2026-10-01
01a0f318-d7d9-7bd9-8d6d-6303489b590b,Biedronka,Jogurt naturalny Piątnica 2%,Piątnica,3.75,,2026-10-01,2026-10-03,526608,Od czwartku,2026-10-01,2026-10-07,40,https://blix.pl/sklep/biedronka/gazetka/526608/?pageNumber=40,https://imgproxy.blix.pl/product_occurrence//10225fb3-7eef-41ac-a4c7-fee7834c5427.jpg,2026-10-01
01a0f318-d7d9-7c2d-8d6d-630348ad4b91,Biedronka,Masło klarowane Łaciate,Łaciate,16.99,,2026-10-01,2026-10-03,526608,Od czwartku,2026-10-01,2026-10-07,40,https://blix.pl/sklep/biedronka/gazetka/526608/?pageNumber=40,https://imgproxy.blix.pl/product_occurrence//1c9e595c-4c2e-4171-8925-97057bf77d1b.jpg,2026-10-01
01a0f318-d7d9-7c85-8d6d-6303494894bb,Biedronka,Skyr deserowy pouch Fruvita pistacja,Fruvita,3.49,,2026-10-01,2026-10-03,526608,Od czwartku,2026-10-01,2026-10-07,40,https://blix.pl/sklep/biedronka/gazetka/526608/?pageNumber=40,https://imgproxy.blix.pl/product_occurrence//74a496e0-0c52-4db6-9d70-486818534a6f.jpg,2026-10-01
01a0f318-d7d9-7cdd-8d6d-6303496f8be5,Biedronka,Skyr deserowy pouch Fruvita kokos - biała czekolada,Fruvita,3.49,,2026-10-01,2026-10-03,526608,Od czwartku,2026-10-01,2026-10-07,40,https://blix.pl/sklep/biedronka/gazetka/526608/?pageNumber=40,https://imgproxy.blix.pl/product_occurrence//3726ff8c-a552-45ed-9071-fa2ac87226ae.jpg,2026-10-01
01a0f318-d7d9-7d31-8d6d-630349cb9d50,Biedronka,Actimel wieloowocowy 12-pak 100 g,Actimel,15.99,,2026-10-01,2026-10-03,526608,Od czwartku,2026-10-01,2026-10-07,40,https://blix.pl/sklep/biedronka/gazetka/526608/?pageNumber=40,https://imgproxy.blix.pl/product_occurrence//9b4b7ac0-5018-4542-b8cb-6481063e8054.jpg,2026-10-01
01a0f318-d7d9-7d85-8d6d-63034a0ed531,Biedronka,Jogurt Aktiplus 10-pak 100 g,Aktiplus,9.99,,2026-10-01,2026-10-03,526608,Od czwartku,2026-10-01,2026-10-07,40,https://blix.pl/sklep/biedronka/gazetka/526608/?pageNumber=40,https://imgproxy.blix.pl/product_occurrence//bd6926d9-0d73-42d2-b85d-0420d7f0f4d8.jpg,2026-10-01
01a0f318-d7d9-7de1-8d6d-63034a9bce7e,Biedronka,Kefir jogurtowy Activia naturalny,Activia,5.49,,2026-10-01,2026-10-03,526608,Od czwartku,2026-10-01,2026-10-07,40,https://blix.pl/sklep/biedronka/gazetka/526608/?pageNumber=40,https://imgproxy.blix.pl/product_occurrence//fdd43481-9e0a-4732-a964-7d6b8bb1c83e.jpg,2026-10-01
01a0f318-d7d9-7e39-8d6d-63034aaea36b,Biedronka,Kefir jogurtowy Activia truskawka,Activia,5.49,,2026-10-01,2026-10-03,526608,Od czwartku,2026-10-01,2026-10-07,40,https://blix.pl/sklep/biedronka/gazetka/526608/?pageNumber=40,https://imgproxy.blix.pl/product_occurrence//b79c0bd2-8b3d-403b-b482-df8ab665b49f.jpg,2026-10-01
01a0f318-d7d9-7ed9-8d6d-63034b2809cb,Biedronka,Kefir jogurtowy Activia borówka,Activia,5.49,,2026-10-01,2026-10-03,526608,Od czwartku,2026-10-01,2026-10-07,40,https://blix.pl/sklep/biedronka/gazetka/526608/?pageNumber=40,https://imgproxy.blix.pl/product_occurrence//5e3b2ff8-1a71-4121-b181-292e5febe37e.jpg,2026-10-01
01a0f318-d7d9-7f35-8d6d-63034b32d072,Biedronka,Kefir jogurtowy Activia mango,Activia,5.49,,2026-10-01,2026-10-03,526608,Od czwartku,2026-10-01,2026-10-07,40,https://blix.pl/sklep/biedronka/gazetka/526608/?pageNumber=40,https://imgproxy.blix.pl/product_occurrence//261e6898-893f-4213-8244-7bd7e3af75f6.jpg,2026-10-01
01a0f318-d8b0-7843-b8a3-7e4d945107c3,Biedronka,Danie z tofu i mango Hortex Asia Menu,Hortex,11.99,,2026-10-01,2026-10-03,526608,Od czwartku,2026-10-01,2026-10-07,41,https://blix.pl/sklep/biedronka/gazetka/526608/?pageNumber=41,https://imgproxy.blix.pl/product_occurrence//c1a2c343-5dcc-4cf8-a856-eb0b7687ce7a.jpg,2026-10-01
01a0f318-d8b0-791b-b8a3-7e4d94b01e51,Biedronka,Danie wok z kurczakiem Hortex Asia Menu,Hortex,11.99,,2026-10-01,2026-10-03,526608,Od czwartku,2026-10-01,2026-10-07,41,https://blix.pl/sklep/biedronka/gazetka/526608/?pageNumber=41,https://imgproxy.blix.pl/product_occurrence//aad8eda6-24d0-4073-b2f9-d63625196670.jpg,2026-10-01
01a0f318-d8b0-798f-b8a3-7e4d95889abb,Biedronka,Zupa ramen Hortex Asia Menu,Hortex,11.99,,2026-10-01,2026-10-03,526608,Od czwartku,2026-10-01,2026-10-07,41,https://blix.pl/sklep/biedronka/gazetka/526608/?pageNumber=41,https://imgproxy.blix.pl/product_occurrence//1706ca87-46a7-40a1-8569-1de47bd89fe8.jpg,2026-10-01
01a0f318-d8b0-79ef-b8a3-7e4d95ade670,Biedronka,Zupa z kurczakiem i grzybami mun Hortex Asia Menu,Hortex,11.99,,2026-10-01,2026-10-03,526608,Od czwartku,2026-10-01,2026-10-07,41,https://blix.pl/sklep/biedronka/gazetka/526608/?pageNumber=41,https://imgproxy.blix.pl/product_occurrence//3526bcbb-8997-4c6d-b7ca-f24466d1ea5e.jpg,2026-10-01
01a0f318-d8b0-7a4f-b8a3-7e4d9605366f,Biedronka,Kubełek z sosami American Foodie,American Foodie,26.99,,2026-10-01,2026-10-03,526608,Od czwartku,2026-10-01,2026-10-07,41,https://blix.pl/sklep/biedronka/gazetka/526608/?pageNumber=41,https://imgproxy.blix.pl/product_occurrence//f6ed07f3-966d-4617-aebb-c9fed9e65a55.jpg,2026-10-01
01a0f318-d8b0-7aa7-b8a3-7e4d96fae815,Biedronka,Pieczarki mrożone w sosie Mroźna Kraina,Mroźna Kraina,6.99,,2026-10-01,2026-10-03,526608,Od czwartku,2026-10-01,2026-10-07,41,https://blix.pl/sklep/biedronka/gazetka/526608/?pageNumber=41,https://imgproxy.blix.pl/product_occurrence//b311f5e6-7f64-450a-a47f-2fda27a37366.jpg,2026-10-01
01a0f318-d8b0-7b57-b8a3-7e4d982525e6,Biedronka,Pinsa Trattoria Donatello,Trattoria Donatello,11.99,,2026-10-01,2026-10-03,526608,Od czwartku,2026-10-01,2026-10-07,41,https://blix.pl/sklep/biedronka/gazetka/526608/?pageNumber=41,https://imgproxy.blix.pl/product_occurrence//73bd3557-1d0c-4470-a881-e6d706402283.jpg,2026-10-01
01a0f318-d8b0-7aff-b8a3-7e4d97e427d5,Biedronka,Pizza proteinowa z kurczakiem Go Active,Go Active,12.99,,2026-10-01,2026-10-03,526608,Od czwartku,2026-10-01,2026-10-07,41,https://blix.pl/sklep/biedronka/gazetka/526608/?pageNumber=41,https://imgproxy.blix.pl/product_occurrence//477cf087-3192-49a4-8e0d-c2e47b4dda33.jpg,2026-10-01
01a0f318-d8b0-7baf-b8a3-7e4d98310190,Biedronka,Pizza Quattro Formaggi Trattoria Donatello,Trattoria Donatello,12.99,,2026-10-01,2026-10-03,526608,Od czwartku,2026-10-01,2026-10-07,41,https://blix.pl/sklep/biedronka/gazetka/526608/?pageNumber=41,https://imgproxy.blix.pl/product_occurrence//1256bd3f-8d3d-4262-895f-8e151fb668da.jpg,2026-10-01
01a0f318-d8b0-7c27-b8a3-7e4d98a4be83,Biedronka,Pizza z kurczakiem Trattoria Donatello,Trattoria Donatello,9.99,,2026-10-01,2026-10-03,526608,Od czwartku,2026-10-01,2026-10-07,41,https://blix.pl/sklep/biedronka/gazetka/526608/?pageNumber=41,https://imgproxy.blix.pl/product_occurrence//266576db-e7b4-4346-8bc6-56c76a5ea7d5.jpg,2026-10-01
01a0f318-d8b0-7c7f-b8a3-7e4d98c3f0db,Biedronka,Lody familijne Carte D'Or,Carte D'or,,,2026-10-01,2026-10-03,526608,Od czwartku,2026-10-01,2026-10-07,41,https://blix.pl/sklep/biedronka/gazetka/526608/?pageNumber=41,https://imgproxy.blix.pl/product_occurrence//0f98ae66-a57a-4a41-a531-b4b7c9684e54.jpg,2026-10-01
01a0f318-d8b0-7d2f-b8a3-7e4d9a83a05e,Biedronka,Lody familijne Carte D'Or Pistachio Delight,Carte D'or,,,2026-10-01,2026-10-03,526608,Od czwartku,2026-10-01,2026-10-07,41,https://blix.pl/sklep/biedronka/gazetka/526608/?pageNumber=41,https://imgproxy.blix.pl/product_occurrence//dd10373e-dd19-4a48-8635-d27c949a870b.jpg,2026-10-01
01a0f318-d8b0-7cd3-b8a3-7e4d999bc4cf,Biedronka,Lody familijne Carte D'Or Tiramisu,Carte D'or,,,2026-10-01,2026-10-03,526608,Od czwartku,2026-10-01,2026-10-07,41,https://blix.pl/sklep/biedronka/gazetka/526608/?pageNumber=41,https://imgproxy.blix.pl/product_occurrence//487318ff-be16-4630-8e40-c76ce2d4f662.jpg,2026-10-01
01a0f318-d8b0-7d83-b8a3-7e4d9ac24bbf,Biedronka,Lody familijne Carte D'Or Yoghurt & Forest Fruit,Carte D'or,,,2026-10-01,2026-10-03,526608,Od czwartku,2026-10-01,2026-10-07,41,https://blix.pl/sklep/biedronka/gazetka/526608/?pageNumber=41,https://imgproxy.blix.pl/product_occurrence//1410c497-96e9-4bfa-b2a7-00f36be8270b.jpg,2026-10-01
01a0f319-77e8-7cd9-b21d-20c7824761f0,Biedronka,Lody Marletto Good Lood słona krówka,Marletto,19.99,,2026-10-01,2026-10-07,526608,Od czwartku,2026-10-01,2026-10-07,42,https://blix.pl/sklep/biedronka/gazetka/526608/?pageNumber=42,https://imgproxy.blix.pl/product_occurrence//aec4ecf3-c9b3-443f-8a6d-d0c7b8e2cbe0.jpg,2026-10-01
01a0f319-77e8-7e19-b21d-20c78322b325,Biedronka,Lody Marletto Good Lood belgijska czekolada,Marletto,19.99,,2026-10-01,2026-10-07,526608,Od czwartku,2026-10-01,2026-10-07,42,https://blix.pl/sklep/biedronka/gazetka/526608/?pageNumber=42,https://imgproxy.blix.pl/product_occurrence//0a2c4735-1582-463c-a9d5-015a579fe655.jpg,2026-10-01
01a0f319-7856-7a54-832a-f5c3418656cc,Biedronka,Czekolada mild Lindt 50%,Lindt,12.99,,2026-10-01,2026-10-07,526608,Od czwartku,2026-10-01,2026-10-07,43,https://blix.pl/sklep/biedronka/gazetka/526608/?pageNumber=43,https://imgproxy.blix.pl/product_occurrence//9b73f772-238c-4b3d-8d53-2a3f156347d8.jpg,2026-10-01
01a0f319-7856-7b80-832a-f5c341e18ee2,Biedronka,Czekolada mild Lindt 70%,Lindt,12.99,,2026-10-01,2026-10-07,526608,Od czwartku,2026-10-01,2026-10-07,43,https://blix.pl/sklep/biedronka/gazetka/526608/?pageNumber=43,https://imgproxy.blix.pl/product_occurrence//37cf4ac8-0a12-4e95-8ce1-af9f3975a3f9.jpg,2026-10-01
01a0f319-7856-7c28-832a-f5c3427468ff,Biedronka,Czekolada mild Lindt 85%,Lindt,12.99,,2026-10-01,2026-10-07,526608,Od czwartku,2026-10-01,2026-10-07,43,https://blix.pl/sklep/biedronka/gazetka/526608/?pageNumber=43,https://imgproxy.blix.pl/product_occurrence//da9d7a88-5859-4d78-81e8-be22f3e63775.jpg,2026-10-01
01a0f319-7856-7cb8-832a-f5c342825bef,Biedronka,Czekolada gold milk Lindt milk hazelnut,Lindt,12.99,,2026-10-01,2026-10-07,526608,Od czwartku,2026-10-01,2026-10-07,43,https://blix.pl/sklep/biedronka/gazetka/526608/?pageNumber=43,https://imgproxy.blix.pl/product_occurrence//56e98c25-29d1-4264-bc46-d74ef883d52c.jpg,2026-10-01
01a0f319-7856-7d30-832a-f5c342f82be0,Biedronka,Czekolada gold milk Lindt,Lindt,12.99,,2026-10-01,2026-10-07,526608,Od czwartku,2026-10-01,2026-10-07,43,https://blix.pl/sklep/biedronka/gazetka/526608/?pageNumber=43,https://imgproxy.blix.pl/product_occurrence//7f60279d-1d07-400f-b2d0-1fa6482ca214.jpg,2026-10-01
01a0f319-7856-7da8-832a-f5c343e7370e,Biedronka,Czekolada gold milk Lindt milk almond,Lindt,12.99,,2026-10-01,2026-10-07,526608,Od czwartku,2026-10-01,2026-10-07,43,https://blix.pl/sklep/biedronka/gazetka/526608/?pageNumber=43,https://imgproxy.blix.pl/product_occurrence//caa3ba1d-9d4f-4404-8b1a-530b6c5d4ed6.jpg,2026-10-01
01a0f319-78c8-7d47-92a2-51ea2b961ba4,Biedronka,Napój gazowany Coca-Cola,Coca-Cola,4.99,,2026-10-01,2026-10-03,526608,Od czwartku,2026-10-01,2026-10-07,44,https://blix.pl/sklep/biedronka/gazetka/526608/?pageNumber=44,https://imgproxy.blix.pl/product_occurrence//725e19a0-9bb2-455f-a897-e5dd4e622b13.jpg,2026-10-01
01a0f319-78c8-7eaf-92a2-51ea2c0e711a,Biedronka,Borek ze szpinakiem i serem,Biedronka,1.89,,2026-10-01,2026-10-03,526608,Od czwartku,2026-10-01,2026-10-07,44,https://blix.pl/sklep/biedronka/gazetka/526608/?pageNumber=44,https://imgproxy.blix.pl/product_occurrence//19d05e26-2e18-460f-ba44-681ca0da15f7.jpg,2026-10-01
01a0f319-7919-7420-b1f4-fc0f0c237d02,Biedronka,Kiełbasa śląska z szynki Kraina Wędlin Select,Kraina Wędlin Select,2.99,,2026-10-01,2026-10-07,526608,Od czwartku,2026-10-01,2026-10-07,45,https://blix.pl/sklep/biedronka/gazetka/526608/?pageNumber=45,https://imgproxy.blix.pl/product_occurrence//ae086465-70dc-4387-8cb1-658b34273b22.jpg,2026-10-01
01a0f319-794f-78c6-836b-769025a773f7,Biedronka,Filet pieczony z kurczaka premium Biedronka,Biedronka,7.99,,2026-10-01,2026-10-03,526608,Od czwartku,2026-10-01,2026-10-07,46,https://blix.pl/sklep/biedronka/gazetka/526608/?pageNumber=46,https://imgproxy.blix.pl/product_occurrence//ecc6aed1-b818-4fc7-af08-ce72547eeed4.jpg,2026-10-01
01a0f319-794f-794a-836b-76902698562a,Biedronka,Filet maślany z indyka Kraina Wędlin,Kraina Wędlin,7.99,,2026-10-01,2026-10-03,526608,Od czwartku,2026-10-01,2026-10-07,46,https://blix.pl/sklep/biedronka/gazetka/526608/?pageNumber=46,https://imgproxy.blix.pl/product_occurrence//f2d3fab5-8f9d-45a7-9bbe-be7071dbd1e5.jpg,2026-10-01
01a0f319-794f-79c2-836b-76902700ac32,Biedronka,Szynka wieprzowa marynowana po staropolsku Olewnik,Olewnik,8.49,,2026-10-01,2026-10-03,526608,Od czwartku,2026-10-01,2026-10-07,46,https://blix.pl/sklep/biedronka/gazetka/526608/?pageNumber=46,https://imgproxy.blix.pl/product_occurrence//375263f0-1c5a-485e-96b3-c8593381989a.jpg,2026-10-01
01a0f319-794f-7a66-836b-7690284ecd04,Biedronka,Buraczki tarte Nasza Spiżarnia,Nasza Spiżarnia,2.99,,2026-10-01,2026-10-03,526608,Od czwartku,2026-10-01,2026-10-07,46,https://blix.pl/sklep/biedronka/gazetka/526608/?pageNumber=46,https://imgproxy.blix.pl/product_occurrence//132c659d-32bc-4ed1-bf24-636e438ea6b7.jpg,2026-10-01
01a0f319-794f-7a16-836b-769027e23710,Biedronka,Oliwki zielone drylowane El Toro Rojo,El Toro Rojo,1.79,,2026-10-01,2026-10-03,526608,Od czwartku,2026-10-01,2026-10-07,46,https://blix.pl/sklep/biedronka/gazetka/526608/?pageNumber=46,https://imgproxy.blix.pl/product_occurrence//d6d4afc7-bb46-4878-95c5-8f9caa0a167c.jpg,2026-10-01
01a0f319-794f-7aae-836b-76902892c67e,Biedronka,Buraczki zasmażane Nasza Spiżarnia,Nasza Spiżarnia,2.99,,2026-10-01,2026-10-03,526608,Od czwartku,2026-10-01,2026-10-07,46,https://blix.pl/sklep/biedronka/gazetka/526608/?pageNumber=46,https://imgproxy.blix.pl/product_occurrence//432e95ab-6319-4549-83e9-4d987d318dc6.jpg,2026-10-01
01a0f319-794f-7afa-836b-769028f8259e,Biedronka,Zupa Knorr,Knorr,1.99,,2026-10-01,2026-10-03,526608,Od czwartku,2026-10-01,2026-10-07,46,https://blix.pl/sklep/biedronka/gazetka/526608/?pageNumber=46,https://imgproxy.blix.pl/product_occurrence//b9df15ad-9b33-4f23-a266-ae66d9a048a9.jpg,2026-10-01
01a0f319-794f-7b8a-836b-769029e3eb1d,Biedronka,Pomysł na Airfryer Winiary,Winiary,3.99,,2026-10-01,2026-10-03,526608,Od czwartku,2026-10-01,2026-10-07,46,https://blix.pl/sklep/biedronka/gazetka/526608/?pageNumber=46,https://imgproxy.blix.pl/product_occurrence//99cf87cb-afc6-4f7d-8c57-291d88df0ff9.jpg,2026-10-01
01a0f319-794f-7b42-836b-769029378a45,Biedronka,Posypki Rozkoszny Kamis,Kamis,2.99,,2026-10-01,2026-10-03,526608,Od czwartku,2026-10-01,2026-10-07,46,https://blix.pl/sklep/biedronka/gazetka/526608/?pageNumber=46,https://imgproxy.blix.pl/product_occurrence//8f324f82-b2fa-462e-bec4-6ed626faea94.jpg,2026-10-01
01a0f319-794f-7c96-836b-76902a3dc16c,Biedronka,Lasagne carbonara Come a Casa,Come A Casa,9.99,,2026-10-01,2026-10-03,526608,Od czwartku,2026-10-01,2026-10-07,46,https://blix.pl/sklep/biedronka/gazetka/526608/?pageNumber=46,https://imgproxy.blix.pl/product_occurrence//e2591556-6dc9-468c-b129-55b44e09ee90.jpg,2026-10-01
01a0f319-794f-7d16-836b-76902abf4cd9,Biedronka,Ogórki małosolne Swojska Chata,Swojska Chata,6.39,,2026-10-01,2026-10-03,526608,Od czwartku,2026-10-01,2026-10-07,46,https://blix.pl/sklep/biedronka/gazetka/526608/?pageNumber=46,https://imgproxy.blix.pl/product_occurrence//a89371d9-28f9-4ec8-af6b-a0046820e7ac.jpg,2026-10-01
01a0f319-794f-77be-836b-769024f18304,Biedronka,Kiełbasa śląska z szynki Kraina Wędlin Select,Kraina Wędlin Select,2.99,,2026-10-01,2026-10-03,526608,Od czwartku,2026-10-01,2026-10-07,46,https://blix.pl/sklep/biedronka/gazetka/526608/?pageNumber=46,https://imgproxy.blix.pl/product_occurrence//bdddbd42-f379-4045-ab95-3d334f0561d9.jpg,2026-10-01
01a0f319-794f-7c16-836b-76902a1102e8,Biedronka,Pasta jajeczna Salato,Salato,1.99,,2026-10-01,2026-10-03,526608,Od czwartku,2026-10-01,2026-10-07,46,https://blix.pl/sklep/biedronka/gazetka/526608/?pageNumber=46,https://imgproxy.blix.pl/product_occurrence//106cfb37-d34d-42d2-88ef-0bb80961924d.jpg,2026-10-01
01a0f31a-4230-7b49-93e5-a9d1c5f7e656,Biedronka,Octy Culineo,Culineo,,,2026-10-01,2026-10-03,526608,Od czwartku,2026-10-01,2026-10-07,47,https://blix.pl/sklep/biedronka/gazetka/526608/?pageNumber=47,https://imgproxy.blix.pl/product_occurrence//78506036-cbdc-49b1-b77d-d7e9e7e90ff2.jpg,2026-10-01
01a0f31a-4230-7c01-93e5-a9d1c6ae8eaf,Biedronka,Ocet spirytusowy 10% Culineo,Culineo,,,2026-10-01,2026-10-03,526608,Od czwartku,2026-10-01,2026-10-07,47,https://blix.pl/sklep/biedronka/gazetka/526608/?pageNumber=47,https://imgproxy.blix.pl/product_occurrence//c5764526-8adf-4e80-be52-09d61d10cbe8.jpg,2026-10-01
01a0f31a-4230-7cb1-93e5-a9d1c6de91b0,Biedronka,Pomidory duszone Pudliszki klasyczny,Pudliszki,5.99,,2026-10-01,2026-10-03,526608,Od czwartku,2026-10-01,2026-10-07,47,https://blix.pl/sklep/biedronka/gazetka/526608/?pageNumber=47,https://imgproxy.blix.pl/product_occurrence//536d7935-6800-4b53-b78f-697312a6eeb6.jpg,2026-10-01
01a0f31a-4230-7c65-93e5-a9d1c6d9796d,Biedronka,Ocet jabłkowy 6% Culineo,Culineo,,,2026-10-01,2026-10-03,526608,Od czwartku,2026-10-01,2026-10-07,47,https://blix.pl/sklep/biedronka/gazetka/526608/?pageNumber=47,https://imgproxy.blix.pl/product_occurrence//843b1ec9-d96d-4404-a458-f5bc1c314beb.jpg,2026-10-01
01a0f31a-4230-7cfd-93e5-a9d1c7bfeaa9,Biedronka,Pomidory duszone Pudliszki zioła i smak prażonego czosnku,Pudliszki,5.99,,2026-10-01,2026-10-03,526608,Od czwartku,2026-10-01,2026-10-07,47,https://blix.pl/sklep/biedronka/gazetka/526608/?pageNumber=47,https://imgproxy.blix.pl/product_occurrence//a88e49ff-33af-41a4-90aa-0867e2ce5d4c.jpg,2026-10-01
01a0f31a-4230-7d45-93e5-a9d1c842cbeb,Biedronka,Pomidory duszone Pudliszki karmelizowana cebula i szalotka,Pudliszki,5.99,,2026-10-01,2026-10-03,526608,Od czwartku,2026-10-01,2026-10-07,47,https://blix.pl/sklep/biedronka/gazetka/526608/?pageNumber=47,https://imgproxy.blix.pl/product_occurrence//cf63b2f7-b436-4f23-9e52-7f277186e0b9.jpg,2026-10-01
01a0f31a-4230-7d8d-93e5-a9d1c86c650f,Biedronka,Przecier pomidorowy Culineo,Culineo,4.49,,2026-10-01,2026-10-03,526608,Od czwartku,2026-10-01,2026-10-07,47,https://blix.pl/sklep/biedronka/gazetka/526608/?pageNumber=47,https://imgproxy.blix.pl/product_occurrence//31c6e180-79b3-4199-8b3d-52a2cfd32ddb.jpg,2026-10-01
01a0f31a-4230-7dd5-93e5-a9d1c92cfd9c,Biedronka,Sos Culineo spaghetti,Culineo,4.99,,2026-10-01,2026-10-03,526608,Od czwartku,2026-10-01,2026-10-07,47,https://blix.pl/sklep/biedronka/gazetka/526608/?pageNumber=47,https://imgproxy.blix.pl/product_occurrence//a8108637-a5f4-4ba0-a5cb-b65d84ac83a8.jpg,2026-10-01
01a0f31a-4230-7e65-93e5-a9d1c9caeefe,Biedronka,Sos Culineo boloński,Culineo,4.99,,2026-10-01,2026-10-03,526608,Od czwartku,2026-10-01,2026-10-07,47,https://blix.pl/sklep/biedronka/gazetka/526608/?pageNumber=47,https://imgproxy.blix.pl/product_occurrence//3e96e97e-dc11-4bcd-a249-7a204c3c3bc6.jpg,2026-10-01
01a0f31a-4230-7eb5-93e5-a9d1ca6b6578,Biedronka,Sos Culineo słodko-kwaśny,Culineo,4.99,,2026-10-01,2026-10-03,526608,Od czwartku,2026-10-01,2026-10-07,47,https://blix.pl/sklep/biedronka/gazetka/526608/?pageNumber=47,https://imgproxy.blix.pl/product_occurrence//2a4523bd-7a1a-42f6-a43d-93e30e859d3d.jpg,2026-10-01
01a0f31a-4230-7efd-93e5-a9d1cb2d548a,Biedronka,Sos Culineo meksykański,Culineo,4.99,,2026-10-01,2026-10-03,526608,Od czwartku,2026-10-01,2026-10-07,47,https://blix.pl/sklep/biedronka/gazetka/526608/?pageNumber=47,https://imgproxy.blix.pl/product_occurrence//4798b59f-1ad8-4735-9dc7-c43c076607a8.jpg,2026-10-01
01a0f31a-4230-7f41-93e5-a9d1cc2af510,Biedronka,Dip Madero serowy,Madero,4.99,,2026-10-01,2026-10-03,526608,Od czwartku,2026-10-01,2026-10-07,47,https://blix.pl/sklep/biedronka/gazetka/526608/?pageNumber=47,https://imgproxy.blix.pl/product_occurrence//ce308716-b26b-41e4-92aa-e258f14e084d.jpg,2026-10-01
01a0f31a-4230-7f85-93e5-a9d1cc4ae8f9,Biedronka,Dip Madero salsa,Madero,4.99,,2026-10-01,2026-10-03,526608,Od czwartku,2026-10-01,2026-10-07,47,https://blix.pl/sklep/biedronka/gazetka/526608/?pageNumber=47,https://imgproxy.blix.pl/product_occurrence//7e019144-dfb6-4df4-96b3-7287d305d893.jpg,2026-10-01
01a0f31a-4231-7028-b64c-f8814dffd9ef,Biedronka,Mieszanka warzywna marchewka z groszkiem Nasza Spiżarnia,Nasza Spiżarnia,3.99,,2026-10-01,2026-10-03,526608,Od czwartku,2026-10-01,2026-10-07,47,https://blix.pl/sklep/biedronka/gazetka/526608/?pageNumber=47,https://imgproxy.blix.pl/product_occurrence//d0403463-a7ea-4e2a-9e48-dce5c01c49b0.jpg,2026-10-01
01a0f31a-4231-70b8-b64c-f8814e8a886a,Biedronka,Dżem Pokemon Łowicz,Łowicz,7.99,,2026-10-01,2026-10-03,526608,Od czwartku,2026-10-01,2026-10-07,47,https://blix.pl/sklep/biedronka/gazetka/526608/?pageNumber=47,https://imgproxy.blix.pl/product_occurrence//2e4b8d2d-ea26-4282-baa8-b032553052d5.jpg,2026-10-01
01a0f31a-4231-7074-b64c-f8814e83233f,Biedronka,Sałatka z zielonych pomidorów Nasza Spiżarnia,Nasza Spiżarnia,7.99,,2026-10-01,2026-10-03,526608,Od czwartku,2026-10-01,2026-10-07,47,https://blix.pl/sklep/biedronka/gazetka/526608/?pageNumber=47,https://imgproxy.blix.pl/product_occurrence//64425822-d91b-4c6d-86a9-11680fb3ae4b.jpg,2026-10-01
01a0f31a-4231-70fc-b64c-f8814ef78fc4,Biedronka,Powidła węgierkowe Rapsodia,Rapsodia,2.99,,2026-10-01,2026-10-03,526608,Od czwartku,2026-10-01,2026-10-07,47,https://blix.pl/sklep/biedronka/gazetka/526608/?pageNumber=47,https://imgproxy.blix.pl/product_occurrence//0d7d6b6d-9567-4f4d-b431-0c3a6a2b8e4f.jpg,2026-10-01
01a0f31a-4231-7144-b64c-f8814faab618,Biedronka,Krem czekoladowy NussMilk Duo,Nussmilk,9.99,,2026-10-01,2026-10-03,526608,Od czwartku,2026-10-01,2026-10-07,47,https://blix.pl/sklep/biedronka/gazetka/526608/?pageNumber=47,https://imgproxy.blix.pl/product_occurrence//b22dea1d-70c2-4c61-8504-99b0cc403fd2.jpg,2026-10-01
01a0f31a-4231-7188-b64c-f881506f9652,Biedronka,Krem do smarowania Nutella,Nutella,24.99,,2026-10-01,2026-10-03,526608,Od czwartku,2026-10-01,2026-10-07,47,https://blix.pl/sklep/biedronka/gazetka/526608/?pageNumber=47,https://imgproxy.blix.pl/product_occurrence//56974670-db5a-4952-bd86-74c6a27b3dba.jpg,2026-10-01
01a0f31a-4351-7ddb-b571-4f9b318be307,Biedronka,Sałatka z pstrągiem Marinero z kaszą kuskus,Marinero,6.99,,2026-10-01,2026-10-07,526608,Od czwartku,2026-10-01,2026-10-07,48,https://blix.pl/sklep/biedronka/gazetka/526608/?pageNumber=48,https://imgproxy.blix.pl/product_occurrence//efcc5bc5-1aaf-4107-a788-4e2c8470243d.jpg,2026-10-01
01a0f31a-4352-7053-a465-91f70afd67ca,Biedronka,Sałatka z pstrągiem Marinero z kaszą jęczmienną,Marinero,6.99,,2026-10-01,2026-10-07,526608,Od czwartku,2026-10-01,2026-10-07,48,https://blix.pl/sklep/biedronka/gazetka/526608/?pageNumber=48,https://imgproxy.blix.pl/product_occurrence//70c8f59b-5984-4e28-827d-f0b435b7072f.jpg,2026-10-01
01a0f31a-4351-7f2f-b571-4f9b325e9172,Biedronka,Sałatka z pstrągiem Marinero z kaszą bulgur,Marinero,6.99,,2026-10-01,2026-10-07,526608,Od czwartku,2026-10-01,2026-10-07,48,https://blix.pl/sklep/biedronka/gazetka/526608/?pageNumber=48,https://imgproxy.blix.pl/product_occurrence//e56252e2-56eb-4e26-a88b-705685459335.jpg,2026-10-01
01a0f31a-4352-70db-a465-91f70b7bbafc,Biedronka,Tuńczyk wędzony w oleju roślinnym Ektos pikantny,Ektos,8.99,,2026-10-01,2026-10-07,526608,Od czwartku,2026-10-01,2026-10-07,48,https://blix.pl/sklep/biedronka/gazetka/526608/?pageNumber=48,https://imgproxy.blix.pl/product_occurrence//ffbb5ca1-3523-49ce-9d58-7d98be1e4e9e.jpg,2026-10-01
01a0f31a-4352-713f-a465-91f70bc9c193,Biedronka,Tuńczyk wędzony w oleju roślinnym Ektos z sokiem z cytryny i oregano,Ektos,8.99,,2026-10-01,2026-10-07,526608,Od czwartku,2026-10-01,2026-10-07,48,https://blix.pl/sklep/biedronka/gazetka/526608/?pageNumber=48,https://imgproxy.blix.pl/product_occurrence//8c9941e9-db04-486e-a10a-86e551d2ea24.jpg,2026-10-01
01a0f31a-4352-718b-a465-91f70ca33520,Biedronka,Lasagne bolognese high protein Come a Casa,Come A Casa,10.99,,2026-10-01,2026-10-07,526608,Od czwartku,2026-10-01,2026-10-07,48,https://blix.pl/sklep/biedronka/gazetka/526608/?pageNumber=48,https://imgproxy.blix.pl/product_occurrence//598557a0-07ac-4f0f-82c7-ee665c14d69e.jpg,2026-10-01
01a0f31a-4352-71d7-a465-91f70d518f08,Biedronka,Zupy proteinowe Go Active,Go Active,8.99,,2026-10-01,2026-10-07,526608,Od czwartku,2026-10-01,2026-10-07,48,https://blix.pl/sklep/biedronka/gazetka/526608/?pageNumber=48,https://imgproxy.blix.pl/product_occurrence//51c8a221-075a-4d8e-bcca-7fe2ec4fef48.jpg,2026-10-01
01a0f31a-4352-7227-a465-91f70d702c13,Biedronka,Kotlety sojowe Go Vege,Go Vege,2.69,,2026-10-01,2026-10-07,526608,Od czwartku,2026-10-01,2026-10-07,48,https://blix.pl/sklep/biedronka/gazetka/526608/?pageNumber=48,https://imgproxy.blix.pl/product_occurrence//64ef89bd-ea91-4190-9392-5063be0879a2.jpg,2026-10-01
01a0f31a-4352-7273-a465-91f70e4c6938,Biedronka,Ketchup zero Kotlin łagodny,Kotlin,10.99,,2026-10-01,2026-10-07,526608,Od czwartku,2026-10-01,2026-10-07,48,https://blix.pl/sklep/biedronka/gazetka/526608/?pageNumber=48,https://imgproxy.blix.pl/product_occurrence//32eb8cfd-01ee-423e-9271-25cdcdf41002.jpg,2026-10-01
01a0f31a-4352-732b-a465-91f70f02a379,Biedronka,Sos Dzik Barbecue,Dzik,9.99,,2026-10-01,2026-10-07,526608,Od czwartku,2026-10-01,2026-10-07,48,https://blix.pl/sklep/biedronka/gazetka/526608/?pageNumber=48,https://imgproxy.blix.pl/product_occurrence//0735a01e-3198-4711-b7e9-ae9247716d37.jpg,2026-10-01
01a0f31a-4352-72bf-a465-91f70e60a5ed,Biedronka,Ketchup zero Kotlin pikantny,Kotlin,10.99,,2026-10-01,2026-10-07,526608,Od czwartku,2026-10-01,2026-10-07,48,https://blix.pl/sklep/biedronka/gazetka/526608/?pageNumber=48,https://imgproxy.blix.pl/product_occurrence//36a4c1ec-3a7a-4913-b56c-67b5566f94b6.jpg,2026-10-01
01a0f31a-4352-7393-a465-91f70f8bf142,Biedronka,Sos Dzik Garlic,Dzik,9.99,,2026-10-01,2026-10-07,526608,Od czwartku,2026-10-01,2026-10-07,48,https://blix.pl/sklep/biedronka/gazetka/526608/?pageNumber=48,https://imgproxy.blix.pl/product_occurrence//813d4b4b-7c8b-43f6-918f-70308cb85889.jpg,2026-10-01
01a0f31a-4352-73e3-a465-91f70fa0be2e,Biedronka,Sos Dzik Ketchup łagodny,Dzik,9.99,,2026-10-01,2026-10-07,526608,Od czwartku,2026-10-01,2026-10-07,48,https://blix.pl/sklep/biedronka/gazetka/526608/?pageNumber=48,https://imgproxy.blix.pl/product_occurrence//795e2460-0c9e-4109-bf1d-e869af85edce.jpg,2026-10-01
01a0f31a-4352-7433-a465-91f7104bb303,Biedronka,Parówki proteinowe Kraina Wędlin Protein z filetem z kurczaka,Kraina Wędlin,6.99,,2026-10-01,2026-10-07,526608,Od czwartku,2026-10-01,2026-10-07,48,https://blix.pl/sklep/biedronka/gazetka/526608/?pageNumber=48,https://imgproxy.blix.pl/product_occurrence//6d7d6a21-b8cd-44b2-a61d-385ed525ab5e.jpg,2026-10-01
01a0f31a-4352-747f-a465-91f7113f7c1a,Biedronka,Parówki proteinowe Kraina Wędlin Protein z szynki,Kraina Wędlin,6.99,,2026-10-01,2026-10-07,526608,Od czwartku,2026-10-01,2026-10-07,48,https://blix.pl/sklep/biedronka/gazetka/526608/?pageNumber=48,https://imgproxy.blix.pl/product_occurrence//e349fa3b-c4ae-4da3-8652-9b17648cf25b.jpg,2026-10-01
01a0f31a-4352-74c7-a465-91f71187b135,Biedronka,Filet pieczony z kurczaka Kraina Wędlin Nature,Kraina Wędlin,12.99,,2026-10-01,2026-10-07,526608,Od czwartku,2026-10-01,2026-10-07,48,https://blix.pl/sklep/biedronka/gazetka/526608/?pageNumber=48,https://imgproxy.blix.pl/product_occurrence//2167be6c-f1b3-4562-99b8-a42e7a65e86a.jpg,2026-10-01
01a0f31a-442e-7b7e-9af7-372ed570b018,Biedronka,Filet z kurczaka bio pieczony Kraina Wędlin Nature,Kraina Wędlin Nature,5.99,,2026-10-01,2026-10-03,526608,Od czwartku,2026-10-01,2026-10-07,49,https://blix.pl/sklep/biedronka/gazetka/526608/?pageNumber=49,https://imgproxy.blix.pl/product_occurrence//9db91298-35a4-486f-8d54-490b4b9c536a.jpg,2026-10-01
01a0f31a-442e-7c36-9af7-372ed58e8a56,Biedronka,Filet z kurczaka bio wędzony Kraina Wędlin Nature,Kraina Wędlin Nature,5.99,,2026-10-01,2026-10-03,526608,Od czwartku,2026-10-01,2026-10-07,49,https://blix.pl/sklep/biedronka/gazetka/526608/?pageNumber=49,https://imgproxy.blix.pl/product_occurrence//5de3df07-055b-4fae-85be-0b20b2759cd1.jpg,2026-10-01
01a0f31a-442e-7c92-9af7-372ed6855e3e,Biedronka,Łosoś wędzony fit Marinero,Marinero,12.99,,2026-10-01,2026-10-03,526608,Od czwartku,2026-10-01,2026-10-07,49,https://blix.pl/sklep/biedronka/gazetka/526608/?pageNumber=49,https://imgproxy.blix.pl/product_occurrence//f77c0d56-0437-407d-a0c1-ebaba9b4de3a.jpg,2026-10-01
01a0f31a-442e-7cde-9af7-372ed6ffbd43,Biedronka,Kiełbaski z szynki bez osłonki Kraina Wędlin Nature,Kraina Wędlin Nature,6.49,,2026-10-01,2026-10-03,526608,Od czwartku,2026-10-01,2026-10-07,49,https://blix.pl/sklep/biedronka/gazetka/526608/?pageNumber=49,https://imgproxy.blix.pl/product_occurrence//57844d82-2fb7-4c55-af3c-8116958866fb.jpg,2026-10-01
01a0f31a-442e-7d2a-9af7-372ed757f602,Biedronka,Kiełbaski z filetem z kurczaka bez osłonki Kraina Wędlin Nature,Kraina Wędlin Nature,6.49,,2026-10-01,2026-10-03,526608,Od czwartku,2026-10-01,2026-10-07,49,https://blix.pl/sklep/biedronka/gazetka/526608/?pageNumber=49,https://imgproxy.blix.pl/product_occurrence//945fb6c7-e0f0-4853-9acd-84274556504b.jpg,2026-10-01
01a0f31a-442e-7d72-9af7-372ed77bf7c6,Biedronka,Łosoś bio w plastrach Marinero,Marinero,9.99,,2026-10-01,2026-10-03,526608,Od czwartku,2026-10-01,2026-10-07,49,https://blix.pl/sklep/biedronka/gazetka/526608/?pageNumber=49,https://imgproxy.blix.pl/product_occurrence//fd7e285f-4e83-436d-860d-4fc879a2fb85.jpg,2026-10-01
01a0f31a-442e-7dbe-9af7-372ed7a4f1a3,Biedronka,Parówki z szynki Kraina Wędlin Nature,Kraina Wędlin Nature,4.41,,2026-10-01,2026-10-03,526608,Od czwartku,2026-10-01,2026-10-07,49,https://blix.pl/sklep/biedronka/gazetka/526608/?pageNumber=49,https://imgproxy.blix.pl/product_occurrence//2fd6f138-3c7c-4e7e-990f-8fb268d3fdf6.jpg,2026-10-01
01a0f31a-442e-7e42-9af7-372ed89aaa41,Biedronka,Parówki z indyka Kraina Wędlin Nature,Kraina Wędlin Nature,4.22,,2026-10-01,2026-10-03,526608,Od czwartku,2026-10-01,2026-10-07,49,https://blix.pl/sklep/biedronka/gazetka/526608/?pageNumber=49,https://imgproxy.blix.pl/product_occurrence//93df449d-4d9f-487d-bcf9-33b130a1a7cf.jpg,2026-10-01
01a0f31a-44ca-7eb2-af34-51d5a534878c,Biedronka,Napój mleczny proteinowy SBA o smaku ciasteczkowym 12-pak Mlekovita,Mlekovita,29.99,,2026-10-01,2026-10-03,526608,Od czwartku,2026-10-01,2026-10-07,50,https://blix.pl/sklep/biedronka/gazetka/526608/?pageNumber=50,https://imgproxy.blix.pl/product_occurrence//b4679873-42f1-45d1-8eef-af78635f5197.jpg,2026-10-01
01a0f31a-44cb-700d-9d89-be60ac8a4428,Biedronka,Mleko czekoladowe bez dodatku cukrów Łaciate,Łaciate,5.99,,2026-10-01,2026-10-03,526608,Od czwartku,2026-10-01,2026-10-07,50,https://blix.pl/sklep/biedronka/gazetka/526608/?pageNumber=50,https://imgproxy.blix.pl/product_occurrence//0ca9cb56-6fe5-4414-8000-56beebf482ec.jpg,2026-10-01
01a0f31a-44cb-70a9-9d89-be60acbb3a04,Biedronka,Owsianka proteinowa OY!che z wiśnią,Oy!Che,11.99,,2026-10-01,2026-10-03,526608,Od czwartku,2026-10-01,2026-10-07,50,https://blix.pl/sklep/biedronka/gazetka/526608/?pageNumber=50,https://imgproxy.blix.pl/product_occurrence//bdf49e75-a51a-4cd2-977a-5807bdbee195.jpg,2026-10-01
01a0f31a-44cb-7139-9d89-be60ad61577b,Biedronka,Owsianka proteinowa OY!che z mango,Oy!Che,11.99,,2026-10-01,2026-10-03,526608,Od czwartku,2026-10-01,2026-10-07,50,https://blix.pl/sklep/biedronka/gazetka/526608/?pageNumber=50,https://imgproxy.blix.pl/product_occurrence//8479f17b-84d6-414d-867d-f84759d9bfc9.jpg,2026-10-01
01a0f31a-44cb-71b9-9d89-be60ad9f250e,Biedronka,Napój owsiany Go Vege cinnamon,Go Vege,6.99,,2026-10-01,2026-10-03,526608,Od czwartku,2026-10-01,2026-10-07,50,https://blix.pl/sklep/biedronka/gazetka/526608/?pageNumber=50,https://imgproxy.blix.pl/product_occurrence//f36789ac-f4f4-41e7-9748-65c366734459.jpg,2026-10-01
01a0f31a-44cb-7231-9d89-be60ae367cc5,Biedronka,Napój owsiany Go Vege salted caramel,Go Vege,6.99,,2026-10-01,2026-10-03,526608,Od czwartku,2026-10-01,2026-10-07,50,https://blix.pl/sklep/biedronka/gazetka/526608/?pageNumber=50,https://imgproxy.blix.pl/product_occurrence//cd25c091-c2bc-4a45-90a0-e3179d12577f.jpg,2026-10-01
01a0f31a-44cb-72cd-9d89-be60aeaa2e79,Biedronka,Krem Nutlove White Choco Peanut AllNutrition,Allnutrition,15.99,,2026-10-01,2026-10-03,526608,Od czwartku,2026-10-01,2026-10-07,50,https://blix.pl/sklep/biedronka/gazetka/526608/?pageNumber=50,https://imgproxy.blix.pl/product_occurrence//bdedec83-0ca4-4115-815e-f8458746732e.jpg,2026-10-01
01a0f31a-44cb-7285-9d89-be60ae62d9cb,Biedronka,Krem Nutlove Coco Crunch AllNutrition,Allnutrition,15.99,,2026-10-01,2026-10-03,526608,Od czwartku,2026-10-01,2026-10-07,50,https://blix.pl/sklep/biedronka/gazetka/526608/?pageNumber=50,https://imgproxy.blix.pl/product_occurrence//c54233e8-6f94-413d-8845-a7abda8227e0.jpg,2026-10-01
01a0f31a-44cb-731d-9d89-be60af5154d0,Biedronka,Baton proteinowy słony karmel Dzik,Dzik,9.99,,2026-10-01,2026-10-03,526608,Od czwartku,2026-10-01,2026-10-07,50,https://blix.pl/sklep/biedronka/gazetka/526608/?pageNumber=50,https://imgproxy.blix.pl/product_occurrence//324e559c-5518-4f81-90b6-0fe8a58f31a7.jpg,2026-10-01
01a0f31a-44cb-7391-9d89-be60b0074a67,Biedronka,Dżem słodzony ksylitolem Rapsodia morelowy,Rapsodia,4.99,,2026-10-01,2026-10-03,526608,Od czwartku,2026-10-01,2026-10-07,50,https://blix.pl/sklep/biedronka/gazetka/526608/?pageNumber=50,https://imgproxy.blix.pl/product_occurrence//01e0120b-21ba-43a6-88b3-792cd76ab4d1.jpg,2026-10-01
01a0f31a-44cb-7405-9d89-be60b0c71069,Biedronka,Dżem słodzony ksylitolem Rapsodia truskawkowy,Rapsodia,4.99,,2026-10-01,2026-10-03,526608,Od czwartku,2026-10-01,2026-10-07,50,https://blix.pl/sklep/biedronka/gazetka/526608/?pageNumber=50,https://imgproxy.blix.pl/product_occurrence//d4d09318-b25e-4c4e-8ab7-f036bba0e7ef.jpg,2026-10-01
01a0f31a-44cb-7455-9d89-be60b0f0fb81,Biedronka,Mąka orkiszowa jasna 650 Plony Natury,Plony Natury,4.99,,2026-10-01,2026-10-03,526608,Od czwartku,2026-10-01,2026-10-07,50,https://blix.pl/sklep/biedronka/gazetka/526608/?pageNumber=50,https://imgproxy.blix.pl/product_occurrence//f9fc6466-2212-440d-b243-665970638f2a.jpg,2026-10-01
01a0f31a-44cb-74a9-9d89-be60b12cc51b,Biedronka,Makaron fusilli mniej węgli Pastani,Pastani,5.99,,2026-10-01,2026-10-03,526608,Od czwartku,2026-10-01,2026-10-07,50,https://blix.pl/sklep/biedronka/gazetka/526608/?pageNumber=50,https://imgproxy.blix.pl/product_occurrence//9a7f6c09-49f9-4a34-be1c-0acb96faee58.jpg,2026-10-01
01a0f31a-458e-7d47-ad43-5c8bb48cb600,Biedronka,Suplementy diety Activlab,Activlab,19.99,,2026-10-01,2026-10-03,526608,Od czwartku,2026-10-01,2026-10-07,51,https://blix.pl/sklep/biedronka/gazetka/526608/?pageNumber=51,https://imgproxy.blix.pl/product_occurrence//a800de75-dc64-44b4-b1a5-ee2d80c91936.jpg,2026-10-01
01a0f31a-458e-7ed7-ad43-5c8bb4e67063,Biedronka,Witaminy Activlab,Activlab,14.99,,2026-10-01,2026-10-03,526608,Od czwartku,2026-10-01,2026-10-07,51,https://blix.pl/sklep/biedronka/gazetka/526608/?pageNumber=51,https://imgproxy.blix.pl/product_occurrence//70114a60-7e73-488c-8438-3baef67dd7ac.jpg,2026-10-01
01a0f31a-458e-7f8f-ad43-5c8bb521ccf4,Biedronka,Smoothie Ekamedica,Ekamedica,5.99,,2026-10-01,2026-10-03,526608,Od czwartku,2026-10-01,2026-10-07,51,https://blix.pl/sklep/biedronka/gazetka/526608/?pageNumber=51,https://imgproxy.blix.pl/product_occurrence//30b77c0e-ae3f-4d4f-b091-abc2c81fd567.jpg,2026-10-01
01a0f31a-458f-7061-8965-4811376c8d81,Biedronka,Kolagen Go Active,Go Active,59.99,,2026-10-01,2026-10-03,526608,Od czwartku,2026-10-01,2026-10-07,51,https://blix.pl/sklep/biedronka/gazetka/526608/?pageNumber=51,https://imgproxy.blix.pl/product_occurrence//59933fd1-fd67-49cf-a115-5baa416ad9a8.jpg,2026-10-01
01a0f31a-458f-70ed-8965-481138510188,Biedronka,Kreatyna Go Active,Go Active,59.99,,2026-10-01,2026-10-03,526608,Od czwartku,2026-10-01,2026-10-07,51,https://blix.pl/sklep/biedronka/gazetka/526608/?pageNumber=51,https://imgproxy.blix.pl/product_occurrence//85fbc382-4f95-4e36-b50d-600701df6340.jpg,2026-10-01
01a0f31a-458f-7151-8965-48113902bf8a,Biedronka,Białko wegetariańskie Go Active waniliowe,Go Active,39.99,,2026-10-01,2026-10-03,526608,Od czwartku,2026-10-01,2026-10-07,51,https://blix.pl/sklep/biedronka/gazetka/526608/?pageNumber=51,https://imgproxy.blix.pl/product_occurrence//fd0fd215-7287-41e0-9442-3874ac5385bb.jpg,2026-10-01
01a0f31a-458f-71d1-8965-48113980265e,Biedronka,Białko wegetariańskie Go Active ciasteczkowe,Go Active,39.99,,2026-10-01,2026-10-03,526608,Od czwartku,2026-10-01,2026-10-07,51,https://blix.pl/sklep/biedronka/gazetka/526608/?pageNumber=51,https://imgproxy.blix.pl/product_occurrence//a2b460e7-8aee-4635-9e00-478580d7ee5c.jpg,2026-10-01
01a0f31a-458f-7249-8965-4811399d32df,Biedronka,Izolat białka WPI Go Active wanilia,Go Active,59.99,,2026-10-01,2026-10-03,526608,Od czwartku,2026-10-01,2026-10-07,51,https://blix.pl/sklep/biedronka/gazetka/526608/?pageNumber=51,https://imgproxy.blix.pl/product_occurrence//47c71f58-aa34-4f9a-86c8-889dc4201aaf.jpg,2026-10-01
01a0f31a-458f-7331-8965-48113a048feb,Biedronka,Kolagen Shot All Nutrition All Deynn,All Nutrition,6.99,,2026-10-01,2026-10-03,526608,Od czwartku,2026-10-01,2026-10-07,51,https://blix.pl/sklep/biedronka/gazetka/526608/?pageNumber=51,https://imgproxy.blix.pl/product_occurrence//88920587-8bf1-4c47-b0f3-3e71a0fd9db3.jpg,2026-10-01
01a0f31a-458f-72a5-8965-481139aacb0c,Biedronka,Izolat białka WPI Go Active truskawka,Go Active,59.99,,2026-10-01,2026-10-03,526608,Od czwartku,2026-10-01,2026-10-07,51,https://blix.pl/sklep/biedronka/gazetka/526608/?pageNumber=51,https://imgproxy.blix.pl/product_occurrence//6427e357-01bd-4fc9-a826-f4857d400537.jpg,2026-10-01
01a0f31a-458f-73a1-8965-48113ac84e14,Biedronka,Kreatyna WK Dzik cola,Wk Dzik,49.99,,2026-10-01,2026-10-03,526608,Od czwartku,2026-10-01,2026-10-07,51,https://blix.pl/sklep/biedronka/gazetka/526608/?pageNumber=51,https://imgproxy.blix.pl/product_occurrence//c954863a-63ac-49f8-8b91-ac65a5823ce4.jpg,2026-10-01
01a0f31a-458f-7405-8965-48113ac9d568,Biedronka,Kreatyna WK Dzik mango,Wk Dzik,49.99,,2026-10-01,2026-10-03,526608,Od czwartku,2026-10-01,2026-10-07,51,https://blix.pl/sklep/biedronka/gazetka/526608/?pageNumber=51,https://imgproxy.blix.pl/product_occurrence//19a76117-8923-409b-8824-e8945355aa1e.jpg,2026-10-01
01a0f31a-458f-7491-8965-48113af2e1fe,Biedronka,Kreatyna WK Dzik truskawka i kiwi,Wk Dzik,49.99,,2026-10-01,2026-10-03,526608,Od czwartku,2026-10-01,2026-10-07,51,https://blix.pl/sklep/biedronka/gazetka/526608/?pageNumber=51,https://imgproxy.blix.pl/product_occurrence//b628ed8a-2c59-43a7-adf2-f63db9d36cf0.jpg,2026-10-01
01a0f31b-12a7-761c-a180-cae078da0db9,Biedronka,Filet pieczony z kurczaka Kraina Wędlin Nature,Kraina Wędlin Nature,12.99,,2026-10-01,2026-10-07,526608,Od czwartku,2026-10-01,2026-10-07,52,https://blix.pl/sklep/biedronka/gazetka/526608/?pageNumber=52,https://imgproxy.blix.pl/product_occurrence//2263f65d-5c48-4515-a08f-df271d29bfc8.jpg,2026-10-01
01a0f31b-12f5-72c8-81c3-94f296688d0f,Biedronka,Polędwica z łososia Superfish,Superfish,9.99,,2026-10-01,2026-10-07,526608,Od czwartku,2026-10-01,2026-10-07,53,https://blix.pl/sklep/biedronka/gazetka/526608/?pageNumber=53,https://imgproxy.blix.pl/product_occurrence//7bee7ef4-1030-4888-b1d2-4ed88decad34.jpg,2026-10-01
01a0f31b-1339-7287-91ca-0e061ba21ee8,Biedronka,Wafle WW Pumpkin Spice E.Wedel,E. Wedel,3.49,,2026-10-01,2026-10-07,526608,Od czwartku,2026-10-01,2026-10-07,54,https://blix.pl/sklep/biedronka/gazetka/526608/?pageNumber=54,https://imgproxy.blix.pl/product_occurrence//bcfbec02-d960-42ad-8033-be1dfa936299.jpg,2026-10-01
01a0f31b-1339-71df-91ca-0e061b84c58a,Biedronka,Czekolada WW Pumpkin Spice E.Wedel,E. Wedel,19.99,,2026-10-01,2026-10-07,526608,Od czwartku,2026-10-01,2026-10-07,54,https://blix.pl/sklep/biedronka/gazetka/526608/?pageNumber=54,https://imgproxy.blix.pl/product_occurrence//ccfeab9c-7a41-49b9-839f-ba9e5a6a5cc9.jpg,2026-10-01
01a0f31b-1339-72e7-91ca-0e061c8750b1,Biedronka,Cukierki WW Pumpkin Spice E.Wedel na wagę,E. Wedel,4.29,,2026-10-01,2026-10-07,526608,Od czwartku,2026-10-01,2026-10-07,54,https://blix.pl/sklep/biedronka/gazetka/526608/?pageNumber=54,https://imgproxy.blix.pl/product_occurrence//6b5c386b-577d-435b-8fa9-22c8bc6af9f7.jpg,2026-10-01
01a0f31b-138a-7a76-a2dd-cf2663cd8371,Biedronka,Rogal 7Days Croissant with cocoa filling,7Days,,,2026-10-01,2026-10-03,526608,Od czwartku,2026-10-01,2026-10-07,55,https://blix.pl/sklep/biedronka/gazetka/526608/?pageNumber=55,https://imgproxy.blix.pl/product_occurrence//32cc2c85-7030-4f87-a6f7-24afcdde8f3e.jpg,2026-10-01
01a0f31b-138a-7b4a-a2dd-cf26641cc701,Biedronka,Rogal Milka Choco Croissant Vanilla Flavour,Milka,,,2026-10-01,2026-10-03,526608,Od czwartku,2026-10-01,2026-10-07,55,https://blix.pl/sklep/biedronka/gazetka/526608/?pageNumber=55,https://imgproxy.blix.pl/product_occurrence//bd420f64-4ba6-459a-9dbc-630e3a9cff40.jpg,2026-10-01
01a0f31b-13da-78be-9708-22d2ada9ee03,Biedronka,Ciastka kremówki Bonitki śmietankowo-truskawkowe,Bonitki,14.99,,2026-10-01,2026-10-03,526608,Od czwartku,2026-10-01,2026-10-07,56,https://blix.pl/sklep/biedronka/gazetka/526608/?pageNumber=56,https://imgproxy.blix.pl/product_occurrence//62f63afe-b084-4165-912e-69acd62815b5.jpg,2026-10-01
01a0f31b-13da-797e-9708-22d2ae5af5d6,Biedronka,Ciastka kremówki Bonitki śmietankowo-jagodowe,Bonitki,14.99,,2026-10-01,2026-10-03,526608,Od czwartku,2026-10-01,2026-10-07,56,https://blix.pl/sklep/biedronka/gazetka/526608/?pageNumber=56,https://imgproxy.blix.pl/product_occurrence//9e6a70dd-f724-4a68-a16f-b525a2dc8fd8.jpg,2026-10-01
01a0f31b-13da-79de-9708-22d2aeac0be8,Biedronka,Wafle maślane Bonitki,Bonitki,5.99,,2026-10-01,2026-10-03,526608,Od czwartku,2026-10-01,2026-10-07,56,https://blix.pl/sklep/biedronka/gazetka/526608/?pageNumber=56,https://imgproxy.blix.pl/product_occurrence//84dc8f83-fac2-4ae4-af6c-4b4784b45e0e.jpg,2026-10-01
01a0f31b-13da-7a2a-9708-22d2af090e04,Biedronka,Rogaliki kakaowe Baitz 5-pak,Baitz,4.99,,2026-10-01,2026-10-03,526608,Od czwartku,2026-10-01,2026-10-07,56,https://blix.pl/sklep/biedronka/gazetka/526608/?pageNumber=56,https://imgproxy.blix.pl/product_occurrence//0d9014ad-f5da-4606-b966-1f204524d148.jpg,2026-10-01
01a0f31b-13da-7a86-9708-22d2af24ec4b,Biedronka,Precle solone w polewie karmelowej Baitz,Baitz,3.99,,2026-10-01,2026-10-03,526608,Od czwartku,2026-10-01,2026-10-07,56,https://blix.pl/sklep/biedronka/gazetka/526608/?pageNumber=56,https://imgproxy.blix.pl/product_occurrence//af00b848-924c-4baa-b046-90f7fb205482.jpg,2026-10-01
01a0f31b-13da-7ace-9708-22d2af444a35,Biedronka,Cukierki Pumpkin Mieszanka Wedlowska na wagę E.Wedel,E. Wedel,4.29,,2026-10-01,2026-10-03,526608,Od czwartku,2026-10-01,2026-10-07,56,https://blix.pl/sklep/biedronka/gazetka/526608/?pageNumber=56,https://imgproxy.blix.pl/product_occurrence//b7832a4b-3150-4cb6-a45e-8605890045fa.jpg,2026-10-01
01a0f31b-13da-7b5a-9708-22d2aff4a13b,Biedronka,Pistacje prażone solone BakaD'Or,Bakad'or,29.99,,2026-10-01,2026-10-03,526608,Od czwartku,2026-10-01,2026-10-07,56,https://blix.pl/sklep/biedronka/gazetka/526608/?pageNumber=56,https://imgproxy.blix.pl/product_occurrence//55311b4a-2fd4-4035-b164-ee6ee119af5f.jpg,2026-10-01
01a0f31b-13da-7b12-9708-22d2af59b74b,Biedronka,Czekolada WW E.Wedel,E. Wedel,13.99,,2026-10-01,2026-10-03,526608,Od czwartku,2026-10-01,2026-10-07,56,https://blix.pl/sklep/biedronka/gazetka/526608/?pageNumber=56,https://imgproxy.blix.pl/product_occurrence//fe29823b-4787-4d1f-9380-85d5ab91bad4.jpg,2026-10-01
01a0f31b-13da-7b9e-9708-22d2b0dec7c5,Biedronka,Daktyle suszone BakaD'Or,Bakad'or,14.99,,2026-10-01,2026-10-03,526608,Od czwartku,2026-10-01,2026-10-07,56,https://blix.pl/sklep/biedronka/gazetka/526608/?pageNumber=56,https://imgproxy.blix.pl/product_occurrence//484a79b0-4020-499c-866b-033c22a5adb3.jpg,2026-10-01
01a0f31b-13da-7be6-9708-22d2b1144d2a,Biedronka,Mieszanka nerkowiec-żurawina BakaD'Or,Bakad'or,23.99,,2026-10-01,2026-10-03,526608,Od czwartku,2026-10-01,2026-10-07,56,https://blix.pl/sklep/biedronka/gazetka/526608/?pageNumber=56,https://imgproxy.blix.pl/product_occurrence//65861157-b350-424e-b094-dac8a60cf62e.jpg,2026-10-01
01a0f31b-13da-7c36-9708-22d2b1742975,Biedronka,Chrupki z soczewicy TOP,Top,3.49,,2026-10-01,2026-10-03,526608,Od czwartku,2026-10-01,2026-10-07,56,https://blix.pl/sklep/biedronka/gazetka/526608/?pageNumber=56,https://imgproxy.blix.pl/product_occurrence//9f9aeed1-a5e3-46e5-aa47-47c33d779dca.jpg,2026-10-01
01a0f31b-13da-7ca6-9708-22d2b1af359e,Biedronka,Draże Maltesers,Maltesers,8.99,,2026-10-01,2026-10-03,526608,Od czwartku,2026-10-01,2026-10-07,56,https://blix.pl/sklep/biedronka/gazetka/526608/?pageNumber=56,https://imgproxy.blix.pl/product_occurrence//243639ea-82e9-452c-969e-bd5452f00c73.jpg,2026-10-01
01a0f31b-13da-7d42-9708-22d2b26a14e4,Biedronka,Podpłomyki mini Kupiec,Kupiec,4.99,,2026-10-01,2026-10-03,526608,Od czwartku,2026-10-01,2026-10-07,56,https://blix.pl/sklep/biedronka/gazetka/526608/?pageNumber=56,https://imgproxy.blix.pl/product_occurrence//fb195c8b-55de-47d3-84da-414eb3b5af09.jpg,2026-10-01
01a0f31b-f3c0-750b-ba1d-7e98bfa582a0,Biedronka,Chipsy Lay's,Lay's,,,2026-10-01,2026-10-03,526608,Od czwartku,2026-10-01,2026-10-07,57,https://blix.pl/sklep/biedronka/gazetka/526608/?pageNumber=57,https://imgproxy.blix.pl/product_occurrence//76cd4d19-66db-4aab-8d5f-53152627a7f9.jpg,2026-10-01
01a0f31b-f3c0-7647-ba1d-7e98c0a88f48,Biedronka,Chipsy Lay's Green Onion,Lay's,,,2026-10-01,2026-10-03,526608,Od czwartku,2026-10-01,2026-10-07,57,https://blix.pl/sklep/biedronka/gazetka/526608/?pageNumber=57,https://imgproxy.blix.pl/product_occurrence//f3a42adf-bdd9-44ea-b70a-a615c9433f39.jpg,2026-10-01
01a0f31b-f3c0-75d3-ba1d-7e98bfcbb8e6,Biedronka,Chipsy Lay's Paprika,Lay's,,,2026-10-01,2026-10-03,526608,Od czwartku,2026-10-01,2026-10-07,57,https://blix.pl/sklep/biedronka/gazetka/526608/?pageNumber=57,https://imgproxy.blix.pl/product_occurrence//d6ec48cd-b5ba-4d97-a59a-6e5499554d81.jpg,2026-10-01
01a0f31b-f3c0-7707-ba1d-7e98c137ae48,Biedronka,Chipsy Lay's MAX Strong,Lay's,,,2026-10-01,2026-10-03,526608,Od czwartku,2026-10-01,2026-10-07,57,https://blix.pl/sklep/biedronka/gazetka/526608/?pageNumber=57,https://imgproxy.blix.pl/product_occurrence//1dcaa2ac-ae10-4ed9-a403-187018161381.jpg,2026-10-01
01a0f31b-f3c0-776f-ba1d-7e98c1618ab5,Biedronka,Chipsy Lay's Oven Baked Grilled Paprika,Lay's,,,2026-10-01,2026-10-03,526608,Od czwartku,2026-10-01,2026-10-07,57,https://blix.pl/sklep/biedronka/gazetka/526608/?pageNumber=57,https://imgproxy.blix.pl/product_occurrence//55177a2e-5aed-4579-9b16-f0975a2bc416.jpg,2026-10-01
01a0f31b-f3c0-77cb-ba1d-7e98c196d6f0,Biedronka,Chipsy Lay's MAX Karbowane Green Onion,Lay's,,,2026-10-01,2026-10-03,526608,Od czwartku,2026-10-01,2026-10-07,57,https://blix.pl/sklep/biedronka/gazetka/526608/?pageNumber=57,https://imgproxy.blix.pl/product_occurrence//30e04d95-8665-4070-ab6a-1469bac90f2a.jpg,2026-10-01
01a0f31b-f3c0-781f-ba1d-7e98c223c4d9,Biedronka,Chipsy Lay's Fromage,Lay's,,,2026-10-01,2026-10-03,526608,Od czwartku,2026-10-01,2026-10-07,57,https://blix.pl/sklep/biedronka/gazetka/526608/?pageNumber=57,https://imgproxy.blix.pl/product_occurrence//aefdd282-e224-4ab8-ac2b-7c07c8efa801.jpg,2026-10-01
01a0f31b-f3c0-789b-ba1d-7e98c2caa406,Biedronka,Muesli One Day More,One Day More,,,2026-10-01,2026-10-03,526608,Od czwartku,2026-10-01,2026-10-07,57,https://blix.pl/sklep/biedronka/gazetka/526608/?pageNumber=57,https://imgproxy.blix.pl/product_occurrence//b099dc0d-265f-42c1-9f6a-3278f066b657.jpg,2026-10-01
01a0f31b-f3c0-794f-ba1d-7e98c3c1a2dd,Biedronka,Chrupki CrispsTop ketchup,Crispstop,4.99,,2026-10-01,2026-10-03,526608,Od czwartku,2026-10-01,2026-10-07,57,https://blix.pl/sklep/biedronka/gazetka/526608/?pageNumber=57,https://imgproxy.blix.pl/product_occurrence//b746aaef-f2bd-4b1c-9e6c-aed5e536f85f.jpg,2026-10-01
01a0f31b-f3c0-78f7-ba1d-7e98c38b4ff0,Biedronka,Chrupki CrispsTop pizza,Crispstop,4.99,,2026-10-01,2026-10-03,526608,Od czwartku,2026-10-01,2026-10-07,57,https://blix.pl/sklep/biedronka/gazetka/526608/?pageNumber=57,https://imgproxy.blix.pl/product_occurrence//e6f2277d-fee1-4587-89a2-9fd1f1453585.jpg,2026-10-01
01a0f31b-f3c0-79a3-ba1d-7e98c447cbfc,Biedronka,Chipsy Doritos sweet chilli,Doritos,6.99,,2026-10-01,2026-10-03,526608,Od czwartku,2026-10-01,2026-10-07,57,https://blix.pl/sklep/biedronka/gazetka/526608/?pageNumber=57,https://imgproxy.blix.pl/product_occurrence//75da5628-006b-49c5-977e-122d9e85949a.jpg,2026-10-01
01a0f31b-f3c0-79f7-ba1d-7e98c4676c4d,Biedronka,Chipsy Doritos cool original,Doritos,6.99,,2026-10-01,2026-10-03,526608,Od czwartku,2026-10-01,2026-10-07,57,https://blix.pl/sklep/biedronka/gazetka/526608/?pageNumber=57,https://imgproxy.blix.pl/product_occurrence//74ec3a27-b6a1-4801-b91b-3806f52368ba.jpg,2026-10-01
01a0f31b-f3c0-7a47-ba1d-7e98c4fa901e,Biedronka,Chipsy Doritos cinnamon,Doritos,6.99,,2026-10-01,2026-10-03,526608,Od czwartku,2026-10-01,2026-10-07,57,https://blix.pl/sklep/biedronka/gazetka/526608/?pageNumber=57,https://imgproxy.blix.pl/product_occurrence//cbecf1b6-c99a-4b9c-9545-61fa1aa7318d.jpg,2026-10-01
01a0f31b-f3c0-7a9b-ba1d-7e98c5869789,Biedronka,Paluszki Lajkonik klasyczne,Lajkonik,3.49,,2026-10-01,2026-10-03,526608,Od czwartku,2026-10-01,2026-10-07,57,https://blix.pl/sklep/biedronka/gazetka/526608/?pageNumber=57,https://imgproxy.blix.pl/product_occurrence//096ef64d-9ac0-4e5b-b934-16a910606e45.jpg,2026-10-01
01a0f31b-f3c0-7aef-ba1d-7e98c68350e2,Biedronka,Paluszki Lajkonik Junior,Lajkonik,3.49,,2026-10-01,2026-10-03,526608,Od czwartku,2026-10-01,2026-10-07,57,https://blix.pl/sklep/biedronka/gazetka/526608/?pageNumber=57,https://imgproxy.blix.pl/product_occurrence//cb3f99a0-acd2-4fac-b84d-3c63fd3b3aee.jpg,2026-10-01
01a0f31b-f3c0-7b43-ba1d-7e98c6dde3c5,Biedronka,Chipsy Cheetos Avengers Salted Toffee,Cheetos,7.49,,2026-10-01,2026-10-03,526608,Od czwartku,2026-10-01,2026-10-07,57,https://blix.pl/sklep/biedronka/gazetka/526608/?pageNumber=57,https://imgproxy.blix.pl/product_occurrence//7829ffb6-ac65-457a-9472-6b142a3dcaac.jpg,2026-10-01
01a0f31b-f3c0-7b97-ba1d-7e98c781f2c0,Biedronka,Chipsy Cheetos Avengers Ketchup,Cheetos,7.49,,2026-10-01,2026-10-03,526608,Od czwartku,2026-10-01,2026-10-07,57,https://blix.pl/sklep/biedronka/gazetka/526608/?pageNumber=57,https://imgproxy.blix.pl/product_occurrence//4f83fcd1-40f3-44a7-a385-e82b8c09c65c.jpg,2026-10-01
01a0f31b-f4b1-7b67-aa02-027481137f81,Biedronka,Napój gazowany Coca-Cola Zero Cukru,Coca-Cola,4.99,,2026-10-01,2026-10-03,526608,Od czwartku,2026-10-01,2026-10-07,58,https://blix.pl/sklep/biedronka/gazetka/526608/?pageNumber=58,https://imgproxy.blix.pl/product_occurrence//7aca5b79-963d-40b8-aa2b-782c93246396.jpg,2026-10-01
01a0f31b-f4b1-7c3b-aa02-02748187783d,Biedronka,Napój gazowany Coca-Cola,Coca-Cola,4.99,,2026-10-01,2026-10-03,526608,Od czwartku,2026-10-01,2026-10-07,58,https://blix.pl/sklep/biedronka/gazetka/526608/?pageNumber=58,https://imgproxy.blix.pl/product_occurrence//99b89203-dcba-447f-b077-aaa499e7a4c4.jpg,2026-10-01
01a0f31b-f4b1-7caf-aa02-027481968e93,Biedronka,Napój gazowany Coca-Cola Zero-Zero,Coca-Cola,4.99,,2026-10-01,2026-10-03,526608,Od czwartku,2026-10-01,2026-10-07,58,https://blix.pl/sklep/biedronka/gazetka/526608/?pageNumber=58,https://imgproxy.blix.pl/product_occurrence//6d7626e6-8a81-4258-a699-9a71054ea660.jpg,2026-10-01
01a0f31b-f4b1-7d0b-aa02-02748243c79c,Biedronka,Napój gazowany Fanta,Fanta,4.99,,2026-10-01,2026-10-03,526608,Od czwartku,2026-10-01,2026-10-07,58,https://blix.pl/sklep/biedronka/gazetka/526608/?pageNumber=58,https://imgproxy.blix.pl/product_occurrence//89100ba0-52dd-40fa-a6eb-38b670fe0736.jpg,2026-10-01
01a0f31b-f4b1-7e53-aa02-027483b322e4,Biedronka,Napój gazowany Sprite Zero,Sprite,4.99,,2026-10-01,2026-10-03,526608,Od czwartku,2026-10-01,2026-10-07,58,https://blix.pl/sklep/biedronka/gazetka/526608/?pageNumber=58,https://imgproxy.blix.pl/product_occurrence//0bf36c31-ef44-4561-ba41-0045a6708a85.jpg,2026-10-01
01a0f31b-f4b1-7d67-aa02-0274828bd46d,Biedronka,Napój gazowany Fanta Zero,Fanta,4.99,,2026-10-01,2026-10-03,526608,Od czwartku,2026-10-01,2026-10-07,58,https://blix.pl/sklep/biedronka/gazetka/526608/?pageNumber=58,https://imgproxy.blix.pl/product_occurrence//248dd9d7-3567-40ec-91d4-82fb86510606.jpg,2026-10-01
01a0f31b-f4b1-7df7-aa02-027483633037,Biedronka,Napój gazowany Sprite,Sprite,4.99,,2026-10-01,2026-10-03,526608,Od czwartku,2026-10-01,2026-10-07,58,https://blix.pl/sklep/biedronka/gazetka/526608/?pageNumber=58,https://imgproxy.blix.pl/product_occurrence//3b411720-72b0-4e88-a6f7-d04b8ab60d9b.jpg,2026-10-01
01a0f31b-f4b1-7eaf-aa02-027484666174,Biedronka,Napój energetyczny Black Classic,Black,2.99,,2026-10-01,2026-10-03,526608,Od czwartku,2026-10-01,2026-10-07,58,https://blix.pl/sklep/biedronka/gazetka/526608/?pageNumber=58,https://imgproxy.blix.pl/product_occurrence//015f011b-910a-44f9-845f-e2e2c4477189.jpg,2026-10-01
01a0f31b-f4b1-7f07-aa02-0274852702fc,Biedronka,Napój energetyczny Black Zero Cukru,Black,2.99,,2026-10-01,2026-10-03,526608,Od czwartku,2026-10-01,2026-10-07,58,https://blix.pl/sklep/biedronka/gazetka/526608/?pageNumber=58,https://imgproxy.blix.pl/product_occurrence//89c4a697-3b3b-450a-ae72-80e9d6fa54f8.jpg,2026-10-01
01a0f31b-f4b1-7f5f-aa02-027485f5d5e6,Biedronka,Napój energetyczny Black Mojito,Black,2.99,,2026-10-01,2026-10-03,526608,Od czwartku,2026-10-01,2026-10-07,58,https://blix.pl/sklep/biedronka/gazetka/526608/?pageNumber=58,https://imgproxy.blix.pl/product_occurrence//cb43d46b-a299-4233-ac73-cb5cfe03e05b.jpg,2026-10-01
01a0f31b-f4b2-7014-abb9-3ef62b19de35,Biedronka,Napój energetyczny Be Power,Be Power,2.99,,2026-10-01,2026-10-03,526608,Od czwartku,2026-10-01,2026-10-07,58,https://blix.pl/sklep/biedronka/gazetka/526608/?pageNumber=58,https://imgproxy.blix.pl/product_occurrence//3e2a889f-d0f8-4902-b237-e9d0c5a1cac5.jpg,2026-10-01
01a0f31b-f4b2-7070-abb9-3ef62b9a512e,Biedronka,Herbata ice tea Remsey biała o smaku wiśni,Remsey,2.49,,2026-10-01,2026-10-03,526608,Od czwartku,2026-10-01,2026-10-07,58,https://blix.pl/sklep/biedronka/gazetka/526608/?pageNumber=58,https://imgproxy.blix.pl/product_occurrence//b2633fa2-c3be-4fb1-985c-6c9ed108febd.jpg,2026-10-01
01a0f31b-f4b2-70c8-abb9-3ef62bcd1165,Biedronka,Herbata ice tea Remsey czarna o smaku limonki,Remsey,2.49,,2026-10-01,2026-10-03,526608,Od czwartku,2026-10-01,2026-10-07,58,https://blix.pl/sklep/biedronka/gazetka/526608/?pageNumber=58,https://imgproxy.blix.pl/product_occurrence//a0307a8c-52ba-431f-bfd2-e6a76403d551.jpg,2026-10-01
01a0f31b-f4b2-7144-abb9-3ef62c8cf8a4,Biedronka,Napój aloesowy Riviva,Riviva,3.29,,2026-10-01,2026-10-03,526608,Od czwartku,2026-10-01,2026-10-07,58,https://blix.pl/sklep/biedronka/gazetka/526608/?pageNumber=58,https://imgproxy.blix.pl/product_occurrence//eb387b48-ab6b-4499-8af6-047b6e1be916.jpg,2026-10-01
01a0f31b-f4b2-719c-abb9-3ef62ca6cd16,Biedronka,Smoothie Vital Fresh mango jabłko banan marakuja,Vital Fresh,,,2026-10-01,2026-10-03,526608,Od czwartku,2026-10-01,2026-10-07,58,https://blix.pl/sklep/biedronka/gazetka/526608/?pageNumber=58,https://imgproxy.blix.pl/product_occurrence//031b8dd3-5683-4f39-9c2a-07343a61e5cd.jpg,2026-10-01
01a0f31b-f4b2-7200-abb9-3ef62d403b84,Biedronka,Smoothie Vital Fresh marchewka jabłko ananas brzoskwinia pomarańcza,Vital Fresh,,,2026-10-01,2026-10-03,526608,Od czwartku,2026-10-01,2026-10-07,58,https://blix.pl/sklep/biedronka/gazetka/526608/?pageNumber=58,https://imgproxy.blix.pl/product_occurrence//caceace6-b140-4d50-868d-5256d0f8044a.jpg,2026-10-01
01a0f31b-f4b2-7258-abb9-3ef62dce494a,Biedronka,Smoothie Vital Fresh jeżyna jabłko malina czarna porzeczka,Vital Fresh,,,2026-10-01,2026-10-03,526608,Od czwartku,2026-10-01,2026-10-07,58,https://blix.pl/sklep/biedronka/gazetka/526608/?pageNumber=58,https://imgproxy.blix.pl/product_occurrence//683bb5ea-4d9b-457a-8522-483de50fd572.jpg,2026-10-01
01a0f31b-f4b2-7308-abb9-3ef62f19d3fa,Biedronka,Smoothie Vital Fresh guava jabłko banan winogrono,Vital Fresh,,,2026-10-01,2026-10-03,526608,Od czwartku,2026-10-01,2026-10-07,58,https://blix.pl/sklep/biedronka/gazetka/526608/?pageNumber=58,https://imgproxy.blix.pl/product_occurrence//b1afafdf-3d32-4815-86dc-447ff7c22977.jpg,2026-10-01
01a0f31b-f4b2-72b4-abb9-3ef62e90d4a8,Biedronka,Smoothie Vital Fresh granat czerwone winogrono banan jagoda,Vital Fresh,,,2026-10-01,2026-10-03,526608,Od czwartku,2026-10-01,2026-10-07,58,https://blix.pl/sklep/biedronka/gazetka/526608/?pageNumber=58,https://imgproxy.blix.pl/product_occurrence//fe0b7b13-1e4c-4652-9724-a3c275f7b00a.jpg,2026-10-01
01a0f31b-f4b2-73b4-abb9-3ef62f96e48e,Biedronka,Napój proteinowy Go Active o smaku waniliowego ciasteczka,Go Active,4.99,,2026-10-01,2026-10-03,526608,Od czwartku,2026-10-01,2026-10-07,58,https://blix.pl/sklep/biedronka/gazetka/526608/?pageNumber=58,https://imgproxy.blix.pl/product_occurrence//f687b748-378d-4248-b9cb-c298c4df31ce.jpg,2026-10-01
01a0f31b-f4b2-7360-abb9-3ef62f225a51,Biedronka,Napój proteinowy Go Active czekoladowy,Go Active,4.99,,2026-10-01,2026-10-03,526608,Od czwartku,2026-10-01,2026-10-07,58,https://blix.pl/sklep/biedronka/gazetka/526608/?pageNumber=58,https://imgproxy.blix.pl/product_occurrence//6d120170-acf2-449a-9a31-127a6be7b7d7.jpg,2026-10-01
01a0f31b-f4b2-7408-abb9-3ef62fd35999,Biedronka,Napój z błonnikiem Go Active red orange and clementine,Go Active,3.99,,2026-10-01,2026-10-03,526608,Od czwartku,2026-10-01,2026-10-07,58,https://blix.pl/sklep/biedronka/gazetka/526608/?pageNumber=58,https://imgproxy.blix.pl/product_occurrence//ea5f774c-fff3-427b-9dc4-1aedcd519979.jpg,2026-10-01
01a0f31b-f4b2-745c-abb9-3ef6301b65c8,Biedronka,Napój z błonnikiem Go Active peach and vanilla,Go Active,3.99,,2026-10-01,2026-10-03,526608,Od czwartku,2026-10-01,2026-10-07,58,https://blix.pl/sklep/biedronka/gazetka/526608/?pageNumber=58,https://imgproxy.blix.pl/product_occurrence//bd55a9cc-06ea-45fc-8779-33a6a63d3643.jpg,2026-10-01
01a0f31b-f601-7581-bfc4-614ffcb8c645,Biedronka,Napój energetyczny Tiger classic,Tiger,4.49,,2026-10-01,2026-10-03,526608,Od czwartku,2026-10-01,2026-10-07,59,https://blix.pl/sklep/biedronka/gazetka/526608/?pageNumber=59,https://imgproxy.blix.pl/product_occurrence//cac9c225-a7f1-450d-bea2-5bb2d83456b3.jpg,2026-10-01
01a0f31b-f601-7679-bfc4-614ffd90868e,Biedronka,Napój energetyczny Tiger kiwi-limonka,Tiger,4.49,,2026-10-01,2026-10-03,526608,Od czwartku,2026-10-01,2026-10-07,59,https://blix.pl/sklep/biedronka/gazetka/526608/?pageNumber=59,https://imgproxy.blix.pl/product_occurrence//c0c5ffce-0538-49c3-b808-3a92e876d342.jpg,2026-10-01
01a0f31b-f601-770d-bfc4-614ffdefeda1,Biedronka,Napój energetyczny Tiger jagoda,Tiger,4.49,,2026-10-01,2026-10-03,526608,Od czwartku,2026-10-01,2026-10-07,59,https://blix.pl/sklep/biedronka/gazetka/526608/?pageNumber=59,https://imgproxy.blix.pl/product_occurrence//6600265f-6b52-4aea-868f-7ab1a51a4be9.jpg,2026-10-01
01a0f31b-f601-7789-bfc4-614ffe51014e,Biedronka,Napój energetyczny Tiger brzoskwinia,Tiger,4.49,,2026-10-01,2026-10-03,526608,Od czwartku,2026-10-01,2026-10-07,59,https://blix.pl/sklep/biedronka/gazetka/526608/?pageNumber=59,https://imgproxy.blix.pl/product_occurrence//66947c43-0599-48f6-ac67-ea489f913ec8.jpg,2026-10-01
01a0f31b-f601-7801-bfc4-614ffe60f84c,Biedronka,Napój energetyczny Tiger classic,Tiger,1.99,,2026-10-01,2026-10-03,526608,Od czwartku,2026-10-01,2026-10-07,59,https://blix.pl/sklep/biedronka/gazetka/526608/?pageNumber=59,https://imgproxy.blix.pl/product_occurrence//4635b150-1044-44fe-8bf4-8391a4297eeb.jpg,2026-10-01
01a0f31b-f601-786d-bfc4-614ffef1d7e8,Biedronka,Napój energetyczny Tiger classic max,Tiger,1.99,,2026-10-01,2026-10-03,526608,Od czwartku,2026-10-01,2026-10-07,59,https://blix.pl/sklep/biedronka/gazetka/526608/?pageNumber=59,https://imgproxy.blix.pl/product_occurrence//385d413f-dcc7-4f71-95e8-d2ac1f242e13.jpg,2026-10-01
01a0f31b-f601-78d9-bfc4-614fff7f3b60,Biedronka,Napój energetyczny Tiger malina zero,Tiger,1.99,,2026-10-01,2026-10-03,526608,Od czwartku,2026-10-01,2026-10-07,59,https://blix.pl/sklep/biedronka/gazetka/526608/?pageNumber=59,https://imgproxy.blix.pl/product_occurrence//55106d62-b478-4d40-8b6f-880858815ff6.jpg,2026-10-01
01a0f31b-f601-7945-bfc4-6150007e1598,Biedronka,Napój energetyczny Tiger brzoskwinia,Tiger,1.99,,2026-10-01,2026-10-03,526608,Od czwartku,2026-10-01,2026-10-07,59,https://blix.pl/sklep/biedronka/gazetka/526608/?pageNumber=59,https://imgproxy.blix.pl/product_occurrence//84a9f76f-da97-43f9-aa79-bcff36387a32.jpg,2026-10-01
01a0f31b-f601-79a9-bfc4-6150008e0338,Biedronka,Napój energetyczny Tiger poziomka,Tiger,1.99,,2026-10-01,2026-10-03,526608,Od czwartku,2026-10-01,2026-10-07,59,https://blix.pl/sklep/biedronka/gazetka/526608/?pageNumber=59,https://imgproxy.blix.pl/product_occurrence//7bcf881a-3c82-40b0-a1ac-2a4dbf02e511.jpg,2026-10-01
01a0f31b-f601-7a15-bfc4-615000daf7d1,Biedronka,Napój energetyczny Tiger mirabelka,Tiger,1.99,,2026-10-01,2026-10-03,526608,Od czwartku,2026-10-01,2026-10-07,59,https://blix.pl/sklep/biedronka/gazetka/526608/?pageNumber=59,https://imgproxy.blix.pl/product_occurrence//fcceae98-ae7a-4c99-8d61-539d97c0c553.jpg,2026-10-01
01a0f31b-f601-7a75-bfc4-6150010e4860,Biedronka,Napój energetyczny Tiger malina,Tiger,1.99,,2026-10-01,2026-10-03,526608,Od czwartku,2026-10-01,2026-10-07,59,https://blix.pl/sklep/biedronka/gazetka/526608/?pageNumber=59,https://imgproxy.blix.pl/product_occurrence//9c3046f6-1879-47bc-bfd6-46ab7c031a86.jpg,2026-10-01
01a0f31b-f601-7ad9-bfc4-6150013835b4,Biedronka,Napój energetyczny Red Bull,Red Bull,4.99,,2026-10-01,2026-10-07,526608,Od czwartku,2026-10-01,2026-10-07,59,https://blix.pl/sklep/biedronka/gazetka/526608/?pageNumber=59,https://imgproxy.blix.pl/product_occurrence//48e1d2cb-f12f-4612-9522-d6354a130b63.jpg,2026-10-01
01a0f31b-f601-7b61-bfc4-6150013ff0a3,Biedronka,Napój lemonade Oshee mango-pineapple-lemon,Oshee,3.79,,2026-10-01,2026-10-07,526608,Od czwartku,2026-10-01,2026-10-07,59,https://blix.pl/sklep/biedronka/gazetka/526608/?pageNumber=59,https://imgproxy.blix.pl/product_occurrence//bcfa0f89-5633-4de0-a585-79d9d5984e0f.jpg,2026-10-01
01a0f31b-f601-7bcd-bfc4-615001c3298c,Biedronka,Napój lemonade Oshee blueberry-blackcurrant,Oshee,3.79,,2026-10-01,2026-10-07,526608,Od czwartku,2026-10-01,2026-10-07,59,https://blix.pl/sklep/biedronka/gazetka/526608/?pageNumber=59,https://imgproxy.blix.pl/product_occurrence//1fb67486-5d35-4aac-8f66-11aaecf228f3.jpg,2026-10-01
01a0f31b-f6d9-7b4b-b059-a7e1e8773dd5,Biedronka,Piwo Žatecký Světlý Ležák 9-pak 500 ml,Žatecký,2.99,,2026-10-01,2026-10-07,526608,Od czwartku,2026-10-01,2026-10-07,60,https://blix.pl/sklep/biedronka/gazetka/526608/?pageNumber=60,https://imgproxy.blix.pl/product_occurrence//52fba729-4662-4a9b-88b5-9682d5167578.jpg,2026-10-01
01a0f31b-f6d9-7c57-b059-a7e1e908da01,Biedronka,Piwo Żywiec Porter,Żywiec,6.99,,2026-10-01,2026-10-07,526608,Od czwartku,2026-10-01,2026-10-07,60,https://blix.pl/sklep/biedronka/gazetka/526608/?pageNumber=60,https://imgproxy.blix.pl/product_occurrence//7b4aa7f6-5db4-413f-a563-6804f164156e.jpg,2026-10-01
01a0f31b-f6d9-7cd7-b059-a7e1e9738e1f,Biedronka,Piwo Żywiec Białe,Żywiec,3.49,,2026-10-01,2026-10-07,526608,Od czwartku,2026-10-01,2026-10-07,60,https://blix.pl/sklep/biedronka/gazetka/526608/?pageNumber=60,https://imgproxy.blix.pl/product_occurrence//3260b37e-63d8-4acf-ae43-5f865e82e233.jpg,2026-10-01
01a0f31b-f6d9-7d43-b059-a7e1e97620f3,Biedronka,Piwo Żywiec Białe z nutą wiśni,Żywiec,3.49,,2026-10-01,2026-10-07,526608,Od czwartku,2026-10-01,2026-10-07,60,https://blix.pl/sklep/biedronka/gazetka/526608/?pageNumber=60,https://imgproxy.blix.pl/product_occurrence//80ef9683-add3-462d-9165-1a167c05bfa6.jpg,2026-10-01
01a0f31b-f6d9-7e03-b059-a7e1ea4157e4,Biedronka,Piwo Żywiec Białe z nutą imbiru,Żywiec,3.49,,2026-10-01,2026-10-07,526608,Od czwartku,2026-10-01,2026-10-07,60,https://blix.pl/sklep/biedronka/gazetka/526608/?pageNumber=60,https://imgproxy.blix.pl/product_occurrence//24f23786-03f8-4834-8e2b-567f1babab86.jpg,2026-10-01
01a0f31b-f75c-7acf-abd9-eb1eb7bdce1c,Biedronka,"Piwo Łomża 4,5% jabłko i trawa żubrowa",Łomża,3.99,,2026-10-01,2026-10-03,526608,Od czwartku,2026-10-01,2026-10-07,61,https://blix.pl/sklep/biedronka/gazetka/526608/?pageNumber=61,https://imgproxy.blix.pl/product_occurrence//55dfc608-8776-414e-896c-53d9b91f2fe9.jpg,2026-10-01
01a0f31b-f75c-7b9f-abd9-eb1eb8841d05,Biedronka,"Piwo Łomża 4,5% gruszka",Łomża,3.99,,2026-10-01,2026-10-03,526608,Od czwartku,2026-10-01,2026-10-07,61,https://blix.pl/sklep/biedronka/gazetka/526608/?pageNumber=61,https://imgproxy.blix.pl/product_occurrence//0483953e-f8c3-438e-b6ed-8d4baf197d91.jpg,2026-10-01
01a0f31b-f75c-7c07-abd9-eb1eb8ad0af9,Biedronka,"Piwo Łomża 4,5% mirabelka",Łomża,3.99,,2026-10-01,2026-10-03,526608,Od czwartku,2026-10-01,2026-10-07,61,https://blix.pl/sklep/biedronka/gazetka/526608/?pageNumber=61,https://imgproxy.blix.pl/product_occurrence//ae93061a-63ad-4027-a887-856f12661703.jpg,2026-10-01
01a0f31b-f75c-7c57-abd9-eb1eb917c57c,Biedronka,"Piwo Łomża 4,5% śliwka",Łomża,3.99,,2026-10-01,2026-10-03,526608,Od czwartku,2026-10-01,2026-10-07,61,https://blix.pl/sklep/biedronka/gazetka/526608/?pageNumber=61,https://imgproxy.blix.pl/product_occurrence//39b0972c-e687-4930-9d78-5dc0754e3d60.jpg,2026-10-01
01a0f31b-f75c-7ceb-abd9-eb1eba879890,Biedronka,"Piwo Prem Melon 4,5%",Prem,2.99,,2026-10-01,2026-10-03,526608,Od czwartku,2026-10-01,2026-10-07,61,https://blix.pl/sklep/biedronka/gazetka/526608/?pageNumber=61,https://imgproxy.blix.pl/product_occurrence//11ac32c7-f561-48ce-85c3-0f557cd08ebc.jpg,2026-10-01
01a0f31b-f75c-7ca3-abd9-eb1eba00e53a,Biedronka,"Piwo Prem Blackcurrant 4,5%",Prem,2.99,,2026-10-01,2026-10-03,526608,Od czwartku,2026-10-01,2026-10-07,61,https://blix.pl/sklep/biedronka/gazetka/526608/?pageNumber=61,https://imgproxy.blix.pl/product_occurrence//0ff4b77c-eada-4a3a-bd2b-097d9880e565.jpg,2026-10-01
01a0f31b-f75c-7d33-abd9-eb1ebb7703ab,Biedronka,Piwo bezalkoholowe Prem Radler Lemon Lime Mint,Prem,2.99,,2026-10-01,2026-10-03,526608,Od czwartku,2026-10-01,2026-10-07,61,https://blix.pl/sklep/biedronka/gazetka/526608/?pageNumber=61,https://imgproxy.blix.pl/product_occurrence//fb135afc-a531-40da-aed1-fea9e5254c2b.jpg,2026-10-01
01a0f31b-f75c-7de3-abd9-eb1ebc067bb3,Biedronka,Piwo bezalkoholowe Okocim Radler mango z marakują,Okocim,3.19,,2026-10-01,2026-10-03,526608,Od czwartku,2026-10-01,2026-10-07,61,https://blix.pl/sklep/biedronka/gazetka/526608/?pageNumber=61,https://imgproxy.blix.pl/product_occurrence//95820ca6-1a71-4f39-be63-623de5db9c19.jpg,2026-10-01
01a0f31b-f75c-7e3b-abd9-eb1ebc799480,Biedronka,Piwo bezalkoholowe Okocim Radler limonka z miętą,Okocim,3.19,,2026-10-01,2026-10-03,526608,Od czwartku,2026-10-01,2026-10-07,61,https://blix.pl/sklep/biedronka/gazetka/526608/?pageNumber=61,https://imgproxy.blix.pl/product_occurrence//df49b04e-9386-4376-ab66-e032cca7a944.jpg,2026-10-01
01a0f31b-f75c-7e8b-abd9-eb1ebd2370ff,Biedronka,"Piwo Okocim Radler cytrusowa lemoniada 4,5%",Okocim,3.19,,2026-10-01,2026-10-03,526608,Od czwartku,2026-10-01,2026-10-07,61,https://blix.pl/sklep/biedronka/gazetka/526608/?pageNumber=61,https://imgproxy.blix.pl/product_occurrence//9f8f0aad-f1b3-4efc-9a51-e935bfa1e6a8.jpg,2026-10-01
01a0f31b-f75c-7f1f-abd9-eb1ebdc1c9a6,Biedronka,Piwo bezalkoholowe Łomża Radler brzoskwinia & morela,Łomża,2.49,,2026-10-01,2026-10-03,526608,Od czwartku,2026-10-01,2026-10-07,61,https://blix.pl/sklep/biedronka/gazetka/526608/?pageNumber=61,https://imgproxy.blix.pl/product_occurrence//672003af-ee70-46ec-95d0-2157c210b8f0.jpg,2026-10-01
01a0f31b-f75c-7ed7-abd9-eb1ebd41f485,Biedronka,Piwo bezalkoholowe Łomża Radler jabłko & wiśnia,Łomża,2.49,,2026-10-01,2026-10-03,526608,Od czwartku,2026-10-01,2026-10-07,61,https://blix.pl/sklep/biedronka/gazetka/526608/?pageNumber=61,https://imgproxy.blix.pl/product_occurrence//98299831-4dce-4b3d-919b-b216e9a630d9.jpg,2026-10-01
01a0f31b-f75c-7f63-abd9-eb1ebdc2c459,Biedronka,Piwo bezalkoholowe Łomża Radler cytryna & limonka,Łomża,2.49,,2026-10-01,2026-10-03,526608,Od czwartku,2026-10-01,2026-10-07,61,https://blix.pl/sklep/biedronka/gazetka/526608/?pageNumber=61,https://imgproxy.blix.pl/product_occurrence//3838f251-9065-4ad9-9368-36110c44c978.jpg,2026-10-01
01a0f31b-f75d-7009-b081-024108626253,Biedronka,Piwo bezalkoholowe Łomża Radler kwaśne porzeczki,Łomża,2.49,,2026-10-01,2026-10-03,526608,Od czwartku,2026-10-01,2026-10-07,61,https://blix.pl/sklep/biedronka/gazetka/526608/?pageNumber=61,https://imgproxy.blix.pl/product_occurrence//d32f9379-40d8-4667-81e6-967f96ecf7d1.jpg,2026-10-01
01a0f31c-e042-7380-b560-1d0a1fdd282c,Biedronka,Piwo Warka,Warka,2.79,,2026-10-01,2026-10-03,526608,Od czwartku,2026-10-01,2026-10-07,62,https://blix.pl/sklep/biedronka/gazetka/526608/?pageNumber=62,https://imgproxy.blix.pl/product_occurrence//82dc420b-b0bb-43a3-8389-6d1b349c2577.jpg,2026-10-01
01a0f31c-e08e-7d14-b131-50df7b6fc4f9,Biedronka,Chipsy Doritos sweet chilli,Doritos,6.99,,2026-10-01,2026-10-07,526608,Od czwartku,2026-10-01,2026-10-07,63,https://blix.pl/sklep/biedronka/gazetka/526608/?pageNumber=63,https://imgproxy.blix.pl/product_occurrence//a6983dc7-f3d3-4dc5-8c46-cfa130857ead.jpg,2026-10-01
01a0f31c-e08e-7e10-b131-50df7b73cfa2,Biedronka,Chipsy Doritos cool original,Doritos,6.99,,2026-10-01,2026-10-07,526608,Od czwartku,2026-10-01,2026-10-07,63,https://blix.pl/sklep/biedronka/gazetka/526608/?pageNumber=63,https://imgproxy.blix.pl/product_occurrence//a8307707-01d0-4cad-8df4-95d61a773f6a.jpg,2026-10-01
01a0f31c-e08e-7e74-b131-50df7b93b3b7,Biedronka,Chipsy Doritos cinnamon,Doritos,6.99,,2026-10-01,2026-10-07,526608,Od czwartku,2026-10-01,2026-10-07,63,https://blix.pl/sklep/biedronka/gazetka/526608/?pageNumber=63,https://imgproxy.blix.pl/product_occurrence//763ff500-0884-4cf4-bf2b-3e9ca7db5875.jpg,2026-10-01
01a0f31c-e0ea-7357-9364-b8f892552f27,Biedronka,Kawa ziarnista Eduscho Caffè Crema Strong,Eduscho,,,2026-10-01,2026-10-03,526608,Od czwartku,2026-10-01,2026-10-07,64,https://blix.pl/sklep/biedronka/gazetka/526608/?pageNumber=64,https://imgproxy.blix.pl/product_occurrence//96b14aa8-0dcb-4c04-81c7-248bdc5e00da.jpg,2026-10-01
01a0f31c-e0ea-729b-9364-b8f892006d98,Biedronka,Kawy Tchibo i Eduscho,Eduscho,,,2026-10-01,2026-10-03,526608,Od czwartku,2026-10-01,2026-10-07,64,https://blix.pl/sklep/biedronka/gazetka/526608/?pageNumber=64,https://imgproxy.blix.pl/product_occurrence//a9ad3db4-a757-426f-8a99-52c1ad39e744.jpg,2026-10-01
01a0f31c-e0ea-73d7-9364-b8f892f6ed20,Biedronka,Kawa mielona Eduscho Family Classic Coffee,Eduscho,,,2026-10-01,2026-10-03,526608,Od czwartku,2026-10-01,2026-10-07,64,https://blix.pl/sklep/biedronka/gazetka/526608/?pageNumber=64,https://imgproxy.blix.pl/product_occurrence//cb4b8ad8-d9d8-4551-8edf-7162752bc980.jpg,2026-10-01
01a0f31c-e0ea-742b-9364-b8f893e867a5,Biedronka,Kawa rozpuszczalna Eduscho Family Instant Coffee,Eduscho,,,2026-10-01,2026-10-03,526608,Od czwartku,2026-10-01,2026-10-07,64,https://blix.pl/sklep/biedronka/gazetka/526608/?pageNumber=64,https://imgproxy.blix.pl/product_occurrence//78da75dd-a6db-4dec-94ec-1894e841ba97.jpg,2026-10-01
01a0f31c-e0ea-74df-9364-b8f895bf621b,Biedronka,Kawa ziarnista Tchibo Exclusive Medium Roast,Tchibo,,,2026-10-01,2026-10-03,526608,Od czwartku,2026-10-01,2026-10-07,64,https://blix.pl/sklep/biedronka/gazetka/526608/?pageNumber=64,https://imgproxy.blix.pl/product_occurrence//4b8eab70-bd7b-4fd5-9630-8515bce9945a.jpg,2026-10-01
01a0f31c-e0ea-7477-9364-b8f894de8d85,Biedronka,Kawa ziarnista Tchibo Exclusive Original 500 g,Tchibo,,,2026-10-01,2026-10-03,526608,Od czwartku,2026-10-01,2026-10-07,64,https://blix.pl/sklep/biedronka/gazetka/526608/?pageNumber=64,https://imgproxy.blix.pl/product_occurrence//ce419799-24c9-4016-a8d5-b170506d3213.jpg,2026-10-01
01a0f31c-e0ea-75a7-9364-b8f896380de0,Biedronka,Kawa ziarnista Tchibo Exclusive Original 1 kg,Tchibo,,,2026-10-01,2026-10-03,526608,Od czwartku,2026-10-01,2026-10-07,64,https://blix.pl/sklep/biedronka/gazetka/526608/?pageNumber=64,https://imgproxy.blix.pl/product_occurrence//002f2905-736c-4c60-8c0b-639dfdfa61f3.jpg,2026-10-01
01a0f31c-e0ea-762b-9364-b8f89686240b,Biedronka,Kawa ziarnista Cafe d'Or Crema,Cafe D'or,49.99,,2026-10-01,2026-10-03,526608,Od czwartku,2026-10-01,2026-10-07,64,https://blix.pl/sklep/biedronka/gazetka/526608/?pageNumber=64,https://imgproxy.blix.pl/product_occurrence//538ce535-7d9b-49a3-9e40-6eaeb664569c.jpg,2026-10-01
01a0f31c-e0ea-767f-9364-b8f896bf895c,Biedronka,Kawa ziarnista Ti Meriti Crema e aroma Woseba,Woseba,19.99,,2026-10-01,2026-10-03,526608,Od czwartku,2026-10-01,2026-10-07,64,https://blix.pl/sklep/biedronka/gazetka/526608/?pageNumber=64,https://imgproxy.blix.pl/product_occurrence//117c2fc7-1f04-49d3-8d0a-8b50c30bf674.jpg,2026-10-01
01a0f31c-e0ea-76d3-9364-b8f8979d8d91,Biedronka,Kawa ziarnista Ti Meriti Gusto raffinato Woseba,Woseba,19.99,,2026-10-01,2026-10-03,526608,Od czwartku,2026-10-01,2026-10-07,64,https://blix.pl/sklep/biedronka/gazetka/526608/?pageNumber=64,https://imgproxy.blix.pl/product_occurrence//882e988f-abb5-4f31-ba04-0fab153307a6.jpg,2026-10-01
01a0f31c-e0ea-771f-9364-b8f897b6001c,Biedronka,Kawa mielona Ti Meriti Crema e aroma Woseba,Woseba,,,2026-10-01,2026-10-03,526608,Od czwartku,2026-10-01,2026-10-07,64,https://blix.pl/sklep/biedronka/gazetka/526608/?pageNumber=64,https://imgproxy.blix.pl/product_occurrence//74dfc52d-f4fb-45bc-b9ef-e45cc0c0d1a2.jpg,2026-10-01
01a0f31c-e0ea-7767-9364-b8f897e9eafc,Biedronka,Kawa mielona Ti Meriti Gusto raffinato Woseba,Woseba,,,2026-10-01,2026-10-03,526608,Od czwartku,2026-10-01,2026-10-07,64,https://blix.pl/sklep/biedronka/gazetka/526608/?pageNumber=64,https://imgproxy.blix.pl/product_occurrence//c7ae4ab0-bed9-4fde-86b7-71be57254384.jpg,2026-10-01
01a0f31c-e0ea-77af-9364-b8f897fa4402,Biedronka,Kawa mielona Parana Cafe d'Or,Cafe D'or,17.99,,2026-10-01,2026-10-03,526608,Od czwartku,2026-10-01,2026-10-07,64,https://blix.pl/sklep/biedronka/gazetka/526608/?pageNumber=64,https://imgproxy.blix.pl/product_occurrence//e0d37795-66c2-430b-8512-b629deff9f93.jpg,2026-10-01
01a0f31c-e0ea-783b-9364-b8f8997a5fb7,Biedronka,Herbatka Zioła Świata Lipton melisa z wiśnią,Lipton,4.99,,2026-10-01,2026-10-03,526608,Od czwartku,2026-10-01,2026-10-07,64,https://blix.pl/sklep/biedronka/gazetka/526608/?pageNumber=64,https://imgproxy.blix.pl/product_occurrence//1dbb37c6-1d50-48e3-bc47-f46b5b49c2bd.jpg,2026-10-01
01a0f31c-e0ea-77f7-9364-b8f898e4a2db,Biedronka,Herbatka Zioła Świata Lipton mięta z cytrusami,Lipton,4.99,,2026-10-01,2026-10-03,526608,Od czwartku,2026-10-01,2026-10-07,64,https://blix.pl/sklep/biedronka/gazetka/526608/?pageNumber=64,https://imgproxy.blix.pl/product_occurrence//dfd64066-67e3-4cfb-a691-2fab13317c9a.jpg,2026-10-01
01a0f31c-e0ea-78c7-9364-b8f89ae9f841,Biedronka,Herbatka funkcjonalna Lipton sen,Lipton,6.99,,2026-10-01,2026-10-03,526608,Od czwartku,2026-10-01,2026-10-07,64,https://blix.pl/sklep/biedronka/gazetka/526608/?pageNumber=64,https://imgproxy.blix.pl/product_occurrence//59cb15dc-f5de-40fe-9802-50f1636fc512.jpg,2026-10-01
01a0f31c-e0ea-7883-9364-b8f89a3655f7,Biedronka,Herbatka Zioła Świata Lipton pokrzywa z mango,Lipton,4.99,,2026-10-01,2026-10-03,526608,Od czwartku,2026-10-01,2026-10-07,64,https://blix.pl/sklep/biedronka/gazetka/526608/?pageNumber=64,https://imgproxy.blix.pl/product_occurrence//c50385b6-02d0-4403-ad30-342b9e9ad9b6.jpg,2026-10-01
01a0f31c-e0ea-790b-9364-b8f89b7d3be3,Biedronka,Herbatka funkcjonalna Lipton trawienie,Lipton,6.99,,2026-10-01,2026-10-03,526608,Od czwartku,2026-10-01,2026-10-07,64,https://blix.pl/sklep/biedronka/gazetka/526608/?pageNumber=64,https://imgproxy.blix.pl/product_occurrence//24b9b846-9f7e-48b0-aa2e-97e54f87c41a.jpg,2026-10-01
01a0f31c-e0ea-7953-9364-b8f89bf87cf0,Biedronka,Herbatka funkcjonalna Lipton dobrostan jelit,Lipton,6.99,,2026-10-01,2026-10-03,526608,Od czwartku,2026-10-01,2026-10-07,64,https://blix.pl/sklep/biedronka/gazetka/526608/?pageNumber=64,https://imgproxy.blix.pl/product_occurrence//f0a7f5c3-55b3-4282-9898-cfa3b0f274ae.jpg,2026-10-01
01a0f31c-e0ea-799b-9364-b8f89c7f872b,Biedronka,Herbaty Remsey,Remsey,,,2026-10-01,2026-10-03,526608,Od czwartku,2026-10-01,2026-10-07,64,https://blix.pl/sklep/biedronka/gazetka/526608/?pageNumber=64,https://imgproxy.blix.pl/product_occurrence//88fb67ba-0792-460d-a7e2-00f50a68fe49.jpg,2026-10-01
01a0f31c-e0ea-7a27-9364-b8f89ddcd50e,Biedronka,Herbatka owocowa Remsey słodka malina,Remsey,,,2026-10-01,2026-10-03,526608,Od czwartku,2026-10-01,2026-10-07,64,https://blix.pl/sklep/biedronka/gazetka/526608/?pageNumber=64,https://imgproxy.blix.pl/product_occurrence//29d92ce6-906e-4634-a9a8-b0d8aac819c0.jpg,2026-10-01
01a0f31c-e0ea-79e3-9364-b8f89d35592d,Biedronka,Herbatka owocowa Remsey owoce leśne,Remsey,,,2026-10-01,2026-10-03,526608,Od czwartku,2026-10-01,2026-10-07,64,https://blix.pl/sklep/biedronka/gazetka/526608/?pageNumber=64,https://imgproxy.blix.pl/product_occurrence//23eaca27-387d-4254-9e3e-47a07e3d536b.jpg,2026-10-01
01a0f31c-e0ea-7a6f-9364-b8f89e9de3af,Biedronka,Herbata czarna Earl Grey z cytryną Remsey,Remsey,,,2026-10-01,2026-10-03,526608,Od czwartku,2026-10-01,2026-10-07,64,https://blix.pl/sklep/biedronka/gazetka/526608/?pageNumber=64,https://imgproxy.blix.pl/product_occurrence//0318c01a-a244-4b0f-808b-c99b29e2288c.jpg,2026-10-01
01a0f31c-e0ea-7acb-9364-b8f89f04bc6d,Biedronka,Herbata czarna klasyczna Remsey,Remsey,,,2026-10-01,2026-10-03,526608,Od czwartku,2026-10-01,2026-10-07,64,https://blix.pl/sklep/biedronka/gazetka/526608/?pageNumber=64,https://imgproxy.blix.pl/product_occurrence//7497d497-ac93-4bd4-9d9a-9bc4060ed7ac.jpg,2026-10-01
01a0f31c-e0ea-7b1b-9364-b8f89f71df46,Biedronka,Herbata czarna Remsey mango i brzoskwinia,Remsey,,,2026-10-01,2026-10-03,526608,Od czwartku,2026-10-01,2026-10-07,64,https://blix.pl/sklep/biedronka/gazetka/526608/?pageNumber=64,https://imgproxy.blix.pl/product_occurrence//386d8f84-bb90-46f4-b572-8ddf47298fd4.jpg,2026-10-01
01a0f31c-e0ea-7c4b-9364-b8f8a105d2a0,Biedronka,Herbatka Remsey malina truskawka,Remsey,,,2026-10-01,2026-10-03,526608,Od czwartku,2026-10-01,2026-10-07,64,https://blix.pl/sklep/biedronka/gazetka/526608/?pageNumber=64,https://imgproxy.blix.pl/product_occurrence//9c6c5158-b687-4381-a8b5-29e836d149ba.jpg,2026-10-01
01a0f31c-e0ea-7b9f-9364-b8f8a02648ea,Biedronka,Herbata Remsey ananas gruszka,Remsey,,,2026-10-01,2026-10-03,526608,Od czwartku,2026-10-01,2026-10-07,64,https://blix.pl/sklep/biedronka/gazetka/526608/?pageNumber=64,https://imgproxy.blix.pl/product_occurrence//b1f5c434-6803-4637-9fbd-b9f40c422fdc.jpg,2026-10-01
01a0f31c-e0ea-7cab-9364-b8f8a1784c4d,Biedronka,Herbata cejlońska Earl Grey Remsey,Remsey,,,2026-10-01,2026-10-03,526608,Od czwartku,2026-10-01,2026-10-07,64,https://blix.pl/sklep/biedronka/gazetka/526608/?pageNumber=64,https://imgproxy.blix.pl/product_occurrence//0e15db68-ae7e-4989-9f03-0989f00820d0.jpg,2026-10-01
01a0f31c-e0ea-7cfb-9364-b8f8a20dc99b,Biedronka,Herbatka Remsey Rozgrzej się! malina i imbir,Remsey,,,2026-10-01,2026-10-03,526608,Od czwartku,2026-10-01,2026-10-07,64,https://blix.pl/sklep/biedronka/gazetka/526608/?pageNumber=64,https://imgproxy.blix.pl/product_occurrence//6f05f1a0-23e0-466d-b788-cfe7954a5a07.jpg,2026-10-01
01a0f31c-e0ea-7d7b-9364-b8f8a20ebcec,Biedronka,"Herbatka Remsey Rozgrzej się! cytryna, imbir i miód",Remsey,,,2026-10-01,2026-10-03,526608,Od czwartku,2026-10-01,2026-10-07,64,https://blix.pl/sklep/biedronka/gazetka/526608/?pageNumber=64,https://imgproxy.blix.pl/product_occurrence//0ee70700-b6c7-48b7-9cb9-3a7432bda1dd.jpg,2026-10-01
01a0f31c-e2af-7208-a509-623ffe70ad45,Biedronka,Maszynka do golenia + ostrza wymienne Gillette Venus Start,Gillette Venus,44.99,,2026-10-01,2026-10-03,526608,Od czwartku,2026-10-01,2026-10-07,65,https://blix.pl/sklep/biedronka/gazetka/526608/?pageNumber=65,https://imgproxy.blix.pl/product_occurrence//052671f6-8236-4c4d-8d66-77963e499fd4.jpg,2026-10-01
01a0f31c-e2af-72c8-a509-623ffeb9bb38,Biedronka,Maszynki do golenia Gillette Simply Smooth,Gillette,34.99,,2026-10-01,2026-10-03,526608,Od czwartku,2026-10-01,2026-10-07,65,https://blix.pl/sklep/biedronka/gazetka/526608/?pageNumber=65,https://imgproxy.blix.pl/product_occurrence//ebf5f70a-d7ca-4881-bc1b-4a862430ed36.jpg,2026-10-01
01a0f31c-e2af-7328-a509-623fff7cad22,Biedronka,Maszynki do golenia Gillette Tropical,Gillette,34.99,,2026-10-01,2026-10-03,526608,Od czwartku,2026-10-01,2026-10-07,65,https://blix.pl/sklep/biedronka/gazetka/526608/?pageNumber=65,https://imgproxy.blix.pl/product_occurrence//143a64cb-8cbf-4147-8c93-8471343a1bb7.jpg,2026-10-01
01a0f31c-e2af-7378-a509-623ffffb01e8,Biedronka,Żel do golenia Gillette Satin Care,Gillette Satin Care,19.99,,2026-10-01,2026-10-03,526608,Od czwartku,2026-10-01,2026-10-07,65,https://blix.pl/sklep/biedronka/gazetka/526608/?pageNumber=65,https://imgproxy.blix.pl/product_occurrence//336723b0-4874-4ab2-a3be-d8ac5ae1f827.jpg,2026-10-01
01a0f31c-e2af-73c4-a509-6240004a3da4,Biedronka,Maszynka do golenia + ostrza wymienne Gillette Mach3 Sport,Gillette,44.99,,2026-10-01,2026-10-03,526608,Od czwartku,2026-10-01,2026-10-07,65,https://blix.pl/sklep/biedronka/gazetka/526608/?pageNumber=65,https://imgproxy.blix.pl/product_occurrence//fbfea5b8-4bb2-4fa3-9b3e-9ee078de049a.jpg,2026-10-01
01a0f31c-e2af-7408-a509-624000f00dc2,Biedronka,Maszynki do golenia Gillette Blue3 Comfort,Gillette,29.99,,2026-10-01,2026-10-03,526608,Od czwartku,2026-10-01,2026-10-07,65,https://blix.pl/sklep/biedronka/gazetka/526608/?pageNumber=65,https://imgproxy.blix.pl/product_occurrence//abca2351-8235-4be7-825c-b43a8c7b3919.jpg,2026-10-01
01a0f31c-e2af-7450-a509-624001dc7b7f,Biedronka,Maszynki do golenia Gillette Blue 2 Plus,Gillette,29.99,,2026-10-01,2026-10-03,526608,Od czwartku,2026-10-01,2026-10-07,65,https://blix.pl/sklep/biedronka/gazetka/526608/?pageNumber=65,https://imgproxy.blix.pl/product_occurrence//0116f74d-cdf2-4a85-9ad3-39048f2a6b2e.jpg,2026-10-01
01a0f31c-e2af-7498-a509-624002351dee,Biedronka,Żel pod prysznic Old Spice Whitewater,Old Spice,39.99,,2026-10-01,2026-10-03,526608,Od czwartku,2026-10-01,2026-10-07,65,https://blix.pl/sklep/biedronka/gazetka/526608/?pageNumber=65,https://imgproxy.blix.pl/product_occurrence//fb086462-3226-425d-80ba-6cc9bebe751e.jpg,2026-10-01
01a0f31c-e2af-74dc-a509-62400322c1af,Biedronka,Żel pod prysznic Old Spice Captain,Old Spice,39.99,,2026-10-01,2026-10-03,526608,Od czwartku,2026-10-01,2026-10-07,65,https://blix.pl/sklep/biedronka/gazetka/526608/?pageNumber=65,https://imgproxy.blix.pl/product_occurrence//24041aba-fa4f-47e3-9ed4-7fb7097eee4f.jpg,2026-10-01
01a0f31c-e2af-7528-a509-624003a962b3,Biedronka,Szczoteczka do zębów Colgate 360°,Colgate,11.99,,2026-10-01,2026-10-03,526608,Od czwartku,2026-10-01,2026-10-07,65,https://blix.pl/sklep/biedronka/gazetka/526608/?pageNumber=65,https://imgproxy.blix.pl/product_occurrence//3ecdea17-271c-4634-95f3-08681b97e181.jpg,2026-10-01
01a0f31c-e2af-756c-a509-62400406bff4,Biedronka,Pasta do zębów Advanced White Colgate,Colgate,11.99,,2026-10-01,2026-10-03,526608,Od czwartku,2026-10-01,2026-10-07,65,https://blix.pl/sklep/biedronka/gazetka/526608/?pageNumber=65,https://imgproxy.blix.pl/product_occurrence//a6938f2e-01d4-44d9-a278-df49bb61bdcc.jpg,2026-10-01
01a0f31c-e2af-75b4-a509-62400417424d,Biedronka,Pasta do zębów 3D White blend-a-med,Blend-A-Med,6.99,,2026-10-01,2026-10-03,526608,Od czwartku,2026-10-01,2026-10-07,65,https://blix.pl/sklep/biedronka/gazetka/526608/?pageNumber=65,https://imgproxy.blix.pl/product_occurrence//e9bbd5e7-a2ab-4e88-aab1-dfb35cf8d77b.jpg,2026-10-01
01a0f31c-e381-7477-bc1b-05dd5cd5fc33,Biedronka,Produkty Sensodyne,Sensodyne,,,2026-10-01,2026-10-03,526608,Od czwartku,2026-10-01,2026-10-07,66,https://blix.pl/sklep/biedronka/gazetka/526608/?pageNumber=66,https://imgproxy.blix.pl/product_occurrence//691f466c-7ce4-47eb-9f3a-9c2feeff9add.jpg,2026-10-01
01a0f31c-e381-758b-bc1b-05dd5cd9718a,Biedronka,Szczoteczka do zębów Sensodyne Complete Protection Medium,Sensodyne,,,2026-10-01,2026-10-03,526608,Od czwartku,2026-10-01,2026-10-07,66,https://blix.pl/sklep/biedronka/gazetka/526608/?pageNumber=66,https://imgproxy.blix.pl/product_occurrence//9a9c5373-0a60-4dd3-8b34-cad3b336f975.jpg,2026-10-01
01a0f31c-e381-76af-bc1b-05dd5dcf743c,Biedronka,Pasta do zębów Sensodyne Advanced White Ochrona Szkliwa,Sensodyne,,,2026-10-01,2026-10-03,526608,Od czwartku,2026-10-01,2026-10-07,66,https://blix.pl/sklep/biedronka/gazetka/526608/?pageNumber=66,https://imgproxy.blix.pl/product_occurrence//3adfb0b1-ae2b-472e-8e94-27242623fde8.jpg,2026-10-01
01a0f31c-e381-761f-bc1b-05dd5d36e6de,Biedronka,Pasta do zębów Sensodyne Kompletna Ochrona+ Cool Mint,Sensodyne,,,2026-10-01,2026-10-03,526608,Od czwartku,2026-10-01,2026-10-07,66,https://blix.pl/sklep/biedronka/gazetka/526608/?pageNumber=66,https://imgproxy.blix.pl/product_occurrence//ea245ac7-8ea9-445c-b308-7d25dfc49a83.jpg,2026-10-01
01a0f31c-e381-7733-bc1b-05dd5de9bc5c,Biedronka,Pasta do zębów Sensodyne Daily Whitening,Sensodyne,,,2026-10-01,2026-10-03,526608,Od czwartku,2026-10-01,2026-10-07,66,https://blix.pl/sklep/biedronka/gazetka/526608/?pageNumber=66,https://imgproxy.blix.pl/product_occurrence//6b6c91a2-23cc-4f32-9297-3afaf7073e51.jpg,2026-10-01
01a0f31c-e381-779b-bc1b-05dd5df8cbaa,Biedronka,Szczoteczka do zębów Sensodyne Sensitivity & Gum Soft,Sensodyne,,,2026-10-01,2026-10-03,526608,Od czwartku,2026-10-01,2026-10-07,66,https://blix.pl/sklep/biedronka/gazetka/526608/?pageNumber=66,https://imgproxy.blix.pl/product_occurrence//16cb6437-e239-4b73-8dcc-6a38cdfc6cf3.jpg,2026-10-01
01a0f31c-e381-7823-bc1b-05dd5e4fb09d,Biedronka,Pasta do zębów Sensodyne Proszkliwo Delikatne Wybielanie,Sensodyne,,,2026-10-01,2026-10-03,526608,Od czwartku,2026-10-01,2026-10-07,66,https://blix.pl/sklep/biedronka/gazetka/526608/?pageNumber=66,https://imgproxy.blix.pl/product_occurrence//952ac397-d4f2-482f-a80c-7d1e3db4ee06.jpg,2026-10-01
01a0f31d-cfd0-7a77-8a35-e19ee46afb7e,Biedronka,Farba do włosów Syoss Color,Syoss,19.99,,2026-10-01,2026-10-03,526608,Od czwartku,2026-10-01,2026-10-07,67,https://blix.pl/sklep/biedronka/gazetka/526608/?pageNumber=67,https://imgproxy.blix.pl/product_occurrence//df097d1f-729d-49fe-badb-f1338f8cdb4a.jpg,2026-10-01
01a0f31d-d023-752f-b348-3b45ec7a024c,Biedronka,Chusteczki nawilżane Dada,Dada,,,2026-10-01,2026-10-03,526608,Od czwartku,2026-10-01,2026-10-07,68,https://blix.pl/sklep/biedronka/gazetka/526608/?pageNumber=68,https://imgproxy.blix.pl/product_occurrence//68567367-27d0-407c-8071-53fb2c3c0f13.jpg,2026-10-01
01a0f31d-d023-7663-b348-3b45ecfd3e71,Biedronka,Chusteczki nawilżane Dada Extra Care Sensitive,Dada,,,2026-10-01,2026-10-03,526608,Od czwartku,2026-10-01,2026-10-07,68,https://blix.pl/sklep/biedronka/gazetka/526608/?pageNumber=68,https://imgproxy.blix.pl/product_occurrence//775c7e1c-d0cd-4117-9ecc-5746a28ac479.jpg,2026-10-01
01a0f31d-d023-7737-b348-3b45ede4b96b,Biedronka,Chusteczki nawilżane Dada Extra Care Aloe,Dada,,,2026-10-01,2026-10-03,526608,Od czwartku,2026-10-01,2026-10-07,68,https://blix.pl/sklep/biedronka/gazetka/526608/?pageNumber=68,https://imgproxy.blix.pl/product_occurrence//12b07618-6c41-4457-a12f-9ab2fa5fafad.jpg,2026-10-01
01a0f31d-d023-77e7-b348-3b45ee92dca3,Biedronka,Chusteczki nawilżane Dada Extra Care Comfort,Dada,,,2026-10-01,2026-10-03,526608,Od czwartku,2026-10-01,2026-10-07,68,https://blix.pl/sklep/biedronka/gazetka/526608/?pageNumber=68,https://imgproxy.blix.pl/product_occurrence//44727930-f3cc-4ece-b40b-31d3b0b00fdc.jpg,2026-10-01
01a0f31d-d023-7873-b348-3b45ef1710cd,Biedronka,Chusteczki nawilżane Dada Extra Care Probiotic,Dada,,,2026-10-01,2026-10-03,526608,Od czwartku,2026-10-01,2026-10-07,68,https://blix.pl/sklep/biedronka/gazetka/526608/?pageNumber=68,https://imgproxy.blix.pl/product_occurrence//0a841f4b-ff8a-417d-848f-f6a04fa6755e.jpg,2026-10-01
01a0f31d-d023-79c3-b348-3b45efec862e,Biedronka,Chusteczki nawilżane Dada Extra Soft Comfort,Dada,,,2026-10-01,2026-10-03,526608,Od czwartku,2026-10-01,2026-10-07,68,https://blix.pl/sklep/biedronka/gazetka/526608/?pageNumber=68,https://imgproxy.blix.pl/product_occurrence//91b7eb82-0d6f-4283-a08f-9dce340e17ba.jpg,2026-10-01
01a0f31d-d023-7913-b348-3b45efc5aa07,Biedronka,Chusteczki nawilżane Dada Extra Soft Sensitive,Dada,,,2026-10-01,2026-10-03,526608,Od czwartku,2026-10-01,2026-10-07,68,https://blix.pl/sklep/biedronka/gazetka/526608/?pageNumber=68,https://imgproxy.blix.pl/product_occurrence//2fd347c9-8e0f-4c6a-892c-0d1401387d8b.jpg,2026-10-01
01a0f31d-d023-7a43-b348-3b45f0e802d0,Biedronka,Chusteczki nawilżane Dada Pure Care Aqua,Dada,,,2026-10-01,2026-10-03,526608,Od czwartku,2026-10-01,2026-10-07,68,https://blix.pl/sklep/biedronka/gazetka/526608/?pageNumber=68,https://imgproxy.blix.pl/product_occurrence//cabaa7d7-7eae-4734-ad46-c4c6f4b7dc9b.jpg,2026-10-01
01a0f31d-d023-7adb-b348-3b45f1a7149c,Biedronka,Chusteczki nawilżane Dada Everyday 7-pak,Dada,,,2026-10-01,2026-10-03,526608,Od czwartku,2026-10-01,2026-10-07,68,https://blix.pl/sklep/biedronka/gazetka/526608/?pageNumber=68,https://imgproxy.blix.pl/product_occurrence//d42d0a2a-e7b5-4aca-a10a-98ac30aa893e.jpg,2026-10-01
01a0f31d-d023-7b93-b348-3b45f1e8eed5,Biedronka,Chusteczki nawilżane Dada Everyday 14-pak,Dada,,,2026-10-01,2026-10-03,526608,Od czwartku,2026-10-01,2026-10-07,68,https://blix.pl/sklep/biedronka/gazetka/526608/?pageNumber=68,https://imgproxy.blix.pl/product_occurrence//51ec09f7-0111-4f9e-9fc4-c1725e308cb5.jpg,2026-10-01
01a0f31d-d023-7c3b-b348-3b45f2707c10,Biedronka,Chusteczki nawilżane Dada Everyday 3-pak,Dada,,,2026-10-01,2026-10-03,526608,Od czwartku,2026-10-01,2026-10-07,68,https://blix.pl/sklep/biedronka/gazetka/526608/?pageNumber=68,https://imgproxy.blix.pl/product_occurrence//dbebfcf8-80d0-4dde-beec-7a69801f6e00.jpg,2026-10-01
01a0f31d-d0d7-71e0-af79-e5957c279072,Biedronka,Pieluszki Dada Extra Care,Dada,,,2026-10-01,2026-10-03,526608,Od czwartku,2026-10-01,2026-10-07,69,https://blix.pl/sklep/biedronka/gazetka/526608/?pageNumber=69,https://imgproxy.blix.pl/product_occurrence//10cc49e6-51c1-4903-bddc-663645feadc7.jpg,2026-10-01
01a0f31d-d0d7-72d8-af79-e5957cee3d57,Biedronka,Pieluchomajtki Dada Pants Extra Care,Dada,,,2026-10-01,2026-10-03,526608,Od czwartku,2026-10-01,2026-10-07,69,https://blix.pl/sklep/biedronka/gazetka/526608/?pageNumber=69,https://imgproxy.blix.pl/product_occurrence//badcb338-f9e0-4d52-b5f3-df48b04b611a.jpg,2026-10-01
01a0f31d-d0d7-735c-af79-e5957d8dcbbf,Biedronka,Pieluszki Pampers Premium Care,Pampers,,,2026-10-01,2026-10-03,526608,Od czwartku,2026-10-01,2026-10-07,69,https://blix.pl/sklep/biedronka/gazetka/526608/?pageNumber=69,https://imgproxy.blix.pl/product_occurrence//cda12b03-014c-4115-a896-040d4f339bb1.jpg,2026-10-01
01a0f31d-d0d7-73c4-af79-e5957e3e82c0,Biedronka,Pieluszki Dada Extra Soft,Dada,,,2026-10-01,2026-10-03,526608,Od czwartku,2026-10-01,2026-10-07,69,https://blix.pl/sklep/biedronka/gazetka/526608/?pageNumber=69,https://imgproxy.blix.pl/product_occurrence//1538555c-fd0a-462e-9056-77c379fcfa00.jpg,2026-10-01
01a0f31d-d0d7-742c-af79-e5957f31cb2f,Biedronka,Papier toaletowy nawilżany Dada Kids,Dada,,,2026-10-01,2026-10-03,526608,Od czwartku,2026-10-01,2026-10-07,69,https://blix.pl/sklep/biedronka/gazetka/526608/?pageNumber=69,https://imgproxy.blix.pl/product_occurrence//d76e1fa8-ebc5-493f-a171-14e8abda64d6.jpg,2026-10-01
01a0f31d-d0d7-7490-af79-e5957f4d6d8e,Biedronka,Kaszki i kleiki Nestlé,Nestlé,,,2026-10-01,2026-10-03,526608,Od czwartku,2026-10-01,2026-10-07,69,https://blix.pl/sklep/biedronka/gazetka/526608/?pageNumber=69,https://imgproxy.blix.pl/product_occurrence//b50559dc-0fe8-484a-b5bd-548a133ab6ef.jpg,2026-10-01
01a0f31d-d0d7-74f4-af79-e5957fad2791,Biedronka,Chusteczki Dada Everyday 14-pak,Dada,39.99,,2026-10-01,2026-10-03,526608,Od czwartku,2026-10-01,2026-10-07,69,https://blix.pl/sklep/biedronka/gazetka/526608/?pageNumber=69,https://imgproxy.blix.pl/product_occurrence//7abfcb50-480e-41e8-9140-04af9871a8dc.jpg,2026-10-01
01a0f31d-d0d7-7570-af79-e5957fefd79b,Biedronka,Mus owocowy Dada Baby Food Bio 10-pak,Dada,24.99,,2026-10-01,2026-10-03,526608,Od czwartku,2026-10-01,2026-10-07,69,https://blix.pl/sklep/biedronka/gazetka/526608/?pageNumber=69,https://imgproxy.blix.pl/product_occurrence//3ffd1bf1-cc2e-4252-a5fc-1ce5d531ed05.jpg,2026-10-01
01a0f31d-d0d7-75d8-af79-e595803221b8,Biedronka,Mus BoboVita Kicia Kocia,Bobovita,5.19,,2026-10-01,2026-10-03,526608,Od czwartku,2026-10-01,2026-10-07,69,https://blix.pl/sklep/biedronka/gazetka/526608/?pageNumber=69,https://imgproxy.blix.pl/product_occurrence//27ddf39b-b7d2-4ccf-b72d-ea870e1c38eb.jpg,2026-10-01
01a0f31d-d184-7a41-9df8-28ed829afd5d,Biedronka,Proszek do prania Vizir do kolorów,Vizir,39.99,,2026-10-01,2026-10-07,526608,Od czwartku,2026-10-01,2026-10-07,70,https://blix.pl/sklep/biedronka/gazetka/526608/?pageNumber=70,https://imgproxy.blix.pl/product_occurrence//9f469bbf-51eb-4acb-9405-84cff168f420.jpg,2026-10-01
01a0f31d-d184-7b2d-9df8-28ed8378a386,Biedronka,Płyn do płukania Silan 130 prań,Silan,26.99,,2026-10-01,2026-10-07,526608,Od czwartku,2026-10-01,2026-10-07,70,https://blix.pl/sklep/biedronka/gazetka/526608/?pageNumber=70,https://imgproxy.blix.pl/product_occurrence//2c3a4d10-c66e-43ba-8ca2-ed8aa5ab5c2b.jpg,2026-10-01
01a0f31d-d184-7bad-9df8-28ed83d42653,Biedronka,Płyn do płukania Silan 126 prań,Silan,26.99,,2026-10-01,2026-10-07,526608,Od czwartku,2026-10-01,2026-10-07,70,https://blix.pl/sklep/biedronka/gazetka/526608/?pageNumber=70,https://imgproxy.blix.pl/product_occurrence//ec2a6071-ddcb-418c-890b-5c77e98132dd.jpg,2026-10-01
01a0f31d-d184-7c15-9df8-28ed8443a079,Biedronka,Perfumy do prania Silan 30 prań,Silan,18.99,,2026-10-01,2026-10-07,526608,Od czwartku,2026-10-01,2026-10-07,70,https://blix.pl/sklep/biedronka/gazetka/526608/?pageNumber=70,https://imgproxy.blix.pl/product_occurrence//b0c2e96e-196a-4c20-9ac0-7daab142713d.jpg,2026-10-01
01a0f31d-d184-7c79-9df8-28ed845d36e9,Biedronka,Płyn do płukania Silan Fresh,Silan,17.99,,2026-10-01,2026-10-07,526608,Od czwartku,2026-10-01,2026-10-07,70,https://blix.pl/sklep/biedronka/gazetka/526608/?pageNumber=70,https://imgproxy.blix.pl/product_occurrence//52a1e32b-3d34-4d27-adaa-5cfb4dcef022.jpg,2026-10-01
01a0f31d-d184-7cdd-9df8-28ed84f300d9,Biedronka,Płyn do płukania Silan Sensitive,Silan,17.99,,2026-10-01,2026-10-07,526608,Od czwartku,2026-10-01,2026-10-07,70,https://blix.pl/sklep/biedronka/gazetka/526608/?pageNumber=70,https://imgproxy.blix.pl/product_occurrence//249a7253-71f0-420c-a88a-4dc669a5e860.jpg,2026-10-01
01a0f31d-d184-7d7d-9df8-28ed856f45db,Biedronka,Perfumy Eden 2w1 Colonia,Eden,14.99,,2026-10-01,2026-10-07,526608,Od czwartku,2026-10-01,2026-10-07,70,https://blix.pl/sklep/biedronka/gazetka/526608/?pageNumber=70,https://imgproxy.blix.pl/product_occurrence//6475ebca-d3af-4e3a-a59e-101a49574292.jpg,2026-10-01
01a0f31d-d184-7de5-9df8-28ed8597b7a6,Biedronka,Listki piorące Dr. Beckmann do koloru,Dr. Beckmann,14.99,,2026-10-01,2026-10-07,526608,Od czwartku,2026-10-01,2026-10-07,70,https://blix.pl/sklep/biedronka/gazetka/526608/?pageNumber=70,https://imgproxy.blix.pl/product_occurrence//35d8a073-e201-4a9f-baa2-97c4b0c94fa3.jpg,2026-10-01
01a0f31d-d184-7e49-9df8-28ed868334fc,Biedronka,Listki piorące Dr. Beckmann uniwersalne,Dr. Beckmann,14.99,,2026-10-01,2026-10-07,526608,Od czwartku,2026-10-01,2026-10-07,70,https://blix.pl/sklep/biedronka/gazetka/526608/?pageNumber=70,https://imgproxy.blix.pl/product_occurrence//c172a5ef-3af4-4358-8ac8-865d6e3e45f8.jpg,2026-10-01
01a0f31d-d184-7ead-9df8-28ed86e733fa,Biedronka,Płyn do płukania Silan Fresh Control Cool,Silan,17.99,,2026-10-01,2026-10-07,526608,Od czwartku,2026-10-01,2026-10-07,70,https://blix.pl/sklep/biedronka/gazetka/526608/?pageNumber=70,https://imgproxy.blix.pl/product_occurrence//ce8bce5f-2686-4992-82c8-b5e85adae467.jpg,2026-10-01
01a0f31d-d184-7f11-9df8-28ed87230cb2,Biedronka,Płyn do płukania Silan Aroma Magic Magnolia,Silan,17.99,,2026-10-01,2026-10-07,526608,Od czwartku,2026-10-01,2026-10-07,70,https://blix.pl/sklep/biedronka/gazetka/526608/?pageNumber=70,https://imgproxy.blix.pl/product_occurrence//1e8841bb-aa5e-44ac-9d42-a668fdf78856.jpg,2026-10-01
01a0f31d-d184-7f71-9df8-28ed87a872db,Biedronka,Płyn do płukania Silan Aroma Relaxing,Silan,17.99,,2026-10-01,2026-10-07,526608,Od czwartku,2026-10-01,2026-10-07,70,https://blix.pl/sklep/biedronka/gazetka/526608/?pageNumber=70,https://imgproxy.blix.pl/product_occurrence//e77f1b92-3280-42f3-8ff6-ed0c19b7fa1a.jpg,2026-10-01
01a0f31d-d185-7031-9d72-e457fa29f246,Biedronka,Proszek do prania Lovela Baby,Lovela,59.99,,2026-10-01,2026-10-07,526608,Od czwartku,2026-10-01,2026-10-07,70,https://blix.pl/sklep/biedronka/gazetka/526608/?pageNumber=70,https://imgproxy.blix.pl/product_occurrence//e7c7881e-a8d7-47a8-909b-c85d90192798.jpg,2026-10-01
01a0f31d-d185-7099-9d72-e457fa431d79,Biedronka,Płyn do prania Lovela Baby,Lovela,59.99,,2026-10-01,2026-10-07,526608,Od czwartku,2026-10-01,2026-10-07,70,https://blix.pl/sklep/biedronka/gazetka/526608/?pageNumber=70,https://imgproxy.blix.pl/product_occurrence//94580ded-4a46-4f5f-b9e8-230bda17e235.jpg,2026-10-01
01a0f31d-d185-70f9-9d72-e457faa5e8b0,Biedronka,Listki czyszczące uniwersalne Dr. Beckmann,Dr. Beckmann,11.99,,2026-10-01,2026-10-07,526608,Od czwartku,2026-10-01,2026-10-07,70,https://blix.pl/sklep/biedronka/gazetka/526608/?pageNumber=70,https://imgproxy.blix.pl/product_occurrence//35bcb19a-5839-4e0c-a8ac-f25d74d2f7f6.jpg,2026-10-01
01a0f31d-d185-7159-9d72-e457fac702cc,Biedronka,Płyn do mycia podłóg Mr Magic,Mr Magic,7.49,,2026-10-01,2026-10-07,526608,Od czwartku,2026-10-01,2026-10-07,70,https://blix.pl/sklep/biedronka/gazetka/526608/?pageNumber=70,https://imgproxy.blix.pl/product_occurrence//f19c9fa7-b357-409e-a45e-78d4d4e3df6e.jpg,2026-10-01
01a0f31d-d185-71bd-9d72-e457fbac5244,Biedronka,Płyn do mycia paneli Mr Magic,Mr Magic,7.49,,2026-10-01,2026-10-07,526608,Od czwartku,2026-10-01,2026-10-07,70,https://blix.pl/sklep/biedronka/gazetka/526608/?pageNumber=70,https://imgproxy.blix.pl/product_occurrence//e95548e4-97e1-463d-8d89-2a937362d269.jpg,2026-10-01
01a0f31d-d29e-7ce0-a9d9-007ebfd90321,Biedronka,Płyn do mycia naczyń Fairy,Fairy,12.99,,2026-10-01,2026-10-07,526608,Od czwartku,2026-10-01,2026-10-07,71,https://blix.pl/sklep/biedronka/gazetka/526608/?pageNumber=71,https://imgproxy.blix.pl/product_occurrence//fba9e084-e579-495f-8c6e-6fc1b5131f9b.jpg,2026-10-01
01a0f31d-d29e-7df4-a9d9-007ec008adeb,Biedronka,Kapsułki do zmywarki Fairy Platinum+,Fairy,89.99,,2026-10-01,2026-10-07,526608,Od czwartku,2026-10-01,2026-10-07,71,https://blix.pl/sklep/biedronka/gazetka/526608/?pageNumber=71,https://imgproxy.blix.pl/product_occurrence//d47ae273-3241-4e77-859f-fa1348cf2198.jpg,2026-10-01
01a0f31d-d29e-7ea8-a9d9-007ec0afd0f7,Biedronka,Kapsułki do zmywarki Fairy Platinum+,Fairy,89.99,,2026-10-01,2026-10-07,526608,Od czwartku,2026-10-01,2026-10-07,71,https://blix.pl/sklep/biedronka/gazetka/526608/?pageNumber=71,https://imgproxy.blix.pl/product_occurrence//6b00c315-015a-44b3-ab3e-eb5e67b244ef.jpg,2026-10-01
01a0f31d-d29e-7f38-a9d9-007ec0f92c80,Biedronka,Kapsułki do zmywarki Fairy Original,Fairy,89.99,,2026-10-01,2026-10-07,526608,Od czwartku,2026-10-01,2026-10-07,71,https://blix.pl/sklep/biedronka/gazetka/526608/?pageNumber=71,https://imgproxy.blix.pl/product_occurrence//091c6742-c7c5-4e8d-8136-c62630283a3e.jpg,2026-10-01
01a0f31d-d29e-7f98-a9d9-007ec1c2adfc,Biedronka,Kapsułki do zmywarki Fairy,Fairy,89.99,,2026-10-01,2026-10-07,526608,Od czwartku,2026-10-01,2026-10-07,71,https://blix.pl/sklep/biedronka/gazetka/526608/?pageNumber=71,https://imgproxy.blix.pl/product_occurrence//785a5fd2-5e95-42ef-acf3-b030bf9a80f3.jpg,2026-10-01
01a0f31d-d29f-7059-8e86-2b89d67bf156,Biedronka,Wkłady do odświeżacza powietrza Air Wick Freshmatic 2-pak,Air Wick,26.99,,2026-10-01,2026-10-07,526608,Od czwartku,2026-10-01,2026-10-07,71,https://blix.pl/sklep/biedronka/gazetka/526608/?pageNumber=71,https://imgproxy.blix.pl/product_occurrence//51a5e34f-e7ca-468c-80c5-f22b22a4ed36.jpg,2026-10-01
01a0f31d-d29f-70c9-8e86-2b89d6d027df,Biedronka,Wkład do odświeżacza powietrza Air Wick Active Fresh,Air Wick,22.99,,2026-10-01,2026-10-07,526608,Od czwartku,2026-10-01,2026-10-07,71,https://blix.pl/sklep/biedronka/gazetka/526608/?pageNumber=71,https://imgproxy.blix.pl/product_occurrence//aee5bffc-c412-47d4-a2b3-c33c1becafb9.jpg,2026-10-01
01a0f31d-d29f-7125-8e86-2b89d6f28fce,Biedronka,Wkłady do elektrycznego odświeżacza powietrza Air Wick 2-pak,Air Wick,26.99,,2026-10-01,2026-10-07,526608,Od czwartku,2026-10-01,2026-10-07,71,https://blix.pl/sklep/biedronka/gazetka/526608/?pageNumber=71,https://imgproxy.blix.pl/product_occurrence//a6c72f8d-28c7-45f7-8f1d-034757f9a34a.jpg,2026-10-01
01a0f31d-d29f-71fd-8e86-2b89d872f801,Biedronka,Spray Cillit Bang Power Cleaner,Cillit Bang,17.99,,2026-10-01,2026-10-07,526608,Od czwartku,2026-10-01,2026-10-07,71,https://blix.pl/sklep/biedronka/gazetka/526608/?pageNumber=71,https://imgproxy.blix.pl/product_occurrence//5d8d1224-d5c9-46a1-8038-e7fdb5695cf2.jpg,2026-10-01
01a0f31d-d29f-71a1-8e86-2b89d7d0b338,Biedronka,Kostka w żelu Agent Max 2-pak,Agent Max,14.99,,2026-10-01,2026-10-07,526608,Od czwartku,2026-10-01,2026-10-07,71,https://blix.pl/sklep/biedronka/gazetka/526608/?pageNumber=71,https://imgproxy.blix.pl/product_occurrence//7ed98154-ff56-45df-8418-04157ada1b83.jpg,2026-10-01
01a0f31d-d29f-7251-8e86-2b89d923b2fb,Biedronka,Zestaw miotełki+wkłady Swiffer,Swiffer,17.99,,2026-10-01,2026-10-07,526608,Od czwartku,2026-10-01,2026-10-07,71,https://blix.pl/sklep/biedronka/gazetka/526608/?pageNumber=71,https://imgproxy.blix.pl/product_occurrence//381d4643-9a27-4ebc-b9d4-32b574f93dcd.jpg,2026-10-01
01a0f31e-96d6-7658-9877-d61410b51404,Biedronka,Przysmak dla psa pałeczki wołowe ActivPet 16-pak,Activpet,,,2026-10-01,2026-10-03,526608,Od czwartku,2026-10-01,2026-10-07,72,https://blix.pl/sklep/biedronka/gazetka/526608/?pageNumber=72,https://imgproxy.blix.pl/product_occurrence//11945977-0c97-4176-b475-149220207b3c.jpg,2026-10-01
01a0f31e-96d6-755c-9877-d61410a9c7a3,Biedronka,Przysmaki dla psa ActivPet,Activpet,,,2026-10-01,2026-10-03,526608,Od czwartku,2026-10-01,2026-10-07,72,https://blix.pl/sklep/biedronka/gazetka/526608/?pageNumber=72,https://imgproxy.blix.pl/product_occurrence//ff0fe465-edbc-47d5-a4ad-80c60b0e7a41.jpg,2026-10-01
01a0f31e-96d6-76f8-9877-d614113307c6,Biedronka,Przysmak dla psa krokieciki ActivPet,Activpet,,,2026-10-01,2026-10-03,526608,Od czwartku,2026-10-01,2026-10-07,72,https://blix.pl/sklep/biedronka/gazetka/526608/?pageNumber=72,https://imgproxy.blix.pl/product_occurrence//c8bfb85a-c447-474b-b859-8fc6cdccdb2d.jpg,2026-10-01
01a0f31e-96d6-7770-9877-d61411423064,Biedronka,Przysmak dla psa sushi ActivPet,Activpet,,,2026-10-01,2026-10-03,526608,Od czwartku,2026-10-01,2026-10-07,72,https://blix.pl/sklep/biedronka/gazetka/526608/?pageNumber=72,https://imgproxy.blix.pl/product_occurrence//e04b2235-1a04-4f04-873f-32d9a1e9937a.jpg,2026-10-01
01a0f31e-96d6-77e8-9877-d61411b411f2,Biedronka,Przysmak dla psa maczugi ActivPet,Activpet,,,2026-10-01,2026-10-03,526608,Od czwartku,2026-10-01,2026-10-07,72,https://blix.pl/sklep/biedronka/gazetka/526608/?pageNumber=72,https://imgproxy.blix.pl/product_occurrence//7139ae3e-d606-4cb5-bff6-a50bae6cb5d7.jpg,2026-10-01
01a0f31e-96d6-785c-9877-d614126ce650,Biedronka,Przysmak dla psa łosoś ActivPet,Activpet,,,2026-10-01,2026-10-03,526608,Od czwartku,2026-10-01,2026-10-07,72,https://blix.pl/sklep/biedronka/gazetka/526608/?pageNumber=72,https://imgproxy.blix.pl/product_occurrence//e9cff589-dcf8-43f3-9afa-ff32549fa714.jpg,2026-10-01
01a0f31e-96d6-78d0-9877-d6141350e6b0,Biedronka,Przysmak dla psa filety z kurczaka ActivPet,Activpet,,,2026-10-01,2026-10-03,526608,Od czwartku,2026-10-01,2026-10-07,72,https://blix.pl/sklep/biedronka/gazetka/526608/?pageNumber=72,https://imgproxy.blix.pl/product_occurrence//093909fa-fadc-4c1a-b5aa-f2a6d30c3fb4.jpg,2026-10-01
01a0f31e-96d6-7948-9877-d6141419b460,Biedronka,Przysmak dla psa nadziewane rolki ActivPet,Activpet,,,2026-10-01,2026-10-03,526608,Od czwartku,2026-10-01,2026-10-07,72,https://blix.pl/sklep/biedronka/gazetka/526608/?pageNumber=72,https://imgproxy.blix.pl/product_occurrence//9f64e7b0-68fb-4529-8b8e-04b2d6c49de2.jpg,2026-10-01
01a0f31e-9791-7f32-b312-6410a4820b59,Biedronka,Puszki dla kota Kitty,Kitty,,,2026-10-01,2026-10-10,526608,Od czwartku,2026-10-01,2026-10-07,73,https://blix.pl/sklep/biedronka/gazetka/526608/?pageNumber=73,https://imgproxy.blix.pl/product_occurrence//efdf308f-c493-4361-8d93-36a620720bb5.jpg,2026-10-01
01a0f31e-9792-70d1-a968-8564851f5b4c,Biedronka,Karma dla kota w puszce kawałki w sosie z wołowiną i wątróbką Kitty,Kitty,,,2026-10-01,2026-10-10,526608,Od czwartku,2026-10-01,2026-10-07,73,https://blix.pl/sklep/biedronka/gazetka/526608/?pageNumber=73,https://imgproxy.blix.pl/product_occurrence//d3939b80-ede9-423c-8991-645a70869ddd.jpg,2026-10-01
01a0f31e-9792-7229-a968-85648608d21d,Biedronka,Karma dla kota w puszce kawałki w galaretce bogata w wołowinę Kitty,Kitty,,,2026-10-01,2026-10-10,526608,Od czwartku,2026-10-01,2026-10-07,73,https://blix.pl/sklep/biedronka/gazetka/526608/?pageNumber=73,https://imgproxy.blix.pl/product_occurrence//d95262cf-9138-4522-8f93-3afd3977037d.jpg,2026-10-01
01a0f31e-9792-7181-a968-856485f760ad,Biedronka,Karma dla kota w puszce kawałki w sosie z łososiem i pstrągiem Kitty,Kitty,,,2026-10-01,2026-10-10,526608,Od czwartku,2026-10-01,2026-10-07,73,https://blix.pl/sklep/biedronka/gazetka/526608/?pageNumber=73,https://imgproxy.blix.pl/product_occurrence//deb7fad3-3c59-4735-b71c-b50831a4b2c3.jpg,2026-10-01
01a0f31e-9792-72b9-a968-8564865e73cc,Biedronka,Karma dla kota w puszce kawałki w sosie bogata w indyka Kitty,Kitty,,,2026-10-01,2026-10-10,526608,Od czwartku,2026-10-01,2026-10-07,73,https://blix.pl/sklep/biedronka/gazetka/526608/?pageNumber=73,https://imgproxy.blix.pl/product_occurrence//8f63477e-ab63-48f4-853c-74d338344672.jpg,2026-10-01
01a0f31e-9792-7341-a968-856487009318,Biedronka,Karma dla kota w puszce mus z tuńczykiem Kitty,Kitty,,,2026-10-01,2026-10-10,526608,Od czwartku,2026-10-01,2026-10-07,73,https://blix.pl/sklep/biedronka/gazetka/526608/?pageNumber=73,https://imgproxy.blix.pl/product_occurrence//28bb0ec6-c461-4570-988d-f05f32e9c353.jpg,2026-10-01
01a0f31e-9792-73c5-a968-856487125991,Biedronka,Karma dla kota w puszce mus z indykiem Kitty,Kitty,,,2026-10-01,2026-10-10,526608,Od czwartku,2026-10-01,2026-10-07,73,https://blix.pl/sklep/biedronka/gazetka/526608/?pageNumber=73,https://imgproxy.blix.pl/product_occurrence//281a8b98-60dd-45c6-9a4b-2ed2ca957172.jpg,2026-10-01
01a0f31e-9846-7899-a939-a13dc6a1144b,Biedronka,Karma dla psa Puffi z indykiem,Puffi,1.99,,2026-10-01,2026-10-03,526608,Od czwartku,2026-10-01,2026-10-07,74,https://blix.pl/sklep/biedronka/gazetka/526608/?pageNumber=74,https://imgproxy.blix.pl/product_occurrence//1082af97-b18a-4cf7-afb6-0415c9c631f3.jpg,2026-10-01
01a0f31e-9846-7971-a939-a13dc7581013,Biedronka,Karma dla psa Puffi z jagnięciną,Puffi,1.99,,2026-10-01,2026-10-03,526608,Od czwartku,2026-10-01,2026-10-07,74,https://blix.pl/sklep/biedronka/gazetka/526608/?pageNumber=74,https://imgproxy.blix.pl/product_occurrence//5b7b4907-e700-4262-a0af-9c0b7c9b4d43.jpg,2026-10-01
01a0f31e-9846-7a6d-a939-a13dc8e13c20,Biedronka,Karma dla psa Activ Pet z wołowiną,Activ Pet,2.69,,2026-10-01,2026-10-03,526608,Od czwartku,2026-10-01,2026-10-07,74,https://blix.pl/sklep/biedronka/gazetka/526608/?pageNumber=74,https://imgproxy.blix.pl/product_occurrence//234bdbec-7486-4d2d-a2ba-1b10c08d727a.jpg,2026-10-01
01a0f31e-9846-79f5-a939-a13dc7e29e1b,Biedronka,Karma dla psa Activ Pet z kurczakiem i wołowiną,Activ Pet,2.69,,2026-10-01,2026-10-03,526608,Od czwartku,2026-10-01,2026-10-07,74,https://blix.pl/sklep/biedronka/gazetka/526608/?pageNumber=74,https://imgproxy.blix.pl/product_occurrence//1ea6ba3f-85f2-4953-bd4a-a3589b81fd98.jpg,2026-10-01
01a0f31e-9846-7acd-a939-a13dc9cddacd,Biedronka,Karma dla psa baton Puffi z wołowiną,Puffi,3.99,,2026-10-01,2026-10-03,526608,Od czwartku,2026-10-01,2026-10-07,74,https://blix.pl/sklep/biedronka/gazetka/526608/?pageNumber=74,https://imgproxy.blix.pl/product_occurrence//24fb5c22-d84d-4535-9ed5-99f861a7e884.jpg,2026-10-01
01a0f31e-9846-7b25-a939-a13dcaa095ca,Biedronka,Karma dla psa baton Puffi z drobiem,Puffi,3.99,,2026-10-01,2026-10-03,526608,Od czwartku,2026-10-01,2026-10-07,74,https://blix.pl/sklep/biedronka/gazetka/526608/?pageNumber=74,https://imgproxy.blix.pl/product_occurrence//cd4f6c9d-ca66-49e4-ae2f-2ad6ca8cdb7b.jpg,2026-10-01
01a0f31e-9846-7b99-a939-a13dcb3f645b,Biedronka,Karma dla psa z cielęciną Pet Republic,Pet Republic,5.99,,2026-10-01,2026-10-03,526608,Od czwartku,2026-10-01,2026-10-07,74,https://blix.pl/sklep/biedronka/gazetka/526608/?pageNumber=74,https://imgproxy.blix.pl/product_occurrence//0e51890e-8d88-490d-8c12-09aaa44a8d3e.jpg,2026-10-01
01a0f31e-9846-7c85-a939-a13dcc47b47e,Biedronka,Karma dla psa Dolina Noteci Duck,Dolina Noteci,8.49,,2026-10-01,2026-10-03,526608,Od czwartku,2026-10-01,2026-10-07,74,https://blix.pl/sklep/biedronka/gazetka/526608/?pageNumber=74,https://imgproxy.blix.pl/product_occurrence//431d17f3-4771-4c1c-a9c6-e57a07486da4.jpg,2026-10-01
01a0f31e-9846-7ce1-a939-a13dcd1e6c4f,Biedronka,Przysmaki dla psa Pedigree Ranchos,Pedigree,9.99,,2026-10-01,2026-10-03,526608,Od czwartku,2026-10-01,2026-10-07,74,https://blix.pl/sklep/biedronka/gazetka/526608/?pageNumber=74,https://imgproxy.blix.pl/product_occurrence//920547d6-1717-40e9-9c7a-1d93c4739939.jpg,2026-10-01
01a0f31e-9846-7d89-a939-a13dcd72ba43,Biedronka,Przysmak Pedigree Dentastix 110 g,Pedigree,7.49,,2026-10-01,2026-10-03,526608,Od czwartku,2026-10-01,2026-10-07,74,https://blix.pl/sklep/biedronka/gazetka/526608/?pageNumber=74,https://imgproxy.blix.pl/product_occurrence//dc0129c8-95a1-4b13-a6c5-b371225cfb35.jpg,2026-10-01
01a0f31e-9846-7de1-a939-a13dce48699e,Biedronka,Przysmak Pedigree Dentastix 128 g,Pedigree,7.49,,2026-10-01,2026-10-03,526608,Od czwartku,2026-10-01,2026-10-07,74,https://blix.pl/sklep/biedronka/gazetka/526608/?pageNumber=74,https://imgproxy.blix.pl/product_occurrence//529372cd-c61f-4eb3-ac32-4ba78b0b7a0f.jpg,2026-10-01
01a0f31e-9846-7e35-a939-a13dcf1282cd,Biedronka,Przysmak Pedigree Dentastix 154 g,Pedigree,7.49,,2026-10-01,2026-10-03,526608,Od czwartku,2026-10-01,2026-10-07,74,https://blix.pl/sklep/biedronka/gazetka/526608/?pageNumber=74,https://imgproxy.blix.pl/product_occurrence//f81afa6f-a2f3-48ff-af20-b9b701d717e8.jpg,2026-10-01
01a0f31e-9846-7e8d-a939-a13dcfb96a39,Biedronka,Przysmaki dla psa Pedigree Dentastix 3-pak,Pedigree,13.99,,2026-10-01,2026-10-03,526608,Od czwartku,2026-10-01,2026-10-07,74,https://blix.pl/sklep/biedronka/gazetka/526608/?pageNumber=74,https://imgproxy.blix.pl/product_occurrence//266811fb-68b6-44fd-aefc-d0fe0457f98e.jpg,2026-10-01
01a0f31e-9846-7ef5-a939-a13dcfe9af65,Biedronka,Przysmaki dla psa Pedigree Rodeo 3-pak,Pedigree,13.99,,2026-10-01,2026-10-03,526608,Od czwartku,2026-10-01,2026-10-07,74,https://blix.pl/sklep/biedronka/gazetka/526608/?pageNumber=74,https://imgproxy.blix.pl/product_occurrence//76a60d40-3774-4166-b3da-2bbed845e760.jpg,2026-10-01
01a0f31e-9846-7f51-a939-a13dd0bcb1f5,Biedronka,Karma dla psów małych ras Activ Pet z jagnięciną i warzywami,Activ Pet,8.99,,2026-10-01,2026-10-03,526608,Od czwartku,2026-10-01,2026-10-07,74,https://blix.pl/sklep/biedronka/gazetka/526608/?pageNumber=74,https://imgproxy.blix.pl/product_occurrence//f75c3b64-7bef-4d76-99e1-670dbd3f4c39.jpg,2026-10-01
01a0f31e-9847-7010-bec1-dc3cad9c565e,Biedronka,Karma dla psów małych ras Activ Pet z kurczakiem i warzywami,Activ Pet,8.99,,2026-10-01,2026-10-03,526608,Od czwartku,2026-10-01,2026-10-07,74,https://blix.pl/sklep/biedronka/gazetka/526608/?pageNumber=74,https://imgproxy.blix.pl/product_occurrence//13ba6362-2044-471d-af6d-a4b22c3348d2.jpg,2026-10-01
01a0f31e-9847-7094-bec1-dc3cae8c82ca,Biedronka,Karma dla psa Activ Pet z jagnięciną,Activ Pet,11.99,,2026-10-01,2026-10-03,526608,Od czwartku,2026-10-01,2026-10-07,74,https://blix.pl/sklep/biedronka/gazetka/526608/?pageNumber=74,https://imgproxy.blix.pl/product_occurrence//d47f99ce-080d-4a77-9a77-c59d59ba6750.jpg,2026-10-01
01a0f31e-9847-7120-bec1-dc3caf43d782,Biedronka,Karma dla psa Activ Pet z kaczką,Activ Pet,11.99,,2026-10-01,2026-10-03,526608,Od czwartku,2026-10-01,2026-10-07,74,https://blix.pl/sklep/biedronka/gazetka/526608/?pageNumber=74,https://imgproxy.blix.pl/product_occurrence//d58bfa76-2a07-47a0-a5b0-b1adf168c408.jpg,2026-10-01
01a0f31e-9847-71a4-bec1-dc3caf689ada,Biedronka,Karmy Perfect Fit,Perfect Fit,,,2026-10-01,2026-10-03,526608,Od czwartku,2026-10-01,2026-10-07,74,https://blix.pl/sklep/biedronka/gazetka/526608/?pageNumber=74,https://imgproxy.blix.pl/product_occurrence//b0dd357d-57fe-4abb-8721-cca6a5b3dfbf.jpg,2026-10-01
01a0f31e-9847-7228-bec1-dc3caf8e7ba1,Biedronka,Sucha karma dla psa Puffi z kurczakiem,Puffi,26.49,,2026-10-01,2026-10-03,526608,Od czwartku,2026-10-01,2026-10-07,74,https://blix.pl/sklep/biedronka/gazetka/526608/?pageNumber=74,https://imgproxy.blix.pl/product_occurrence//04b0b63e-c1b7-4b2e-a312-8b2114249a16.jpg,2026-10-01
01a0f31e-9847-72b4-bec1-dc3cafcc6e41,Biedronka,Sucha karma dla psa Puffi z wołowiną,Puffi,26.49,,2026-10-01,2026-10-03,526608,Od czwartku,2026-10-01,2026-10-07,74,https://blix.pl/sklep/biedronka/gazetka/526608/?pageNumber=74,https://imgproxy.blix.pl/product_occurrence//f5a6c7a2-61cb-4909-b7eb-3d8ef23acfac.jpg,2026-10-01
01a0f31e-9846-7c29-a939-a13dcb765d7f,Biedronka,Karma dla psa Dolina Noteci Lamb,Dolina Noteci,8.49,,2026-10-01,2026-10-03,526608,Od czwartku,2026-10-01,2026-10-07,74,https://blix.pl/sklep/biedronka/gazetka/526608/?pageNumber=74,https://imgproxy.blix.pl/product_occurrence//a088c3fc-755b-4d4a-b3ea-64c2caf4ae65.jpg,2026-10-01
01a0f31e-999d-7968-a576-68f59fceacec,Biedronka,Karma dla psa Pedigree,Pedigree,,,2026-10-01,2026-10-03,526608,Od czwartku,2026-10-01,2026-10-07,75,https://blix.pl/sklep/biedronka/gazetka/526608/?pageNumber=75,https://imgproxy.blix.pl/product_occurrence//9a2ae70d-b1a2-46f7-884a-7dc5d4e7281c.jpg,2026-10-01
01a0f31e-999d-7b64-a576-68f5a0fba7ea,Biedronka,Karma dla kota Sheba,Sheba,3.69,,2026-10-01,2026-10-03,526608,Od czwartku,2026-10-01,2026-10-07,75,https://blix.pl/sklep/biedronka/gazetka/526608/?pageNumber=75,https://imgproxy.blix.pl/product_occurrence//21c7dd5c-0ea3-4807-a549-8be6b5dd1f66.jpg,2026-10-01
01a0f31e-999d-7bdc-a576-68f5a1d1e488,Biedronka,Karma dla kota Sheba 2-pak 60 g,Sheba,8.99,,2026-10-01,2026-10-03,526608,Od czwartku,2026-10-01,2026-10-07,75,https://blix.pl/sklep/biedronka/gazetka/526608/?pageNumber=75,https://imgproxy.blix.pl/product_occurrence//61261795-c943-475d-97c6-c015b58357d8.jpg,2026-10-01
01a0f31e-999d-7ad8-a576-68f5a0b96feb,Biedronka,Snacki dla kota Kitty 8-pak 5 g,Kitty,3.29,,2026-10-01,2026-10-03,526608,Od czwartku,2026-10-01,2026-10-07,75,https://blix.pl/sklep/biedronka/gazetka/526608/?pageNumber=75,https://imgproxy.blix.pl/product_occurrence//348fb094-13f3-4924-854f-3a47c415ff0d.jpg,2026-10-01
01a0f31e-999d-7a58-a576-68f5a02a3286,Biedronka,Karma dla kota Whiskas,Whiskas,,,2026-10-01,2026-10-03,526608,Od czwartku,2026-10-01,2026-10-07,75,https://blix.pl/sklep/biedronka/gazetka/526608/?pageNumber=75,https://imgproxy.blix.pl/product_occurrence//32f3c8d0-8a8c-4024-b95f-6ec2088afc2b.jpg,2026-10-01
01a0f31e-999d-7cd0-a576-68f5a34daeb8,Biedronka,Karma dla kota Maxi Natural,Maxi Natural,,,2026-10-01,2026-10-03,526608,Od czwartku,2026-10-01,2026-10-07,75,https://blix.pl/sklep/biedronka/gazetka/526608/?pageNumber=75,https://imgproxy.blix.pl/product_occurrence//9e61690c-ba32-4c86-8ff8-04aa3494ff23.jpg,2026-10-01
01a0f31e-999d-7c54-a576-68f5a2a17804,Biedronka,Karma dla kota Kitty Excellence 40-pak 85 g,Kitty,35.60,,2026-10-01,2026-10-03,526608,Od czwartku,2026-10-01,2026-10-07,75,https://blix.pl/sklep/biedronka/gazetka/526608/?pageNumber=75,https://imgproxy.blix.pl/product_occurrence//39f697cc-d7ca-4701-a7c3-24d33e3218e9.jpg,2026-10-01
01a0f31e-999d-7d94-a576-68f5a40aff17,Biedronka,Karma dla kota Maxi Natural,Maxi Natural,6.49,,2026-10-01,2026-10-03,526608,Od czwartku,2026-10-01,2026-10-07,75,https://blix.pl/sklep/biedronka/gazetka/526608/?pageNumber=75,https://imgproxy.blix.pl/product_occurrence//ff946984-8234-4f77-897b-c92805ff36db.jpg,2026-10-01
01a0f31e-999d-7e2c-a576-68f5a4967884,Biedronka,Karma dla kota Maxi Natural,Maxi Natural,,,2026-10-01,2026-10-03,526608,Od czwartku,2026-10-01,2026-10-07,75,https://blix.pl/sklep/biedronka/gazetka/526608/?pageNumber=75,https://imgproxy.blix.pl/product_occurrence//bde4190b-9963-4966-9443-440027f73bd2.jpg,2026-10-01
01a0f31e-999d-7f64-a576-68f5a5816a25,Biedronka,Żwirek dla kota kukurydziany Kitty,Kitty,14.99,,2026-10-01,2026-10-03,526608,Od czwartku,2026-10-01,2026-10-07,75,https://blix.pl/sklep/biedronka/gazetka/526608/?pageNumber=75,https://imgproxy.blix.pl/product_occurrence//ba94fba8-0708-4bf5-aff1-a8942505ec4c.jpg,2026-10-01
01a0f31e-999d-7e9c-a576-68f5a498f71c,Biedronka,Sucha karma dla kota Sterile Kitty,Kitty,9.99,,2026-10-01,2026-10-03,526608,Od czwartku,2026-10-01,2026-10-07,75,https://blix.pl/sklep/biedronka/gazetka/526608/?pageNumber=75,https://imgproxy.blix.pl/product_occurrence//484790b7-29c4-46d0-887d-0cb9aec96794.jpg,2026-10-01
01a0f31e-999d-7f00-a576-68f5a51a82d3,Biedronka,Żwirek bentonitowy Kitty o zapachu lawendowym,Kitty,11.99,,2026-10-01,2026-10-03,526608,Od czwartku,2026-10-01,2026-10-07,75,https://blix.pl/sklep/biedronka/gazetka/526608/?pageNumber=75,https://imgproxy.blix.pl/product_occurrence//91ce67e5-07b2-4c91-b5d6-c2d072b586c6.jpg,2026-10-01
01a0f31e-9a79-79a8-bbf5-c369ea45f77d,Biedronka,Róża,Biedronka,12.99,,2026-10-01,2026-10-07,526608,Od czwartku,2026-10-01,2026-10-07,76,https://blix.pl/sklep/biedronka/gazetka/526608/?pageNumber=76,https://imgproxy.blix.pl/product_occurrence//3030abd8-3350-4936-b3a2-9add840fdcf6.jpg,2026-10-01
01a0f31e-9a79-7878-bbf5-c369e998b5f3,Biedronka,Anturium,Biedronka,31.99,,2026-10-01,2026-10-07,526608,Od czwartku,2026-10-01,2026-10-07,76,https://blix.pl/sklep/biedronka/gazetka/526608/?pageNumber=76,https://imgproxy.blix.pl/product_occurrence//ff0ba1d1-3167-4435-b7db-feb479419f49.jpg,2026-10-01
01a0f31e-9a79-7a74-bbf5-c369ebac3333,Biedronka,Wrzosiec,Biedronka,9.99,,2026-10-01,2026-10-07,526608,Od czwartku,2026-10-01,2026-10-07,76,https://blix.pl/sklep/biedronka/gazetka/526608/?pageNumber=76,https://imgproxy.blix.pl/product_occurrence//a33c0c11-5933-4552-909e-db2413467849.jpg,2026-10-01
01a0f31e-9a79-7744-bbf5-c369e8be62ae,Biedronka,Skrzydłokwiat,Biedronka,31.99,,2026-10-01,2026-10-07,526608,Od czwartku,2026-10-01,2026-10-07,76,https://blix.pl/sklep/biedronka/gazetka/526608/?pageNumber=76,https://imgproxy.blix.pl/product_occurrence//d2f9444f-d78a-4335-b565-3f3bb32543f6.jpg,2026-10-01
01a0f31e-9a79-791c-bbf5-c369e9c56ea7,Biedronka,Storczyk malowany,Biedronka,59.99,,2026-10-01,2026-10-07,526608,Od czwartku,2026-10-01,2026-10-07,76,https://blix.pl/sklep/biedronka/gazetka/526608/?pageNumber=76,https://imgproxy.blix.pl/product_occurrence//a9cbf073-899c-4bc8-8fad-0cc941abd85d.jpg,2026-10-01
01a0f31e-9a79-7a18-bbf5-c369eb072b78,Biedronka,Wrzos pączkowy,Biedronka,5.99,,2026-10-01,2026-10-07,526608,Od czwartku,2026-10-01,2026-10-07,76,https://blix.pl/sklep/biedronka/gazetka/526608/?pageNumber=76,https://imgproxy.blix.pl/product_occurrence//8dd5544b-fb75-412c-bfd2-f79309407af2.jpg,2026-10-01
01a0f31e-9a79-7acc-bbf5-c369ec54a92b,Biedronka,Monstera Monkey Mask,Biedronka,14.99,,2026-10-01,2026-10-07,526608,Od czwartku,2026-10-01,2026-10-07,76,https://blix.pl/sklep/biedronka/gazetka/526608/?pageNumber=76,https://imgproxy.blix.pl/product_occurrence//385d4fd9-578b-46b9-8480-f6af8a5f03e6.jpg,2026-10-01
01a0f31f-3ed0-74ed-bc51-8ab11bacf294,Biedronka,Znicz z wkładem parafinowym,Biedronka,3.99,,2026-10-01,2026-10-03,526608,Od czwartku,2026-10-01,2026-10-07,77,https://blix.pl/sklep/biedronka/gazetka/526608/?pageNumber=77,https://imgproxy.blix.pl/product_occurrence//5855c4c7-8314-40fa-af62-5e444ff329fe.jpg,2026-10-01
01a0f31f-3ed0-75b9-bc51-8ab11c21650a,Biedronka,Znicz kula z wkładem parafinowym,Biedronka,,,2026-10-01,2026-10-03,526608,Od czwartku,2026-10-01,2026-10-07,77,https://blix.pl/sklep/biedronka/gazetka/526608/?pageNumber=77,https://imgproxy.blix.pl/product_occurrence//f865fd14-3ff0-4b07-a1ab-dbdbd0b91463.jpg,2026-10-01
01a0f31f-3ed0-7625-bc51-8ab11c5e9f08,Biedronka,Znicz z wkładem parafinowym,Biedronka,6.99,,2026-10-01,2026-10-03,526608,Od czwartku,2026-10-01,2026-10-07,77,https://blix.pl/sklep/biedronka/gazetka/526608/?pageNumber=77,https://imgproxy.blix.pl/product_occurrence//16bf11e8-a3af-4631-b1f4-494edf41ede2.jpg,2026-10-01
01a0f31f-3ed0-7685-bc51-8ab11cfa4106,Biedronka,Znicz z aplikacją wkład parafinowy,Biedronka,11.99,,2026-10-01,2026-10-03,526608,Od czwartku,2026-10-01,2026-10-07,77,https://blix.pl/sklep/biedronka/gazetka/526608/?pageNumber=77,https://imgproxy.blix.pl/product_occurrence//8e4cc028-4558-49a9-937f-dbdbe246a515.jpg,2026-10-01
01a0f31f-3ed0-7745-bc51-8ab11d2cfd56,Biedronka,Znicz z wkładem parafinowym,Biedronka,19.99,,2026-10-01,2026-10-03,526608,Od czwartku,2026-10-01,2026-10-07,77,https://blix.pl/sklep/biedronka/gazetka/526608/?pageNumber=77,https://imgproxy.blix.pl/product_occurrence//45ab3488-316a-4f2d-97bb-186cb1eea10d.jpg,2026-10-01
01a0f31f-3ed0-77a1-bc51-8ab11e26d14c,Biedronka,Znicz z wkładem parafinowym kapliczka,Biedronka,,,2026-10-01,2026-10-03,526608,Od czwartku,2026-10-01,2026-10-07,77,https://blix.pl/sklep/biedronka/gazetka/526608/?pageNumber=77,https://imgproxy.blix.pl/product_occurrence//50d599b6-e977-4016-928e-a64191cb20c4.jpg,2026-10-01
01a0f31f-3ed0-77fd-bc51-8ab11e4221ff,Biedronka,Wkład parafinowy do zniczy Lumia,Lumia,,,2026-10-01,2026-10-03,526608,Od czwartku,2026-10-01,2026-10-07,77,https://blix.pl/sklep/biedronka/gazetka/526608/?pageNumber=77,https://imgproxy.blix.pl/product_occurrence//7db32d51-a991-4d43-b787-00905f3013c5.jpg,2026-10-01
01a0f31f-3ed0-7851-bc51-8ab11e8ff8a8,Biedronka,Wkłady zalewane do zniczy Lumia 4-pak,Lumia,,,2026-10-01,2026-10-03,526608,Od czwartku,2026-10-01,2026-10-07,77,https://blix.pl/sklep/biedronka/gazetka/526608/?pageNumber=77,https://imgproxy.blix.pl/product_occurrence//d81256bf-6598-4196-b35b-dfca2f465172.jpg,2026-10-01
01a0f31f-3ed0-78b1-bc51-8ab11f70388d,Biedronka,Wkłady zalewane do zniczy Lumia 3-pak,Lumia,,,2026-10-01,2026-10-03,526608,Od czwartku,2026-10-01,2026-10-07,77,https://blix.pl/sklep/biedronka/gazetka/526608/?pageNumber=77,https://imgproxy.blix.pl/product_occurrence//fbed6cb8-da29-4a09-8794-27789e288419.jpg,2026-10-01
01a0f31f-3ed0-790d-bc51-8ab12066a995,Biedronka,"Świeczki, latarenki i wkłady LED Cortina",Cortina,,,2026-10-01,2026-10-03,526608,Od czwartku,2026-10-01,2026-10-07,77,https://blix.pl/sklep/biedronka/gazetka/526608/?pageNumber=77,https://imgproxy.blix.pl/product_occurrence//7b84d785-6c65-4fae-b9d2-dcb47dbce70b.jpg,2026-10-01
01a0f31f-3ed0-7969-bc51-8ab120d07b25,Biedronka,Bukiety sztucznych kwiatów i kompozycje nagrobne Jumi,Jumi,,,2026-10-01,2026-10-03,526608,Od czwartku,2026-10-01,2026-10-07,77,https://blix.pl/sklep/biedronka/gazetka/526608/?pageNumber=77,https://imgproxy.blix.pl/product_occurrence//edf7e487-065f-4df0-8fe6-17397a1e0f55.jpg,2026-10-01
01a0f31f-3fb1-7776-bcc8-f88cf2984e3c,Biedronka,Mata do suszenia naczyń 60x40 cm,Biedronka,9.99,,2026-10-01,2026-10-07,526608,Od czwartku,2026-10-01,2026-10-07,78,https://blix.pl/sklep/biedronka/gazetka/526608/?pageNumber=78,https://imgproxy.blix.pl/product_occurrence//a808ae56-acaf-4943-81f0-250c2fc72126.jpg,2026-10-01
01a0f31f-3fb1-76de-bcc8-f88cf19f77bd,Biedronka,"Szklany pojemnik na żywność prostokątny o poj. 1,04 l Smukee",Smukee,19.99,,2026-10-01,2026-10-07,526608,Od czwartku,2026-10-01,2026-10-07,78,https://blix.pl/sklep/biedronka/gazetka/526608/?pageNumber=78,https://imgproxy.blix.pl/product_occurrence//b2917a8b-e019-4eca-bc6c-32f37630c08f.jpg,2026-10-01
01a0f31f-3fb1-7806-bcc8-f88cf2ef5acc,Biedronka,Antypoślizgowa mata do szuflad i szafek 150x50 cm,Biedronka,9.99,,2026-10-01,2026-10-07,526608,Od czwartku,2026-10-01,2026-10-07,78,https://blix.pl/sklep/biedronka/gazetka/526608/?pageNumber=78,https://imgproxy.blix.pl/product_occurrence//bff1318d-ca0d-473d-9c32-a6b1b926fe74.jpg,2026-10-01
01a0f31f-3fb1-75ee-bcc8-f88cf0a4f7e5,Biedronka,Szklany pojemnik na żywność okrągły o poj. 950 ml Smukee,Smukee,19.99,,2026-10-01,2026-10-07,526608,Od czwartku,2026-10-01,2026-10-07,78,https://blix.pl/sklep/biedronka/gazetka/526608/?pageNumber=78,https://imgproxy.blix.pl/product_occurrence//948896d5-7cf7-4518-89a8-0c2d29a27999.jpg,2026-10-01
01a0f31f-3fb1-789a-bcc8-f88cf32b2356,Biedronka,2 maty do szuflad i szafek 47x29 cm,Biedronka,9.99,,2026-10-01,2026-10-07,526608,Od czwartku,2026-10-01,2026-10-07,78,https://blix.pl/sklep/biedronka/gazetka/526608/?pageNumber=78,https://imgproxy.blix.pl/product_occurrence//498c6ade-e555-44c1-a362-08965b751cb7.jpg,2026-10-01
01a0f31f-3fb1-7aae-bcc8-f88cf48516f7,Biedronka,36 przekładek do talerzy i miseczek,Biedronka,9.99,,2026-10-01,2026-10-07,526608,Od czwartku,2026-10-01,2026-10-07,78,https://blix.pl/sklep/biedronka/gazetka/526608/?pageNumber=78,https://imgproxy.blix.pl/product_occurrence//9c44f2c1-9a6d-44af-99d1-4765d84b565c.jpg,2026-10-01
01a0f31f-3fb1-74a6-bcc8-f88cf0901c77,Biedronka,Szklany pojemnik na żywność kwadratowy o poj. 800 ml Smukee,Smukee,19.99,,2026-10-01,2026-10-07,526608,Od czwartku,2026-10-01,2026-10-07,78,https://blix.pl/sklep/biedronka/gazetka/526608/?pageNumber=78,https://imgproxy.blix.pl/product_occurrence//3371fc44-5a5d-41fc-b1cb-6da5b4d92a8f.jpg,2026-10-01
01a0f31f-3fb1-79be-bcc8-f88cf3a1b072,Biedronka,5 przekładek do patelni i garnków,Biedronka,9.99,,2026-10-01,2026-10-07,526608,Od czwartku,2026-10-01,2026-10-07,78,https://blix.pl/sklep/biedronka/gazetka/526608/?pageNumber=78,https://imgproxy.blix.pl/product_occurrence//dbde6618-066b-4ec8-8dc5-4d030580d875.jpg,2026-10-01
01a0f31f-4078-7229-825b-c5925d5185d6,Biedronka,Poduszka dekoracyjna 40 cm,Biedronka,24.99,,2026-10-01,2026-10-14,526608,Od czwartku,2026-10-01,2026-10-07,79,https://blix.pl/sklep/biedronka/gazetka/526608/?pageNumber=79,https://imgproxy.blix.pl/product_occurrence//b16f9b17-e374-4426-b4e0-2664675ad548.jpg,2026-10-01
01a0f31f-4078-72ed-825b-c5925e4c956f,Biedronka,Koc z kapturem 120x150 cm,Biedronka,59.90,,2026-10-01,2026-10-14,526608,Od czwartku,2026-10-01,2026-10-07,79,https://blix.pl/sklep/biedronka/gazetka/526608/?pageNumber=79,https://imgproxy.blix.pl/product_occurrence//1cff600d-4ef7-485d-a352-ee8b4336880a.jpg,2026-10-01
01a0f31f-40f0-7924-9177-743c20c6b502,Biedronka,Zupa koperkowa Biedronka,Biedronka,6.29,,2026-10-01,2026-10-07,526608,Od czwartku,2026-10-01,2026-10-07,80,https://blix.pl/sklep/biedronka/gazetka/526608/?pageNumber=80,https://imgproxy.blix.pl/product_occurrence//8fd69547-30b9-4262-bbd7-f02f6109baba.jpg,2026-10-01
01a0f31f-4166-7473-9d03-b3c72b2c2ea4,Biedronka,Schiacciata,Biedronka,1.99,,2026-10-01,2026-10-03,526608,Od czwartku,2026-10-01,2026-10-07,81,https://blix.pl/sklep/biedronka/gazetka/526608/?pageNumber=81,https://imgproxy.blix.pl/product_occurrence//df217680-4dad-4697-9c14-648aa8326195.jpg,2026-10-01
01a0f31f-b555-7e00-a7ca-93cc1cde10eb,Biedronka,Płyn do prania Perwoll 40 prań,Perwoll,31.99,,2026-10-01,2026-10-07,526608,Od czwartku,2026-10-01,2026-10-07,82,https://blix.pl/sklep/biedronka/gazetka/526608/?pageNumber=82,https://imgproxy.blix.pl/product_occurrence//8a372973-d4c1-4a16-aab2-99b6e18c6c21.jpg,2026-10-01
01a0f31f-b607-7c84-b595-202ef524b2f0,Biedronka,Pierogi ruskie Nasze Smaki,Nasze Smaki,5.49,,2026-10-01,2026-10-07,526608,Od czwartku,2026-10-01,2026-10-07,84,https://blix.pl/sklep/biedronka/gazetka/526608/?pageNumber=84,https://imgproxy.blix.pl/product_occurrence//ed45948c-4098-425e-8821-776eea1dd7f0.jpg,2026-10-01
01a0f31f-b6b6-7d89-b96b-f845445e43c4,Biedronka,Naleśniki z jabłkiem i cynamonem Nasze Smaki,Nasze Smaki,5.49,,2026-10-01,2026-10-07,526608,Od czwartku,2026-10-01,2026-10-07,86,https://blix.pl/sklep/biedronka/gazetka/526608/?pageNumber=86,https://imgproxy.blix.pl/product_occurrence//b45d2a61-b8d0-4773-a39f-dfe838a45ea4.jpg,2026-10-01
01a0f320-2ccb-74ac-aa45-c8ff6d3b6978,Biedronka,Margaryna MR,Mr,5.49,,2026-10-01,2026-10-07,526608,Od czwartku,2026-10-01,2026-10-07,87,https://blix.pl/sklep/biedronka/gazetka/526608/?pageNumber=87,https://imgproxy.blix.pl/product_occurrence//6b077b7a-1e7b-4bb2-99dc-57d10f9687dc.jpg,2026-10-01
01a0f320-2d36-799c-8f50-ed895e78095b,Biedronka,Pizza Donatello z kurczakiem,Donatello,8.99,,2026-10-01,2026-10-07,526608,Od czwartku,2026-10-01,2026-10-07,88,https://blix.pl/sklep/biedronka/gazetka/526608/?pageNumber=88,https://imgproxy.blix.pl/product_occurrence//5ac1ffaf-d1df-4c93-af7d-778592313b16.jpg,2026-10-01
01a0f320-2d91-79f3-b040-243cea3bb575,Biedronka,Pizza Donatello Capriciosa,Donatello,8.99,,2026-10-01,2026-10-07,526608,Od czwartku,2026-10-01,2026-10-07,89,https://blix.pl/sklep/biedronka/gazetka/526608/?pageNumber=89,https://imgproxy.blix.pl/product_occurrence//135c84d1-c88f-49af-ab20-3eb540cf2d20.jpg,2026-10-01
01a0f320-2dff-7b2f-9f6d-90944aa6c59b,Biedronka,Płatki kukurydziane Vitanella,Vitanella,4.39,,2026-10-01,2026-10-07,526608,Od czwartku,2026-10-01,2026-10-07,90,https://blix.pl/sklep/biedronka/gazetka/526608/?pageNumber=90,https://imgproxy.blix.pl/product_occurrence//bf8f0f86-d7db-4aeb-b8ab-1fa8abecff5d.jpg,2026-10-01
01a0f320-2e63-78b3-989c-77e43a986e37,Biedronka,Napój o smaku jabłka i maliny Kubuś Play,Kubuś,2.29,,2026-10-01,2026-10-07,526608,Od czwartku,2026-10-01,2026-10-07,91,https://blix.pl/sklep/biedronka/gazetka/526608/?pageNumber=91,https://imgproxy.blix.pl/product_occurrence//d6082653-4821-4eba-b541-411538cd04bd.jpg,2026-10-01
01a0f320-a858-7bfe-b2e5-135459e6c235,Biedronka,Bułka śniadaniowa,Biedronka,0.95,,2026-10-01,2026-10-07,526608,Od czwartku,2026-10-01,2026-10-07,92,https://blix.pl/sklep/biedronka/gazetka/526608/?pageNumber=92,https://imgproxy.blix.pl/product_occurrence//9c632aa4-719c-4f0a-a299-a44400ca6809.jpg,2026-10-01
01a0f320-a8c2-7890-a313-7f71bdd0389b,Biedronka,Chleb żytni 100% bez dodatku drożdży,Biedronka,2.99,,2026-10-01,2026-10-07,526608,Od czwartku,2026-10-01,2026-10-07,93,https://blix.pl/sklep/biedronka/gazetka/526608/?pageNumber=93,https://imgproxy.blix.pl/product_occurrence//247db2cd-6917-4206-a88d-aee5cf88f22a.jpg,2026-10-01
01a0f320-a927-77c6-8355-50aa820bea7c,Biedronka,Croissant francuski Bridor,Bridor,1.49,,2026-10-01,2026-10-07,526608,Od czwartku,2026-10-01,2026-10-07,94,https://blix.pl/sklep/biedronka/gazetka/526608/?pageNumber=94,https://imgproxy.blix.pl/product_occurrence//e64fcd28-4a4d-44c8-8bce-e60f87deb9ea.jpg,2026-10-01
01a0f31a-5a8d-7745-acb4-db1ca7e5f9d6,Biedronka,Płyn do prania Ariel Color,Ariel,39.99,,2026-10-01,2026-10-03,526614,Gang zaradniaków,2026-09-28,2026-10-03,3,https://blix.pl/sklep/biedronka/gazetka/526614/?pageNumber=3,https://imgproxy.blix.pl/product_occurrence//6d1f69ce-faf4-40f2-b652-d5a5730234c3.jpg,2026-10-01
01a0f31a-5b1b-7ec1-a730-6b3f471183da,Biedronka,Jogurt wysokobiałkowy Bakoma x KSW truskawka-malina,Bakoma,6.99,,2026-10-01,2026-10-03,526614,Gang zaradniaków,2026-09-28,2026-10-03,5,https://blix.pl/sklep/biedronka/gazetka/526614/?pageNumber=5,https://imgproxy.blix.pl/product_occurrence//5827cebe-a8cf-4d37-9102-07bd12f38be2.jpg,2026-10-01
01a0f31a-5b1b-7e65-a730-6b3f46d9afd2,Biedronka,Jogurt wysokobiałkowy Bakoma x KSW gruszka z nutą karmelu,Bakoma,6.99,,2026-10-01,2026-10-03,526614,Gang zaradniaków,2026-09-28,2026-10-03,5,https://blix.pl/sklep/biedronka/gazetka/526614/?pageNumber=5,https://imgproxy.blix.pl/product_occurrence//a7ce74e7-18c0-497b-8c0e-9e19c8c6c4bb.jpg,2026-10-01
01a0f31a-5b1b-7dad-a730-6b3f46aeb31b,Biedronka,Jogurt wysokobiałkowy Bakoma x KSW banan-cytryna,Bakoma,6.99,,2026-10-01,2026-10-03,526614,Gang zaradniaków,2026-09-28,2026-10-03,5,https://blix.pl/sklep/biedronka/gazetka/526614/?pageNumber=5,https://imgproxy.blix.pl/product_occurrence//964d7589-f5ac-4d24-8b56-2251167dc5d1.jpg,2026-10-01
01a0f31a-5b1b-7d55-a730-6b3f463aeaee,Biedronka,Schab jak u dziadka Sokołów,Sokołów,9.99,,2026-10-01,2026-10-03,526614,Gang zaradniaków,2026-09-28,2026-10-03,5,https://blix.pl/sklep/biedronka/gazetka/526614/?pageNumber=5,https://imgproxy.blix.pl/product_occurrence//e9c791f3-092c-453a-93de-fbaa36f25525.jpg,2026-10-01
01a0f31a-5b1b-7cf9-a730-6b3f45bf820e,Biedronka,Szynka jak u dziadka Sokołów,Sokołów,9.99,,2026-10-01,2026-10-03,526614,Gang zaradniaków,2026-09-28,2026-10-03,5,https://blix.pl/sklep/biedronka/gazetka/526614/?pageNumber=5,https://imgproxy.blix.pl/product_occurrence//1e174a97-a907-43ae-a75c-fea4335582b5.jpg,2026-10-01
01a0f31a-5b1b-7c95-a730-6b3f455a9d82,Biedronka,Śledzik na raz w oleju z cebulką Lisner,Lisner,2.80,,2026-10-01,2026-10-03,526614,Gang zaradniaków,2026-09-28,2026-10-03,5,https://blix.pl/sklep/biedronka/gazetka/526614/?pageNumber=5,https://imgproxy.blix.pl/product_occurrence//721ba2c6-5ca0-44f4-8200-0a574d534368.jpg,2026-10-01
01a0f31a-5b1b-7b49-a730-6b3f43fc34e9,Biedronka,Śledzik na raz w oleju z suszonymi pomidorami Lisner,Lisner,2.80,,2026-10-01,2026-10-03,526614,Gang zaradniaków,2026-09-28,2026-10-03,5,https://blix.pl/sklep/biedronka/gazetka/526614/?pageNumber=5,https://imgproxy.blix.pl/product_occurrence//61690550-223c-4941-86fb-acc77a096e42.jpg,2026-10-01
01a0f31a-5b1b-7c1d-a730-6b3f44c4f3bf,Biedronka,Śledzik na raz w sosie grzybowym kurki Lisner,Lisner,2.80,,2026-10-01,2026-10-03,526614,Gang zaradniaków,2026-09-28,2026-10-03,5,https://blix.pl/sklep/biedronka/gazetka/526614/?pageNumber=5,https://imgproxy.blix.pl/product_occurrence//2422b901-b312-4bf6-8865-9f29126142be.jpg,2026-10-01
01a0f31a-5b04-73a8-b7d6-30e11a933729,Biedronka,Kapsułki Somat 4w1,Somat,29.99,,2026-10-01,2026-10-03,526614,Gang zaradniaków,2026-09-28,2026-10-03,4,https://blix.pl/sklep/biedronka/gazetka/526614/?pageNumber=4,https://imgproxy.blix.pl/product_occurrence//092ba6e9-72e4-44fa-9385-1219242dab19.jpg,2026-10-01
01a0f31a-5a6a-75b9-b9fc-093ce9ee215e,Biedronka,Sucha karma dla psa z wołowiną i warzywami Pedigree,Pedigree,,,2026-10-01,2026-10-03,526614,Gang zaradniaków,2026-09-28,2026-10-03,2,https://blix.pl/sklep/biedronka/gazetka/526614/?pageNumber=2,https://imgproxy.blix.pl/product_occurrence//32c466dc-ccdd-494e-8e79-483eac72a73b.jpg,2026-10-01
01a0f31a-5a8d-76e5-acb4-db1ca71edfe4,Biedronka,Margaryna Optima Cardio active,Optima,9.99,,2026-10-01,2026-10-03,526614,Gang zaradniaków,2026-09-28,2026-10-03,3,https://blix.pl/sklep/biedronka/gazetka/526614/?pageNumber=3,https://imgproxy.blix.pl/product_occurrence//020a3645-3fcc-4f21-9781-b03d6048ec26.jpg,2026-10-01
01a0f31a-5a8d-7689-acb4-db1ca70a809f,Biedronka,Jogurt Nestle Nesquik,Nestle,3.49,,2026-10-01,2026-10-03,526614,Gang zaradniaków,2026-09-28,2026-10-03,3,https://blix.pl/sklep/biedronka/gazetka/526614/?pageNumber=3,https://imgproxy.blix.pl/product_occurrence//fb995b23-87a7-4f5c-a425-f77db6c78e95.jpg,2026-10-01
01a0f31a-5a8d-762d-acb4-db1ca6332c2c,Biedronka,Jogurt Nestle Kit Kat,Nestle,3.49,,2026-10-01,2026-10-03,526614,Gang zaradniaków,2026-09-28,2026-10-03,3,https://blix.pl/sklep/biedronka/gazetka/526614/?pageNumber=3,https://imgproxy.blix.pl/product_occurrence//4c13f4f4-918f-4e6c-8701-293eac0a1a08.jpg,2026-10-01
01a0f31a-5a8d-75bd-acb4-db1ca5f88933,Biedronka,Sałatka gyros z kurczakiem Lisner,Lisner,7.99,,2026-10-01,2026-10-03,526614,Gang zaradniaków,2026-09-28,2026-10-03,3,https://blix.pl/sklep/biedronka/gazetka/526614/?pageNumber=3,https://imgproxy.blix.pl/product_occurrence//16cc3bef-82a3-4f33-896a-d417d5e5339b.jpg,2026-10-01
01a0f31a-5a8d-7565-acb4-db1ca540079f,Biedronka,Sałatka warzywno-jajeczna z kurkami Lisner,Lisner,7.99,,2026-10-01,2026-10-03,526614,Gang zaradniaków,2026-09-28,2026-10-03,3,https://blix.pl/sklep/biedronka/gazetka/526614/?pageNumber=3,https://imgproxy.blix.pl/product_occurrence//f76055cc-4c1d-4fb0-b9d5-8be919775afb.jpg,2026-10-01
01a0f31a-5a8d-7481-acb4-db1ca3fba0da,Biedronka,Parówki Krakus,Krakus,6.49,,2026-10-01,2026-10-03,526614,Gang zaradniaków,2026-09-28,2026-10-03,3,https://blix.pl/sklep/biedronka/gazetka/526614/?pageNumber=3,https://imgproxy.blix.pl/product_occurrence//d89fadcc-d9d0-446e-802b-c67c21b5b287.jpg,2026-10-01
01a0f31a-5a8d-73d1-acb4-db1ca3cdd32c,Biedronka,Kiełbasa sucha krakowska z szynki Olewnik,Olewnik,7.59,,2026-10-01,2026-10-03,526614,Gang zaradniaków,2026-09-28,2026-10-03,3,https://blix.pl/sklep/biedronka/gazetka/526614/?pageNumber=3,https://imgproxy.blix.pl/product_occurrence//99237bba-1ad1-4bed-979f-32466063a538.jpg,2026-10-01
01a0f31a-5a8d-74fd-acb4-db1ca45feadb,Biedronka,Parówki Gryzzale Tarczyński,Tarczyński,5.99,,2026-10-01,2026-10-03,526614,Gang zaradniaków,2026-09-28,2026-10-03,3,https://blix.pl/sklep/biedronka/gazetka/526614/?pageNumber=3,https://imgproxy.blix.pl/product_occurrence//3e6257d8-f150-4116-90ba-3eaeed214662.jpg,2026-10-01
01a0f31a-5a8d-72dd-acb4-db1ca2ef1def,Biedronka,Filet pieczony z kurczaka Duda,Duda,7.99,,2026-10-01,2026-10-03,526614,Gang zaradniaków,2026-09-28,2026-10-03,3,https://blix.pl/sklep/biedronka/gazetka/526614/?pageNumber=3,https://imgproxy.blix.pl/product_occurrence//7c6b06ab-460e-4099-88e0-30daf2b29d41.jpg,2026-10-01
